Date,company_price,benchmark_price,company_return,benchmark_return,abnormal_return,company_cumulative_return,benchmark_cumulative_return,cumulative_abnormal_return
2025-01-02,595.0108642578125,20024.66015625,0.0,0.0,0.0,0.0,0.0,0.0
2025-01-03,606.4381713867188,19906.080078125,0.019205207527025703,-0.005921702400926376,0.02512690992795208,0.019205207527025703,-0.005921702400926376,0.02512690992795208
2025-01-06,597.3751831054688,20216.189453125,-0.014944620422764676,0.015578625916449651,-0.030523246339214327,0.003973572567629313,0.009564671529030733,-0.005396336411262248
2025-01-07,607.8173828125,20340.5703125,0.01748013644079971,0.0061525372851991555,0.011327599155600554,0.021523167599068582,0.01577605581243291,0.005931262744338306
2025-01-08,639.1441040039062,20329.939453125,0.05153969280452442,-0.0005226431320102254,0.05206233593653464,0.07417215784982933,0.015245167433202145,0.05799359868087295
2025-01-09,639.5381469726562,20317.099609375,0.0006165166294760382,-0.0006315731426355109,0.0012480897721115491,0.07483440284806386,0.014603965852260758,0.0592416884529845
2025-01-10,640.3262939453125,20214.7890625,0.0012323689781243985,-0.00503568663057552,0.006268055608699918,0.07615899542275462,0.009494738226089705,0.06550974406168442
2025-01-13,635.2036743164062,20132.849609375,-0.008000014488462881,-0.004053440917521356,-0.003946573570941525,0.06754970786748293,0.005402810948141656,0.06156317049074289
2025-01-14,645.2518310546875,20271.330078125,0.015818795048839762,0.0068783342366753875,0.008940460812164375,0.08443705790068745,0.012318307524335825,0.07050363130290727
2025-01-15,646.6310424804688,20574.6796875,0.0021374777403218026,0.01496446499592774,-0.012826987255605937,0.08675501797273033,0.027467109402020462,0.05767664404730133
2025-01-16,675.7904663085938,20655.390625,0.04509437671948113,0.003922828385466204,0.04117154833401493,0.13576155815497915,0.031497686543915604,0.09884819238131626
2025-01-17,684.0654907226562,20903.390625,0.012244955835591487,0.01200655095333003,0.00023840488226145595,0.14966890827434942,0.043882416075647246,0.09908659726357771
2025-01-20,682.09521484375,20990.310546875,-0.0028802445169757718,0.004158173352558636,-0.007038417869534408,0.14635758070495464,0.04822306012137756,0.0920481793940433
2025-01-21,694.9017333984375,21042.0,0.018775265206370184,0.002462538751371479,0.016312726454998705,0.167880748304023,0.05080435002700767,0.10836090584904201
2025-01-22,707.1171875,21254.26953125,0.01757867841518035,0.010087897122421863,0.007490781292758486,0.18841054840573968,0.06140475620587349,0.1158516871418005
2025-01-23,722.6820678710938,21411.529296875,0.02201174097623504,0.007398972963704065,0.014612768012530974,0.21456953357067232,0.06925806130058776,0.13046445515433147
2025-01-24,720.7117919921875,21394.9296875,-0.002726338408686968,-0.0007752650053549637,-0.0019510734033320043,0.21125820600127754,0.06842910294396765,0.12851338175099947
2025-01-27,712.4368286132812,21282.1796875,-0.0114816539299748,-0.005269940198301959,-0.006211713731672841,0.19735095846012873,0.06279854546532748,0.12230166801932663
2025-01-28,721.3029174804688,21430.580078125,0.012444736868032047,0.006972988331273244,0.005471748536758803,0.21225167607685091,0.07020942732135138,0.12777341655608543
2025-01-29,731.3511352539062,21637.529296875,0.013930649010177598,0.009656725016101708,0.00427392399407589,0.22913912868827713,0.08054414547063327,0.13204734055016132
2025-01-30,735.8826293945312,21727.19921875,0.006196058120634174,0.004144184885653823,0.0020518732349803503,0.23675494616797543,0.0850221201865744,0.13409921378514167
2025-01-31,744.1576538085938,21732.05078125,0.011245032948897116,0.00022329442700619317,0.011021738521890923,0.2506622962873457,0.08526439957919041,0.1451209523070326
2025-02-03,752.629638671875,21428.240234375,0.011384664015644752,-0.013979837887049373,0.025364501902694125,0.2649006663276119,0.07009257920848744,0.17048545420972672
2025-02-04,746.9159545898438,21505.69921875,-0.00759162779200917,0.0036148084736673525,-0.011206436265676523,0.2552980112749883,0.07396075893141885,0.1592790179440502
2025-02-05,737.6558227539062,21585.9296875,-0.012397823046935152,0.003730660785958184,-0.016128483832893337,0.23973504866003137,0.07796734222042212,0.14315053411115686
2025-02-06,695.8869018554688,21902.419921875,-0.05662386116942819,0.014661876461048218,-0.07128573763047641,0.16953646337783135,0.09377236622110252,0.07186479648068045
2025-02-07,712.6339111328125,21787.0,0.024065705551707506,-0.005269733768537788,0.029335439320245293,0.19768218353746758,0.08800847704773362,0.10120023580092574
2025-02-10,720.1207275390625,21911.740234375,0.010505837975558707,0.0057254433549822625,0.004780394620576445,0.21026483850392563,0.094237807952811,0.10598063042150219
2025-02-11,720.5148315429688,22037.830078125,0.0005472749066022242,0.005754442248826486,-0.0052071673422242615,0.21092718608038186,0.10053453622515796,0.10077346307927793
2025-02-12,717.1654052734375,22148.029296875,-0.004648656936538709,0.005000456867093606,-0.009649113803632314,0.2052980010171659,0.10603771170429876,0.09112434927564561
2025-02-13,745.7338256835938,22612.01953125,0.039835190320235636,0.020949504272168795,0.01888568604806684,0.25331127628028427,0.12920865347082766,0.11001003532371245
2025-02-14,804.8408813476562,22513.419921875,0.07926025832324379,-0.004360495498366923,0.08362075382161072,0.3526490517976939,0.12428474422065117,0.19363078914532317
2025-02-17,917.7352905273438,22798.08984375,0.14026922811208697,0.012644454856829856,0.12762477325525712,0.5423840901999029,0.13850071191517177,0.3212555624005803
2025-02-18,914.9769897460938,22844.5,-0.0030055516113639547,0.002035703717639503,-0.005041255329003458,0.5377483752122605,0.14081836204695275,0.31621430707157683
2025-02-19,918.9174194335938,22433.630859375,0.004306588834101177,-0.0179854731171617,0.022292061951262876,0.5443708251946069,0.12030020406479291,0.3385063690228397
2025-02-20,876.3603515625,22314.650390625,-0.046312178843366913,-0.005303665264701385,-0.04100851357866553,0.4728476473377161,0.11435850678645654,0.2974978554441742
2025-02-21,880.8919067382812,22287.560546875,0.0051708810966879515,-0.001213993644345046,0.006384874741032998,0.4804635673956361,0.11300568264169586,0.3038827301852072
2025-02-24,937.2406616210938,22425.9296875,0.06396784265104394,0.006208357363022499,0.05775948528802144,0.5751656279254034,0.11991561966661024,0.3616422154732286
2025-02-25,938.6197509765624,22410.26953125,0.0014714356855616284,-0.0006983057767602219,0.0021697414623218503,0.5774833828410029,0.11913357611991304,0.36381195693555046
2025-02-26,955.5637817382812,22794.109375,0.018052071399616176,0.017127854853095537,0.0009242165465206398,0.6059602254997567,0.13830193357292075,0.3647361734820711
2025-02-27,986.1024169921876,22550.890625,0.03195876176716639,-0.010670245807750445,0.04262900757491683,0.6572847257540482,0.12615597213826013,0.40736518105698794
2025-02-28,991.5206298828124,22551.4296875,0.005494574191544421,2.3904266530427876e-05,0.005470669925013993,0.6663907996362171,0.12618289207077305,0.41283585098200193
2025-03-03,1127.466796875,23147.01953125,0.13710876293946095,0.026410292030404126,0.11069847090905682,0.894867580748038,0.1559257111300072,0.5235343218910588
2025-03-04,1105.3016357421875,22326.810546875,-0.01965925843159877,-0.03543475579081201,0.015775497359213242,0.8576158892844539,0.11496576584379459,0.539309819250272
2025-03-05,1184.603515625,23081.029296875,0.07174682215100758,0.03378085501359562,0.03796596713741196,0.9908939261178313,0.15263026272488633,0.577275786387684
2025-03-06,1181.1556396484375,23419.48046875,-0.0029105738173867968,0.014663608261214822,-0.01757418207860162,0.9850992823832783,0.16953198136750514,0.5597016043090823
2025-03-07,1098.40576171875,23008.939453125,-0.07005840310284372,-0.01752989423368334,-0.052528508869160384,0.8460263966589048,0.14903020943122258,0.507173095439922
2025-03-10,1102.3463134765625,22620.94921875,0.003587519198412048,-0.016862586611844255,0.020450105810256303,0.8526490517976941,0.12965458800506302,0.5276232012501783
2025-03-11,1136.8253173828125,22328.76953125,0.03127783300468501,-0.012916331877789622,0.04419416488247463,0.9105958994561105,0.11506359443912184,0.5718173661326529
2025-03-12,1246.1734619140625,22676.41015625,0.09618728828364786,0.015569179686030665,0.0806181085976172,1.094370938030651,0.1324242199022958,0.6524354747302701
2025-03-13,1268.8310546875,22567.140625,0.018181732692843955,-0.004818643272770595,0.02300037596561455,1.1324502305855852,0.12696747155314103,0.6754358506958846
2025-03-14,1348.6256103515625,22986.8203125,0.06288824297708806,0.018596936779623485,0.044291306197464575,1.2665562788231992,0.14792561437430685,0.7197271568933492
2025-03-17,1347.6405029296875,23154.5703125,-0.0007304528508977892,0.007297660038207976,-0.008028112889105765,1.2649006663276126,0.15630278525716146,0.7116990440042434
2025-03-18,1423.987060546875,23380.69921875,0.05665202066219788,0.009766059278928818,0.04688596138326906,1.39321186567423,0.16759530680237344,0.7585850053875125
2025-03-19,1359.4619140625,23288.060546875,-0.04531301461376658,-0.003962185690353892,-0.041350828923412686,1.284768221431094,0.1629690773856367,0.7172341764640998
2025-03-20,1316.1168212890625,22999.150390625,-0.03188400669784763,-0.012405934606210423,-0.01947807209163721,1.2119206561559555,0.14854135906254573,0.6977561043724626
2025-03-21,1285.578125,22891.6796875,-0.023203636482019507,-0.00467281187781643,-0.018530824604203078,1.1605960533234425,0.14317444135775492,0.6792252797682595
2025-03-24,1299.8623046875,22852.66015625,0.011111094230465302,-0.001704528972214625,0.012815623202679927,1.1846026396658909,0.14122586740216536,0.6920409029709395
2025-03-25,1299.8623046875,23109.7890625,0.0,0.011251596290844823,-0.011251596290844823,1.1846026396658909,0.15406648013884383,0.6807893066800946
2025-03-26,1333.3563232421875,22839.029296875,0.025767358922482053,-0.011716236997782015,0.03748359592026407,1.2408940799851638,0.14054516374634107,0.7182729026003587
2025-03-27,1329.908447265625,22678.740234375,-0.002585862395866334,-0.007018208191621023,0.004432345795754689,1.2350994362506107,0.13254058033522287,0.7227052483961134
2025-03-28,1290.503662109375,22461.51953125,-0.029629697621117224,-0.009578164434184466,-0.020051533186932757,1.1688741158013753,0.12169292042838542,0.7026537152091806
2025-03-31,1299.3697509765625,22163.490234375,0.006870254713338575,-0.013268438783064607,0.02013869349640318,1.1837748334180977,0.1068098065802845,0.7227924087055838
2025-04-01,1333.848876953125,22539.98046875,0.02653526907998982,0.016986956043190116,0.009548313036799705,1.2417218862329569,0.1256111361128356,0.7323407217423835
2025-04-02,1277.6971435546875,22390.83984375,-0.04209752271689382,-0.006616714917156763,-0.03548080779973706,1.1473509482023068,0.11816328811760002,0.6968599139426465
2025-04-03,1332.86376953125,21717.390625,0.043176605860668404,-0.03007699681876741,0.07325360267943581,1.2400662737373702,0.08453229445802446,0.7701135166220823
2025-04-04,1257.0096435546875,20641.720703125,-0.056910636863690356,-0.04953034830237579,-0.007380288561314563,1.1125826754821029,0.030815032168343803,0.7627332280607677
2025-04-07,1225.4859619140625,19789.619140625,-0.025078313282847597,-0.04128054897918454,0.016202235696336942,1.0596026653104462,-0.01173757825556121,0.7789354637571047
2025-04-08,1295.921875,20280.259765625,0.05747590366186239,0.024792828073825435,0.03268307558803696,1.1779801896835442,0.012764242058570963,0.8116185393451416
2025-04-09,1287.0557861328125,19670.880859375,-0.0068415303717189735,-0.030047884656926094,0.02320635428520712,1.1630794720668218,-0.017667181071464144,0.8348248936303487
2025-04-10,1358.9693603515625,20562.73046875,0.055874481116958474,0.045338570029005654,0.01053591108795282,1.2839404151833,0.026870384231317823,0.8453608047183016
2025-04-11,1340.252197265625,20374.099609375,-0.013773057459585014,-0.009173434416293591,-0.004599623043291423,1.252483572610712,0.017450456107537704,0.8407611816750101
2025-04-14,1418.5689697265625,20954.830078125,0.05843435483315673,0.02850336848666335,0.029930986346493382,1.3841059969485028,0.046451221374894436,0.8706921680215035
2025-04-15,1471.7652587890625,21253.69921875,0.03749996665495492,0.014262541834543008,0.02323742482041191,1.4735098923359495,0.06137627569756243,0.8939295928419154
2025-04-16,1462.4066162109375,21311.01953125,-0.00635878753234409,0.00269695698193706,-0.00905574451428115,1.457781368471434,0.06423876185476729,0.8848738483276343
2025-04-17,1442.211669921875,21205.859375,-0.013809392042677726,-0.004934543656899937,-0.00887484838577779,1.4238409019990232,0.05898722922302979,0.8759989999418565
2025-04-22,1404.77734375,21293.529296875,-0.025956194192980564,0.004134231031370339,-0.030090425224350903,1.3609272168538475,0.06336532708790843,0.8459085747175056
2025-04-23,1362.9097900390625,21961.970703125,-0.0298036937292665,0.0313917621137656,-0.0611954558430321,1.2905628651656458,0.0967462384758786,0.7847131188744735
2025-04-24,1361.9246826171875,22064.509765625,-0.0007227972306566022,0.004668937222715108,-0.00539173445337171,1.2889072526700591,0.10186687781257131,0.7793213844211018
2025-04-25,1365.865234375,22242.44921875,0.0028933698082629355,0.008064509704277079,-0.005171139896014143,1.2955299078088487,0.11075289394151233,0.7741502445250876
2025-04-28,1319.564697265625,22271.669921875,-0.03389832023256778,0.0013137358587456127,-0.03521205609131339,1.2177152998905076,0.11221212984848883,0.7389381884337742
2025-04-29,1431.8680419921875,22425.830078125,0.08510635739139971,0.00692180500118611,0.0781845523902136,1.4064569707953645,0.11991064533125395,0.8171227408239878
2025-04-30,1476.69091796875,22496.98046875,0.0313037756706962,0.003172698195657908,0.02813107747503829,1.4817881599703258,0.12346378381499457,0.8452538182990261
2025-05-02,1552.544921875,23086.650390625,0.05136755632694645,0.02621106964528397,0.025156486681662482,1.6092715530691502,0.15291097129652353,0.8704103049806886
2025-05-05,1602.785888671875,23344.5390625,0.032360394916109314,0.011170467240224857,0.021189927675884457,1.6937086109698378,0.1657895255322872,0.8916002326565731
2025-05-06,1620.51806640625,23249.650390625,0.011063347799417311,-0.0040647053094925445,0.015128053108909856,1.7235100462032826,0.16105093465810527,0.9067282857654829
2025-05-07,1609.1890869140625,23115.9609375,-0.0069909615492971255,-0.005750170470473326,-0.0012407910788237997,1.7044700921911509,0.15437469385891878,0.9054874946866591
2025-05-08,1675.6845703125,23352.689453125,0.04132235542682916,0.01024091173475572,0.03108144369207344,1.8162251665819031,0.1661965432075636,0.9365689383787326
2025-05-09,1668.7886962890625,23499.3203125,-0.004115257814990447,0.00627897097973773,-0.010394228794728178,1.804635673956354,0.1735190574590344,0.9261747095840044
2025-05-12,1570.277099609375,23566.5390625,-0.05903179767381628,0.002860455073002477,-0.061892252746818754,1.6390729883025954,0.17687585600020816,0.8642824568371856
2025-05-13,1584.5611572265625,23638.560546875,0.00909652036620856,0.003056090849148152,0.006040429517060408,1.6630793694886008,0.18047249553431377,0.870322886354246
2025-05-14,1576.244384765625,23527.009765625,-0.005248628254585164,-0.004719017514996149,-0.0005296107395890148,1.6491018558657,0.1749018251519161,0.869793275614657
2025-05-15,1665.3536376953125,23695.58984375,0.056532637826295806,0.0071653847983397245,0.04936725302795608,1.7988625716483235,0.18332044882940113,0.9191605286426131
2025-05-16,1705.9478759765625,23767.4296875,0.0243757466056449,0.003031781197417649,0.02134396540822725,1.8670869364788465,0.18690801751668196,0.9405044940508404
2025-05-19,1735.1558837890625,23934.98046875,0.01712127798499119,0.007049596168075434,0.010071681816915756,1.9161751289254374,0.19527523972882554,0.9505761758677561
2025-05-20,1762.3837890625,24036.109375,0.0156919072965247,0.004225150982765102,0.011466756313759596,1.9619354787089662,0.20032545808264057,0.9620429321815157
2025-05-21,1777.2353515625,24122.400390625,0.008426974074642546,0.0035900575371299315,0.004836916537512614,1.9868956321988107,0.204634695540439,0.9668798487190283
2025-05-22,1752.4827880859375,23999.169921875,-0.013927566461470975,-0.005108549180615207,-0.008819017280855768,1.9452954447678845,0.19848075995359515,0.9580608314381726
2025-05-23,1765.84912109375,23629.580078125,0.00762708375721699,-0.015400109460166012,0.023027193217383002,1.9677594598148787,0.18002402506440673,0.9810880246555556
2025-05-26,1823.7701416015625,24027.650390625,0.03280066219470479,0.016846271122207268,0.01595439107249752,2.0651039353314062,0.19990302972135998,0.9970424157280531
2025-05-27,1870.3050537109373,24226.490234375,0.02551577693256335,0.008275459336114732,0.017240317596448618,2.1433124436204443,0.20983277845110004,1.0142827333245017
2025-05-28,1879.2159423828125,24038.189453125,0.004764403889191637,-0.00777251592898176,0.012536919818173398,2.158288453651774,0.20042933390918471,1.0268196531426752
2025-05-29,1859.908935546875,23933.23046875,-0.010273969265850558,-0.004366343171546827,-0.005907626094303731,2.125840295146265,0.19518784748414575,1.0209120270483716
2025-05-30,1866.3446044921875,23997.48046875,0.0034602064769477803,0.00268455192807715,0.0007756545488706301,2.1366563479814342,0.1983963913245237,1.0216876815972422
2025-06-02,1800.997802734375,23930.669921875,-0.03501325618030371,-0.0027840650589132654,-0.032229191121390444,2.0268317957199846,0.1950599778047093,0.9894584904758518
2025-06-03,1816.8394775390625,24091.619140625,0.00879605448748233,0.006725646180213207,0.0020704083072691226,2.0534559731195814,0.2030975283795573,0.9915288987831209
2025-06-04,1814.8592529296875,24276.48046875,-0.0010899282153739032,0.007673262932057279,-0.008763191147431182,2.0501279253000764,0.21232921204772182,0.9827657076356897
2025-06-05,1863.374267578125,24323.580078125,0.02673210860297881,0.0019401333498745288,0.02479197525310428,2.1316642762521765,0.2146812923830428,1.007557682888794
2025-06-06,1770.3045654296875,24304.4609375,-0.04994686454986985,-0.0007860331646736274,-0.049160831385196224,1.975247464830543,0.21372651260272102,0.9583968515035978
2025-06-09,1756.938232421875,24174.3203125,-0.0075503013825014564,-0.005354598291015922,-0.0021957030914855347,1.9527834497835488,0.20722749469257784,0.9562011484121122
2025-06-10,1654.95751953125,23987.560546875,-0.0580445635530672,-0.0077255436020855495,-0.05031901995098165,1.7813904231741424,0.19790100604469374,0.9058821284611306
2025-06-11,1702.9775390625,23948.900390625,0.02901586231944564,-0.001611675192000117,0.030627537511445757,1.8620948647495879,0.1959703787107796,0.9365096659725763
2025-06-12,1730.700439453125,23771.44921875,0.016279075768601547,-0.007409574927476181,0.02368865069607773,1.9086871239097718,0.18710874657868004,0.9601983166686541
2025-06-13,1777.7303466796875,23516.23046875,0.027173915343445154,-0.010736356359741572,0.037910271703186726,1.987727541575465,0.1743635240376451,0.9981085883718408
2025-06-16,1742.5816650390625,23699.119140625,-0.019771660930620327,0.0077771253397960205,-0.027548786270416348,1.928655205670359,0.18349669635857047,0.9705598021014245
2025-06-17,1711.3934326171875,23434.650390625,-0.017897716386896523,-0.01115943375071049,-0.006738282636186033,1.8762389654042626,0.17028954338137225,0.9638215194652384
2025-06-18,1723.769775390625,23317.810546875,0.007231734408674528,-0.004985772853549397,0.012217507262223926,1.897039161697947,0.1644547455451888,0.9760390267274623
2025-06-19,1703.9676513671875,23057.380859375,-0.011487684902092066,-0.011168702437841072,-0.0003189824642509942,1.8637588886593401,0.15144929698986265,0.9757200442632114
2025-06-20,1740.1064453125,23350.55078125,0.021208615032284328,0.012714797212355577,0.00849381781992875,1.9244952484741984,0.1660897413013982,0.9842138620831401
2025-06-23,1722.7796630859375,23269.009765625,-0.009957311676672131,-0.0034920382130975147,-0.006465273463574617,1.8953751377881942,0.16201771136487264,0.9777485886195655
2025-06-24,1669.3140869140625,23641.580078125,-0.03103448300295375,0.016011438228471286,-0.047045921231425036,1.8055186672873318,0.18062328617078083,0.9307026673881404
2025-06-25,1720.7994384765625,23498.330078125,0.030842219547597027,-0.006059239675462513,0.03690145922305954,1.8920470899686896,0.1734696067134398,0.9676041266112
2025-06-26,1846.0474853515625,23649.30078125,0.07278480226950967,0.00642474178475938,0.0663600604847503,2.1025441655661714,0.18100884592883681,1.0339641870959504
2025-06-27,1733.6707763671875,24033.220703125,-0.060874224458518644,0.01623388046125185,-0.07710810491977049,1.9136791956390287,0.20018120235732662,0.9568560821761799
2025-06-30,1779.215576171875,23909.609375,0.026270731689971738,-0.0051433525973040295,0.03141408428727577,1.9902236800183144,0.19400824725294652,0.9882701664634557
2025-07-01,1685.6507568359375,23673.2890625,-0.05258767998043823,-0.009883905202863641,-0.04270377477757459,1.8329747540635828,0.18220678292566106,0.9455663916858811
2025-07-02,1712.383544921875,23790.109375,0.015859031283631086,0.004934688719914648,0.010924342563716438,1.8779029893140144,0.18804060540197098,0.9564907342495975
2025-07-03,1681.6903076171875,23934.130859375,-0.017924277184109383,0.00605383868164755,-0.023978115865756933,1.8263186584245732,0.19523281157432137,0.9325126183838406
2025-07-04,1737.6312255859375,23787.44921875,0.033264696665828763,-0.00612855513688082,0.039393251802709583,1.9203352912780387,0.18790776138717913,0.9719058701865502
2025-07-07,1785.1561279296875,24073.669921875,0.027350396127765464,0.012032425187455287,0.015317970940310177,2.0002076183203865,0.20220117265566784,0.9872238411268603
2025-07-08,1811.888916015625,24206.91015625,0.014975042052450815,0.005534687266519622,0.009440354785931193,2.0451358535708177,0.20885498017776016,0.9966641959127915
2025-07-09,1842.0870361328125,24549.560546875,0.01666665094656783,0.014155065161694402,0.002511585784873427,2.0958880699271614,0.2259664011932152,0.999175781697665
2025-07-10,1827.235595703125,24456.810546875,-0.00806229029268124,-0.003778071702053576,-0.004284218590627664,2.07092812159376,0.22133461222519868,0.9948915631070373
2025-07-11,1821.7899169921875,24255.310546875,-0.0029802827417237943,-0.008239013816368046,0.005258731074644252,2.0617758875119,0.21127201948066676,1.0001502941816816
2025-07-14,1861.39404296875,24160.640625,0.021739128978137012,-0.003903059566771727,0.02564218854490874,2.128336228432671,0.20654435263706983,1.0257924827265903
2025-07-15,1809.90869140625,24060.2890625,-0.027659566096163934,-0.004153514141349457,-0.023506051954814478,2.041807805751313,0.20153295360622647,1.0022864307717758
2025-07-16,1799.017578125,24009.380859375,-0.006017493221046388,-0.0021158599962268765,-0.003901633224819512,2.0235037479004787,0.19899067809554283,0.9983847975469563
2025-07-17,1822.780029296875,24370.9296875,0.01320857086712901,0.01505864854419281,-0.0018500776770637994,2.063439911421652,0.21704585732474713,0.9965347198698925
2025-07-18,1817.33447265625,24289.509765625,-0.0029875007148972843,-0.0033408623683633953,0.00035336165346611104,2.054287882496235,0.21297987461943824,0.9968880815233586
2025-07-21,1797.037353515625,24307.80078125,-0.01116862055170198,0.00075304177817892,-0.0119216623298809,2.0201757000809732,0.21389329914111688,0.9849664191934777
2025-07-22,1736.64111328125,24041.900390625,-0.03360878398894662,-0.010938891305629972,-0.02266989268331665,1.918671267368286,0.20061465228517972,0.9622965265101611
2025-07-23,1759.4134521484375,24240.8203125,0.013112864075963904,0.00827388511902205,0.004838978956941853,1.9569434069797076,0.21054839999040187,0.9671355054671029
2025-07-24,1728.2252197265625,24295.9296875,-0.017726494238060275,0.002273412132492103,-0.01999990637055238,1.9045271667136117,0.21330047540990904,0.9471355990965505
2025-07-25,1716.8389892578125,24217.5,-0.006588395041794093,-0.0032280998714098175,-0.0033602951703842754,1.8853909943296796,0.2093838203012568,0.9437753039261663
2025-07-28,1660.4031982421875,23970.359375,-0.03287191831542813,-0.01020504284092083,-0.022666875474507298,1.7905426572560024,0.19704200660396598,0.921108428451659
2025-07-29,1717.8291015625,24217.369140625,0.034585517169027025,0.010304800264389069,0.024280716904637956,1.8870550182394323,0.20937728539010325,0.9453891453562969
2025-07-30,1715.3538818359375,24262.220703125,-0.001440899868509038,0.001852041080084188,-0.003292940948593226,1.8828950610432726,0.2116171018039663,0.9420962044077037
2025-07-31,1718.32421875,24065.470703125,0.0017316175662152045,-0.008109315400574912,0.009840932966790117,1.8878871327725304,0.2017917165807075,0.9519371373744938
2025-08-01,1690.601318359375,23425.970703125,-0.01613368425359918,-0.026573342690403234,0.010439658436804056,1.8412948736123464,0.16985609345352048,0.9623767958112979
2025-08-04,1747.5322265625,23757.689453125,0.03367494605905841,0.01416029902042637,0.019514647038632038,1.9369753252191213,0.18642160554769016,0.9818914428499299
2025-08-05,1751.49267578125,23846.0703125,0.002266309690059698,0.0037200949001956474,-0.0014537852101359494,1.9436314208581318,0.19083520651197006,0.980437657639794
2025-08-06,1765.84912109375,23924.359375,0.008196691605402373,0.003283101218525042,0.004913590386877331,1.9677594598148782,0.1947448390295321,0.9853512480266713
2025-08-07,1624.7593994140625,24192.5,-0.07989908084123176,0.011207849739968134,-0.0911069305811999,1.7306382068177988,0.20813535966297758,0.8942443174454714
2025-08-08,1604.4622802734375,24162.859375,-0.012492384501942122,-0.001225198925286719,-0.011267185576655403,1.6965260244025373,0.20665515351871755,0.882977131868816
2025-08-11,1530.20458984375,24081.33984375,-0.04628197954085422,-0.0033737534943544256,-0.0429082260464998,1.5717254621097583,0.20258419647805304,0.8400689058223162
2025-08-12,1547.5313720703125,24024.779296875,0.011323180143075984,-0.0023487292335887533,0.013671909376664737,1.6008455727957625,0.19975965181993316,0.8537408151989809
2025-08-13,1581.19482421875,24185.58984375,0.02175300142923886,0.006693528580964614,0.015059472848274247,1.657421770258018,0.20779027733967803,0.8688002880472552
2025-08-14,1624.7593994140625,24377.5,0.027551680873251883,0.007934896667388669,0.019616784205863214,1.7306382068177992,0.217373968386245,0.8884170722531184
2025-08-15,1604.9573974609375,24359.30078125,-0.012187651882651807,-0.000746558045328638,-0.011441093837323169,1.6973581389356354,0.21646512805597262,0.8769759784157952
2025-08-18,1631.690185546875,24314.76953125,0.016656384853722006,-0.001828100502551222,0.018484485356273228,1.7422863741860666,0.21424130754403747,0.8954604637720684
2025-08-19,1552.48193359375,24423.0703125,-0.04854368350973304,0.004454115064130404,-0.05299779857386344,1.6091656923445248,0.2196496780434587,0.842462665198205
2025-08-20,1542.0858154296875,24276.970703125,-0.0066964503348500015,-0.005982032869152554,-0.0007144174656974478,1.591693543870345,0.21235369358055145,0.8417482477325076
2025-08-21,1592.5810546875,24293.33984375,0.032744766051649554,0.0006742661934708849,0.03207049985817867,1.6765579426419501,0.2131711426906624,0.8738187475906862
2025-08-22,1606.4425048828125,24363.08984375,0.008703764341861042,0.002871157298610205,0.005832607043250837,1.6998540722220419,0.21665434787146198,0.8796513546339371
2025-08-25,1633.67041015625,24273.119140625,0.01694919375618964,-0.0036929102056437735,0.020642103961833413,1.7456144220055707,0.2121613526134667,0.9002934585957705
2025-08-26,1619.3138427734375,24152.869140625,-0.008787921537637078,-0.004954039870333049,-0.003833881667304029,1.721486177892381,0.20615625694334283,0.8964595769284665
2025-08-27,1619.3138427734375,24046.2109375,0.0,-0.004415964103643533,0.004415964103643533,1.721486177892381,0.20082991420929597,0.90087554103211
2025-08-28,1621.2940673828125,24039.919921875,0.0012228788250110423,-0.0002616219096368555,0.0014845007346478978,1.724814225711886,0.20051575079399142,0.9023600417667579
2025-08-29,1672.7794189453125,23902.2109375,0.03175571452352921,-0.005728346218395353,0.03748406074192456,1.8113426483932438,0.19363878093280662,0.9398441025086824
2025-09-01,1731.195556640625,24037.330078125,0.034921602354567316,0.005652997581617525,0.02926860477294979,1.909519238442869,0.20038641807474478,0.9691127072816322
2025-09-02,1731.6905517578125,23487.330078125,0.0002859267488810602,-0.02288107698369224,0.0231670037325733,1.9103511478195236,0.17292028403259807,0.9922797110142055
2025-09-03,1736.64111328125,23594.80078125,0.002858802641391156,0.004575688371880604,-0.001716885730489448,1.918671267368286,0.17828720173738888,0.9905628252837161
2025-09-04,1707.9281005859375,23770.330078125,-0.01653364789980205,0.007439320997127741,-0.02397296889692979,1.8704149842983497,0.18705285845792075,0.9665898563867863
2025-09-05,1727.235107421875,23596.98046875,0.011304344034923863,-0.007292688355830967,0.01859703239075483,1.902863142803859,0.17839605189928887,0.9851868887775411
2025-09-08,1773.27490234375,23807.130859375,0.02665519866058963,0.008905817034654318,0.017749381625935312,1.9802395365597993,0.18889063153186303,1.0029362704034765
2025-09-09,1761.3936767578125,23718.44921875,-0.006700160009163847,-0.00372500328363079,-0.002975156725533057,1.9602714547992122,0.18446201002552898,0.9999611136779435
2025-09-10,1819.314697265625,23632.94921875,0.032883631451673834,-0.0036047887959053115,0.036488420247579145,2.0576159303157397,0.18019227464261345,1.0364495339255226
2025-09-11,1861.88916015625,23703.650390625,0.023401373580179907,0.0029916355855792442,0.020409737994600663,2.1291683429657677,0.1837229798492599,1.0568592719201233
2025-09-12,1877.7308349609373,23698.150390625,0.008508387686922081,-0.0002320317718732534,0.008740419458795334,2.155792520365364,0.18344831850883847,1.0655996913789187
2025-09-15,1930.7012939453125,23748.859375,0.028209825390377308,0.002139786588368553,0.026070038802008755,2.2448168763331298,0.1859806453488111,1.0916697301809275
2025-09-16,1882.186279296875,23329.240234375,-0.025128182593848525,-0.01766902292017969,-0.007459159673668836,2.1632805253810297,0.1650255261432534,1.0842105705072587
2025-09-17,1869.8099365234373,23359.1796875,-0.0065755142886606555,0.001283344542051701,-0.007858858830712356,2.142480329087345,0.1665206552935803,1.0763517116765464
2025-09-18,1900.503173828125,23674.529296875,0.01641516429298484,0.013500029264458702,0.002915135028526139,2.1940646599767866,0.18226871827763924,1.0792668467050726
2025-09-19,1908.9190673828125,23639.41015625,0.004428244935648085,-0.0014834145247244468,0.005911659460372531,2.2082087606314613,0.18051492368881883,1.085178506165445
2025-09-22,1920.80029296875,23527.05078125,0.006224059358486578,-0.004753053238525595,0.010977112597012173,2.228176842392048,0.1749038734076518,1.0961556187624573
2025-09-23,1893.077392578125,23611.330078125,-0.01443299467003778,0.003582229564538908,-0.018015224234576688,2.181584583231864,0.179112648798464,1.0781403945278805
2025-09-24,1958.9193115234373,23666.810546875,0.03478036302342824,0.002349739238171944,0.032430623785256296,2.292241250026411,0.18188325605557054,1.1105710183131368
2025-09-25,1958.9193115234373,23534.830078125,0.0,-0.00557660562197837,0.00557660562197837,2.292241250026411,0.17529235924532904,1.1161476239351151
2025-09-26,1941.097412109375,23739.470703125,-0.009097822104884079,0.008695224240867105,-0.017793046345751184,2.2622890248073095,0.1855117898575449,1.098354577589364
2025-09-29,1968.8203125,23745.060546875,0.014282075808085715,0.0002354662334262958,0.014046609574659419,2.3088812839674935,0.18579093785338507,1.1124011871640234
2025-09-30,1964.85986328125,23880.720703125,-0.002011584903713781,0.005713194791910237,-0.007724779695624018,2.3022251883284834,0.19256559246382343,1.1046764074683995
2025-10-01,1931.69140625,24113.619140625,-0.01688082577851624,0.009752571557420486,-0.026633397335936726,2.2464809002428825,0.20419617374124432,1.0780430101324627
2025-10-02,1966.3450927734373,24422.560546875,0.017939556189624728,0.012811905357230868,0.00512765083239386,2.3047213267713333,0.21962422115075664,1.0831706609648566
2025-10-03,1943.07763671875,24378.80078125,-0.011832844672177822,-0.0017917763184990276,-0.010041068353678795,2.2656170726268146,0.21743892735383086,1.0731295926111777
2025-10-06,1870.3050537109373,24378.2890625,-0.03745222611418808,-2.099031673430396e-05,-0.03743123579745378,2.143312443620442,0.21741337292514107,1.035698356813724
2025-10-07,1865.849609375,24385.779296875,-0.0023822019445957077,0.00030725020758426425,-0.002689452152179972,2.1358244386047773,0.2177874234366881,1.033008904661544
2025-10-08,1914.3646240234373,24597.130859375,0.0260015675457832,0.00866700054679348,0.01733456699898972,2.217360789556877,0.22834198770149206,1.0503434716605338
2025-10-09,1885.1566162109373,24611.25,-0.015257285600646542,0.0005740157543463464,-0.015831301354992888,2.168272597110286,0.2290470753541578,1.0345121703055409
2025-10-10,1863.374267578125,24241.4609375,-0.011554662591691467,-0.015025204428868899,0.003470541837177432,2.1316642762521747,0.21058039179425814,1.0379827121427183
2025-10-13,1860.8990478515625,24387.9296875,-0.0013283534980761402,0.006042076027415577,-0.007370429525491717,2.127504319056015,0.21789481055877769,1.0306122826172266
2025-10-14,1820.3048095703125,24236.939453125,-0.021814315144132457,-0.006191187046614699,-0.015623128097517758,2.0592799542254916,0.21035459598350692,1.014989154519709
2025-10-15,1727.7301025390625,24181.369140625,-0.05085670627497951,-0.0022927941296991827,-0.04856391214528033,1.9036950521805132,0.20757950207098141,0.9664252423744286
2025-10-16,1756.938232421875,24272.189453125,0.016905493421621953,0.0037557969514399048,0.013149696470182048,1.952783449783547,0.21211492548348088,0.9795749388446107
2025-10-17,1645.0565185546875,23830.990234375,-0.06367993581252007,-0.018177149597569442,-0.04550278621495063,1.764750389233059,0.19008213115352102,0.93407215262966
2025-10-20,1742.086669921875,24258.80078125,0.05898286792750218,0.017951857756120626,0.041031010171381554,1.9278232962937025,0.21144631629008992,0.9751031628010416
2025-10-21,1762.8787841796875,24330.029296875,0.011935177862732349,0.0029361927766871077,0.008998985086045241,1.9627673880856191,0.21500335621332511,0.9841021478870868
2025-10-22,1733.17578125,24151.130859375,-0.01684914651889069,-0.007352988988096998,-0.009496157530793692,1.9128472862623735,0.20606944991458764,0.9746059903562931
2025-10-23,1748.5223388671875,24207.7890625,0.008854588082300108,0.002345985513262372,0.006508602569037736,1.9386393491288727,0.20889887137207563,0.9811145929253309
2025-10-24,1746.5421142578125,24239.890625,-0.001132513188626394,0.0013260840309339272,-0.002458597219560321,1.9353113013093677,0.21050197286041628,0.9786559957057706
2025-10-27,1714.36376953125,24308.779296875,-0.018424030238879507,0.00284195473241744,-0.021265984971296947,1.881231037133519,0.21394216467078753,0.9573900107344736
2025-10-28,1727.7301025390625,24278.630859375,0.007796672588027853,-0.00124022836078308,0.009036900948810933,1.9036950521805132,0.2124365991698125,0.9664269116832845
2025-10-29,1713.8687744140625,24124.2109375,-0.008022855019212516,-0.006360322489740944,-0.001662532529471572,1.8803991277568644,0.2047251114007278,0.964764379153813
2025-10-30,1688.1259765625,24118.890625,-0.015020285237627662,-0.00022053830128510032,-0.014799746936342562,1.8371347112597425,0.2044594233711441,0.9499646322174704
2025-10-31,1684.66064453125,23958.30078125,-0.0020527686199737216,-0.00665825996090974,0.004605491340936019,1.83131073015383,0.1964398194179715,0.9545701235584064
2025-11-03,1755.9481201171875,24132.41015625,0.04231562945175393,0.007267183786934472,0.03504844566481946,1.9511194258737943,0.2051345674756886,0.9896185692232259
2025-11-04,1711.8885498046875,23949.109375,-0.025091612791817375,-0.007595626796626731,-0.017495985995190644,1.8770710799373584,0.19598081506142906,0.9721225832280352
2025-11-05,1690.106201171875,24049.740234375,-0.012724162817315254,0.0042018622821959895,-0.016926025099511244,1.8404627590792466,0.20100616173846575,0.955196558128524
2025-11-06,1691.0963134765625,23734.01953125,0.0005858284550408488,-0.013127821758080027,0.013713650213120876,1.842126782988999,0.18523956691680743,0.9689102083416449
2025-11-07,1731.6905517578125,23569.9609375,0.02400468734852601,-0.006912381340800189,0.0309170686893262,1.9103511478195219,0.17704673905007362,0.9998272770309711
2025-11-10,1769.314453125,23959.990234375,0.021726688598604493,0.01654772775861746,0.005178960839987035,1.973583440920788,0.19652418804704275,1.005006237870958
2025-11-11,1714.36376953125,24088.060546875,-0.0310576130188136,0.0053451738188214915,-0.03640278683763509,1.8812310371335181,0.20291981781057844,0.968603451033323
2025-11-12,1727.7301025390625,24381.4609375,0.007796672588027853,0.012180324358370243,-0.004383651770342389,1.9036950521805123,0.21757177136862293,0.9642197992629806
2025-11-13,1733.17578125,24041.619140625,0.0031519267407187357,-0.01393853295937264,0.017090459700091376,1.9128472862623727,0.20060060710299976,0.981310258963072
2025-11-14,1709.9083251953125,23876.55078125,-0.013424752587938071,-0.006865941865623837,-0.0065588107223142345,1.8737430321178534,0.19235735313079783,0.9747514482407578
2025-11-17,1705.9478759765625,23590.51953125,-0.0023161763472305807,-0.011979588367705851,0.00966341202047527,1.8670869364788434,0.17807340285308348,0.984414860261233
2025-11-18,1699.0172119140625,23180.529296875,-0.004062647024624111,-0.017379449139807712,0.013316802115183601,1.855438974267019,0.157599136065238,0.9977316623764166
2025-11-19,1580.204833984375,23162.919921875,-0.06993006138874658,-0.0007596623344736653,-0.06917039905427291,1.655757951504707,0.15671975160315,0.9285612633221437
2025-11-20,1620.799072265625,23278.849609375,0.02568922547774677,0.005004968626192818,0.02068425685155395,1.7239823163352304,0.1625090976692214,0.9492455201736977
2025-11-21,1504.4619140625,23091.869140625,-0.07177765596848706,-0.008032203991502174,-0.06374545197698489,1.5284612507690776,0.153171587454765,0.8855000681967128
2025-11-24,1428.718994140625,23239.1796875,-0.05034552168711692,0.006379325379765044,-0.05672484706688197,1.4011645500334482,0.16052804422983913,0.8287752211298308
2025-11-25,1453.4715576171875,23464.630859375,0.017325004831654223,0.009701339501078321,0.007623665330575902,1.4427647374643744,0.1717867207874353,0.8363988864604067
2025-11-26,1480.699462890625,23726.220703125,0.018733015538380915,0.011148261624814193,0.007584753913566722,1.4885250872479037,0.18485010571925664,0.8439836403739734
2025-11-27,1499.016357421875,23767.9609375,0.012370433697255212,0.001759244967720619,0.010611188729534593,1.5193092218436601,0.1869345473052464,0.854594829103508
2025-11-28,1465.847900390625,23836.7890625,-0.022126814605476164,0.0028958363395577003,-0.025022650945033864,1.4635649337580592,0.1903717155000093,0.8295721781584742
2025-12-01,1433.6695556640625,23589.439453125,-0.021952035213194665,-0.010376800697713517,-0.011575234515481148,1.4094846695822105,0.17801946545207037,0.817996943642993
2025-12-02,1475.2537841796875,23710.859375,0.029005448536823852,0.005147215223840984,0.02385823331298287,1.4793728531660433,0.1840829851786263,0.8418551769559759
2025-12-03,1503.966796875,23693.7109375,0.019463100520889842,-0.0007232313780276556,0.020186331898917498,1.5276291362359795,0.1832266192095564,0.8620415088548934
2025-12-04,1524.759033203125,23882.029296875,0.013824930424878978,0.007948031436348257,0.005876898988530721,1.562573433184339,0.19263094157535798,0.8679184078434241
2025-12-05,1514.3629150390625,24028.140625,-0.006818204016291629,0.006118044924436905,-0.012936248940728534,1.5451012847101593,0.19992751125418962,0.8549821589026956
2025-12-08,1569.3135986328125,24046.009765625,0.03628633734228259,0.0007436755470962009,0.03554266179518639,1.6374536884974291,0.20081986800259743,0.890524820697882
2025-12-09,1625.2545166015625,24162.650390625,0.03564674263798251,0.004850726841454822,0.030796015796527687,1.7314703213508946,0.20664471716806987,0.9213208364944097
2025-12-10,1594.0662841796875,24130.140625,-0.019189752806895832,-0.0013454552832339317,-0.0178442975236619,1.6790540810847987,0.20502123065836986,0.9034765389707478
2025-12-11,1586.6405029296875,24294.609375,-0.004658389255012274,0.006815905160105107,-0.011474294415117381,1.6665740043398767,0.21323454108245055,0.8920022445556304
2025-12-12,1600.0068359375,24186.490234375,0.00842429837328118,-0.004450334597116745,0.012874632970397926,1.6890380193868708,0.20783524142985432,0.9048768775260283
2025-12-15,1557.927490234375,24229.91015625,-0.026299478700957724,0.0017952138344277113,-0.028094692535385435,1.6183177212699404,0.21000356396497843,0.8767821849906429
2025-12-16,1487.1351318359375,24076.869140625,-0.04544008552528167,-0.006316202356430267,-0.0391238831688514,1.4993411400830738,0.20236093660297372,0.8376583018217915
2025-12-17,1511.8876953125,23960.58984375,0.01664446151978427,-0.00482950238238411,0.02147396390216838,1.5409413275140005,0.196554131595164,0.8591322657239598
2025-12-18,1534.6600341796875,24199.5,0.015062189432317963,0.00997096306092482,0.005091226371393143,1.5792134671254217,0.20848492864169632,0.864223492095353
2025-12-19,1544.0660400390625,24288.400390625,0.00612904855139651,0.003673645762309219,0.002455402789087291,1.5950215916898491,0.21292447417861537,0.8666788948844403
2025-12-22,1529.70947265625,24283.970703125,-0.009297897246965725,-0.000182378725184007,-0.009115518521781718,1.5708933475766593,0.2127032625592702,0.8575633763626586
2025-12-23,1525.7491455078125,24340.060546875,-0.002588940723208477,0.002309747628824965,-0.004898688352033442,1.5642374570940922,0.21550430104443485,0.8526646880106251
2025-12-29,1510.8975830078125,24351.119140625,-0.00973394777491876,0.0004543371504233118,-0.010188284925342073,1.5392773036042477,0.21605654980489875,0.842476403085283
2025-12-30,1545.5511474609375,24490.41015625,0.022935746832117188,0.005720107351970594,0.017215639480146594,1.597517524976256,0.2230125238158498,0.8596920425654296
2026-01-02,1586.1453857421875,24539.33984375,0.026265218299594384,0.0019979121291895385,0.024267306170404845,1.6657418898067795,0.2254559953713322,0.8839593487358345
2026-01-05,1734.660888671875,24868.689453125,0.0936329697546574,0.013421290526643315,0.08021167922801409,1.915343219548781,0.24190319631282775,0.9641710279638486
2026-01-06,1723.274658203125,24892.19921875,-0.006563951803552626,0.0009453560337111533,-0.007509307837263779,1.896207047164849,0.2430772369927472,0.9566617201265848
2026-01-07,1806.9384765625,25122.259765625,0.04854932320922778,0.009242274852987231,0.03930704835624055,2.0368159391784983,0.254566098480526,0.9959687684828253
2026-01-08,1832.68115234375,25127.4609375,0.014246570160054706,0.00020703439593106054,0.014039535764123645,2.0800801505191773,0.2548258368148806,1.010008304246949
2026-01-09,1881.1961669921875,25261.640625,0.026472152336151522,0.005339962037300472,0.02113219029885105,2.1616165014712774,0.2615265591468958,1.0311404945458
2026-01-12,1871.295166015625,25405.33984375,-0.005263141160016804,0.005688435714970463,-0.010951576874987268,2.1449764675301957,0.2687026718813308,1.0201889176708128
2026-01-13,1885.1566162109373,25420.66015625,0.007407409823446676,0.0006030351333312645,0.006804374690115411,2.1682725971102874,0.26946774416622654,1.0269932923609282
2026-01-14,1880.2060546875,25286.240234375,-0.0026260743966131095,-0.005287821836599704,0.002661747439986595,2.159952477561525,0.2627550249077655,1.0296550398009148
2026-01-15,1894.5625,25352.390625,0.00763557019546246,0.002616062728656443,0.005019507466806017,2.1840805165182715,0.2660584712638503,1.0346745472677208
2026-01-16,1883.1763916015625,25297.130859375,-0.006009887981229145,-0.0021796668583399237,-0.0038302211228892213,2.1649445492907824,0.26329888557331604,1.0308443261448317
2026-01-19,1900.998291015625,24959.060546875,0.00946374407280337,-0.01336397848354065,0.02282772255634402,2.194896774509884,0.24641618644823327,1.0536720487011757
2026-01-20,1890.1070556640625,24703.119140625,-0.0057292189072636335,-0.010254448710892872,0.004525229803629238,2.1765925115026064,0.23363487559187313,1.0581972785048048
2026-01-21,1835.1563720703125,24560.98046875,-0.029072788987840603,-0.005753875495068561,-0.023318913492772042,2.0842401077153365,0.22653669411134314,1.0348783650120328
2026-01-22,1772.7799072265625,24856.470703125,-0.03398972741128359,0.012030881045280939,-0.04602060845656453,1.9794076271831442,0.24129301117586888,0.9888577565554683
2026-01-23,1811.888916015625,24900.7109375,0.022060837123456967,0.0017798276715703665,0.0202810094518866,2.045135853570817,0.24350229882568653,1.009138766007355
2026-01-26,1773.27490234375,24933.080078125,-0.021311468562205227,0.0012999283717740617,-0.02261139693397929,1.9802395365597985,0.24511876274429634,0.9865273690733757
2026-01-27,1831.6910400390625,24894.439453125,0.03294251648072355,-0.0015497734286707976,0.03449228990939435,2.0784161266094237,0.24318911077025573,1.02101965898277
2026-01-28,1826.740478515625,24822.7890625,-0.002702727378811609,-0.002878168466492803,0.00017544108768119404,2.0700960070606613,0.2396110030737495,1.0211951000704511
2026-01-29,1777.7303466796875,24309.4609375,-0.02682928002764917,-0.02067971184493078,-0.00614956818271839,1.9877275415754632,0.21397620473037882,1.0150455318877327
2026-01-30,1763.868896484375,24538.810546875,-0.007797273766070201,0.009434582279083115,-0.017231856045153315,1.9644314119953714,0.22542956311875662,0.9978136758425794
2026-02-02,1711.8885498046875,24797.51953125,-0.029469506936309897,0.010542849413210265,-0.04001235634952016,1.8770710799373589,0.2383490824692136,0.9578013194930592
2026-02-03,1743.0767822265625,24780.7890625,0.01821861150098436,-0.0006746831564712341,0.018893294657455595,1.9294873202034553,0.23751358920143995,0.9766946141505148
2026-02-04,1662.87841796875,24603.0390625,-0.04600965664597356,-0.007172895082222519,-0.03883676156375104,1.7947026144521612,0.2286370340632733,0.9378578525867638
2026-02-05,1555.4521484375,24491.060546875,-0.06460260014828623,-0.004551409902676551,-0.060051190245609676,1.6141575589173383,0.2230450032996425,0.8778066623411541
2026-02-06,1588.62060546875,24721.4609375,0.02132399705421273,0.009407530155095545,0.011916466899117184,1.6699018470029396,0.23455083604922278,0.8897231292402713
2026-02-09,1632.6802978515625,25014.869140625,0.027734559297002193,0.011868562455381815,0.015865996841620378,1.7439503980958184,0.24920317975121686,0.9055891260818917
2026-02-10,1612.878173828125,24987.849609375,-0.012128598629808307,-0.001080138820559351,-0.011048459809248956,1.7106701250572116,0.2478538669020014,0.8945406662726427
2026-02-11,1576.244384765625,24856.150390625,-0.022713302006902802,-0.005270530310082733,-0.01744277169682007,1.6491018558656982,0.24127701527394052,0.8770978945758227
2026-02-12,1563.8680419921875,24852.689453125,-0.007851791824322829,-0.0001392386771728038,-0.007712553147150025,1.6283016595720134,0.24110418150432866,0.8693853414286726
2026-02-13,1593.076171875,24914.880859375,0.018676850666763833,0.002502401455073855,0.01617444921168998,1.6773900571750473,0.24420992241402328,0.8855597906403626
2026-02-16,1603.96728515625,24800.91015625,0.00683653015061525,-0.004574402894730878,0.011410933045346128,1.6956941150258822,0.2385184049432798,0.8969707236857087
2026-02-17,1595.5513916015625,24998.400390625,-0.0052469234457407365,0.007963023660453539,-0.013209947106194275,1.6815500143712074,0.2483807563057503,0.8837607765795145
2026-02-18,1677.23486328125,25278.2109375,0.05119451000427899,0.01119313806094313,0.04000137194333586,1.8188306534089085,0.2623540544637051,0.9237621485228503
2026-02-19,1726.2449951171875,25043.5703125,0.029220792453632072,-0.009282327201879381,0.03850311965551145,1.9011991188941062,0.250636471085554,0.9622652681783618
2026-02-20,1722.7796630859375,25260.689453125,-0.002007439292251112,0.00866965604008274,-0.010677095332333852,1.8953751377881938,0.2614790591210485,0.9515881728460279
2026-02-23,1684.66064453125,24991.970703125,-0.022126461886836202,-0.010637823266805402,-0.0114886386200308,1.83131073015383,0.24805966783534283,0.9400995342259971
2026-02-24,1707.43310546875,24986.25,0.01351753601618455,-0.00022890164176947447,0.013746437657954025,1.8695830749216942,0.24777398492834912,0.9538459718839511
2026-02-25,1665.3536376953125,25175.939453125,-0.024644870501023375,0.007591753589474282,-0.032236624090497656,1.7988625716483204,0.25724677755728154,0.9216093477934535
2026-02-26,1657.432861328125,25289.01953125,-0.004756212847470076,0.004491593187040399,-0.009247806034510475,1.7855505855267437,0.26289381861778627,0.912361541758943
2026-02-27,1647.0367431640625,25284.259765625,-0.006272421892089208,-0.00018821471584207217,-0.006084207176247136,1.768078437052564,0.2626561234165765,0.9062773345826959
2026-03-02,1611.39306640625,24638.0,-0.02164109386493629,-0.025559766100157533,0.003918672235221243,1.7081741917708033,0.23038292823711726,0.9101960068179171
2026-03-03,1564.3631591796875,23790.650390625,-0.02918586917557564,-0.03439198024900558,0.005206111073429942,1.6291337741051102,0.18806762287047274,0.9154021178913471
2026-03-04,1622.2841796875,24205.359375,0.03702530334336496,0.01743159508318537,0.019593708260179588,1.7264782496216378,0.2087775366037934,0.9349958261515267
2026-03-05,1531.689697265625,23815.75,-0.05584378098251941,-0.016095996302471716,-0.03974778468004769,1.5742213953961643,0.1893210578441078,0.895248041471479
2026-03-06,1576.7393798828125,23591.029296875,0.029411755329823208,-0.009435802069008958,0.038847557398832167,1.6499337652423525,0.17809885974578643,0.9340955988703111
2026-03-09,1608.917724609375,23409.369140625,0.020408156945350253,-0.007700391278563812,0.028108548223914065,1.7040140294182011,0.16902703756091397,0.9622041470942252
2026-03-10,1636.640625,23968.630859375,0.01723077567397402,0.02389050791545877,-0.00665973224148475,1.7506062885783846,0.19695568725514834,0.9555444148527404
2026-03-11,1505.4520263671875,23640.029296875,-0.08015724199245788,-0.01370965093617238,-0.0664475910562855,1.5301252746788307,0.18054584259681383,0.8890968237964549
2026-03-12,1535.155029296875,23589.650390625,0.019730288584063338,-0.002131084763784985,0.021861373347848323,1.5800453765020768,0.178029999338706,0.9109581971443033
2026-03-13,1576.7393798828125,23447.2890625,0.027088046348637373,-0.006034906230809489,0.03312295257944686,1.6499337652423525,0.17092069875561644,0.9440811497237501
2026-03-16,1608.4227294921875,23564.009765625,0.020094221032095794,0.00497800418691785,0.015116216845177943,1.703182120041546,0.17674954689657074,0.9591973665689281
2026-03-17,1618.81884765625,23730.919921875,0.00646354840269181,0.007083266299332758,-0.0006197178966409478,1.7206542685157258,0.18508477730485828,0.9585776486722871
2026-03-18,1589.6107177734375,23502.25,-0.01804286497226082,-0.009635948485259282,-0.008406916487001537,1.6715658709126915,0.1736653614400836,0.9501707321852856
2026-03-19,1534.6600341796875,22839.560546875,-0.034568641856365434,-0.02819685149826079,-0.006371790358104645,1.5792134671254217,0.14057169353490506,0.9437989418271809
2026-03-20,1488.1251220703125,22380.189453125,-0.030322619389934857,-0.02011295676233371,-0.010209662627601146,1.5010049588363832,0.11763142437849572,0.9335892791995798
2026-03-23,1468.3231201171875,22653.859375,-0.013306678087374846,0.012228221858809452,-0.025534899946184297,1.4677248909542193,0.13129806939217326,0.9080543792533955
2026-03-24,1456.9368896484375,22636.91015625,-0.007754580931642163,-0.0007481823944182064,-0.007006398537223957,1.4485887185702868,0.13045165209381482,0.9010479807161715
2026-03-25,1471.7884521484375,22957.080078125,0.010193689655001892,0.014143711295624861,-0.003950021640622969,1.4735488720601313,0.14644043389469186,0.8970979590755486
2026-03-26,1421.7882080078125,22612.970703125,-0.03397243949538897,-0.014989248363858287,-0.018983191131530686,1.3895163826651808,0.12925615349667496,0.8781147679440179
2026-03-27,1365.847412109375,22300.75,-0.03934537899763624,-0.013807151091468572,-0.025538227906167665,1.2954999549681587,0.11366434316437579,0.8525765400378502
2026-03-30,1395.550537109375,22562.880859375,0.02174703025876612,0.011754351731444013,0.009992678527322107,1.3454202619478477,0.12675474556469735,0.8625692185651723
2026-03-31,1430.2041015625,22680.0390625,0.024831465096852412,0.005192519689980912,0.0196389454068715,1.403660483319856,0.13260544176682143,0.8822081639720438
2026-04-01,1565.8482666015625,23298.890625,0.09484252274963478,0.02728617710025172,0.06755634564938306,1.6316297073915176,0.16350991443557983,0.9497645096214269
2026-04-02,1554.9571533203125,23168.080078125,-0.006955407821785609,-0.005614453880247838,-0.0013409539415377703,1.6133256495406831,0.1569774416817702,0.9484235556798891
2026-04-07,1515.8480224609375,22921.58984375,-0.02515125949024699,-0.010639217127349831,-0.01451204236289716,1.5475972179965671,0.14466810746827208,0.933911513316992
2026-04-08,1562.3829345703125,24080.630859375,0.030698929853024914,0.0505654722698492,-0.019866542416824284,1.6258057262856052,0.20254879091463973,0.9140449709001677
2026-04-09,1534.8580322265625,23806.990234375,-0.017617257417958165,-0.011363515623739051,-0.006253741794219114,1.5795462308760833,0.1888836089407726,0.9077912291059486
2026-04-10,1449.313232421875,23803.94921875,-0.05573466601376209,-0.00012773624868422928,-0.05560692976507786,1.4357760832311461,0.18873174540844428,0.8521842993408707
2026-04-13,1480.6004638671875,23742.439453125,0.021587625604597482,-0.0025840151589867633,0.024171640763584246,1.488358705372573,0.18566004455834006,0.876355940104455
2026-04-14,1471.887451171875,24044.220703125,-0.005884783172737218,0.012710625232752903,-0.01859540840549012,1.4737152539354623,0.20073052503817013,0.8577605316989648
2026-04-15,1500.204345703125,24066.69921875,0.01923849171260006,0.0009348822697372583,0.0183036094428628,1.521305804347632,0.20185306671676062,0.8760641411418276
2026-04-16,1482.382568359375,24154.470703125,-0.011879566536915465,0.0036470096533478547,-0.01552657619026332,1.4913537842849731,0.2062362364529824,0.8605375649515643
2026-04-17,1480.40234375,24702.240234375,-0.0013358391090408928,0.022677770007153653,-0.024013609116194545,1.488025736465468,0.23359098439755765,0.8365239558353698
2026-04-20,1461.1944580078125,24417.80078125,-0.0129747739344509,-0.011514722973553715,-0.0014600509608971857,1.4557441649917329,0.21938652594954644,0.8350639048744726
2026-04-21,1416.8377685546875,24270.869140625,-0.03035645886147198,-0.006017398615923875,-0.024339060245548105,1.3811964682728615,0.2120489911560215,0.8107248446289245
2026-04-22,1408.718994140625,24194.900390625,-0.0057302075045221335,-0.0031300383006409582,-0.0026001692038811752,1.3675517184006227,0.20825523139144986,0.8081246754250433
2026-04-23,1393.0753173828125,24155.44921875,-0.011104895172763474,-0.0016305573173711618,-0.009474337855392312,1.341260304751688,0.2062851019826526,0.798650337569651
2026-04-24,1306.1441650390625,24128.98046875,-0.06240233479053281,-0.0010957672432543308,-0.06130656754727848,1.1951601953827882,0.2049632942818742,0.7373437700223725
2026-04-27,1332.48095703125,24083.529296875,0.020163771118940632,-0.0018836756046889391,0.02204744672362957,1.2394229031318957,0.2026935343198899,0.7593912167460021
2026-04-28,1329.9066162109375,24018.259765625,-0.0019319907025524552,-0.0027101314946588184,0.0007781407921063632,1.235096358903962,0.19943407669410695,0.7601693575381084
2026-04-29,1324.7581787109375,23954.560546875,-0.0038712774545542894,-0.002652116321981257,-0.0012191611325730323,1.2264436807609806,0.1962530380021661,0.7589501964055354
2026-04-30,1342.382080078125,24292.380859375,0.013303485609982513,0.014102546854864784,-0.0007990612448822709,1.2560631422294208,0.21312325252086595,0.7581511351606531
2026-05-04,1374.4613037109375,23991.26953125,0.023897237685819972,-0.012395299162650586,0.03629253684847056,1.309976819373495,0.19808622688470212,0.7944436720091237
2026-05-05,1421.1942138671875,24401.69921875,0.034000891862197014,0.01710746015192699,0.016893431710270024,1.3885180914131952,0.21858243926970466,0.8113371037193937
2026-05-06,1427.332763671875,24918.689453125,0.004319289893521372,0.021186648919012674,-0.016867359025491302,1.3988347934659293,0.24440011758938596,0.7944697446939024
2026-05-07,1328.322509765625,24663.609375,-0.06936732374274224,-0.010236496530238282,-0.059130827212503956,1.232434043742224,0.23166182010345415,0.7353389174813985
2026-05-08,1206.341796875,24338.630859375,-0.09183064503826543,-0.013176437831293741,-0.0786542072069717,1.0274281854999923,0.21543290470168297,0.6566847102744268
2026-05-11,1173.8663330078125,24350.279296875,-0.026920615659106306,0.0004785987168836048,-0.02739921437598991,0.9728485705417076,0.21601460933033123,0.6292854958984369
2026-05-12,1150.5,23954.9296875,-0.019905446089369172,-0.016235937360510544,-0.003669508728858628,0.9335781396783005,0.19627147230377817,0.6256159871695782
2026-05-13,1121.5999755859375,24136.810546875,-0.02511953447549975,0.007592627561328502,-0.03271216203682825,0.8850075569375788,0.20535431605522292,0.59290382513275
2026-05-14,1143.199951171875,24456.259765625,0.01925818121978251,0.013234939145319702,0.006023242074462809,0.9213093740697422,0.22130710707676227,0.5989270672072128
2026-05-15,1120.0,23950.5703125,-0.02029386998144389,-0.02067730135234258,0.0003834313708986903,0.8823185714382416,0.19605377197997842,0.5993104985781115
2026-05-18,1172.0,24307.919921875,0.046428571428571486,0.014920296456928162,0.031508274971643324,0.9697119336835887,0.21389924883634692,0.6308187735497548
2026-05-19,1207.0,24400.650390625,0.029863481228668887,0.0038148253346248495,0.026048655894044037,1.0285343890410337,0.21853006244448991,0.6568674294437988
2026-05-20,1233.5999755859375,24737.240234375,0.02203809079199459,0.013794298035568753,0.008243792756425838,1.0732394140814034,0.23533882929114935,0.6651112222002247
2026-05-21,1209.4000244140625,24606.76953125,-0.019617340832371877,-0.005274262686089659,-0.014343078146282218,1.0325679698682615,0.22882332779914138,0.6507681440539425
2026-05-22,1227.199951171875,24888.560546875,0.014717981146425307,0.011451767988769568,0.0032662131576557396,1.0624832669276105,0.2428955274482849,0.6540343572115982
2026-05-25,1243.5999755859375,25389.099609375,0.013363775315018422,0.02011120978882186,-0.0067474344738034375,1.0900458298978162,0.26789166014638566,0.6472869227377948
2026-05-26,1237.199951171875,25184.890625,-0.005146369041256205,-0.008043175516929124,0.0028968064756729195,1.0792896827440233,0.2576937849873777,0.6501837292134677
2026-05-27,1232.800048828125,25177.80078125,-0.0035563389245064636,-0.00028151179433599793,-0.0032748271301704657,1.0718950239099558,0.2573397293532407,0.6469089020832972
2026-05-28,1284.0,25092.25,0.04153143181698016,-0.00339786552420851,0.04492929734118867,1.1579437908274128,0.2530674580346537,0.6918381994244859
2026-05-29,1293.4000244140625,25104.69921875,0.0073208912882105626,0.0004961380007770799,0.006824753287433483,1.1737418627261293,0.25368915241812173,0.6986629527119194
2026-06-01,1207.0,25003.0390625,-0.06680069799225763,-0.00404944729128931,-0.06275125070096832,1.0285343890410337,0.24861240427574338,0.635911702010951
2026-06-02,1190.0,25124.169921875,-0.014084507042253502,0.004844645447787732,-0.018929152490041234,0.9999634821531318,0.2546614886761691,0.6169825495209098
2026-06-03,1200.4000244140625,24795.939453125,0.008739516314338225,-0.013064330872249785,0.02180384718658801,1.0174421956334898,0.2382701758554342,0.6387863967074978
2026-06-04,1190.199951171875,24944.94921875,-0.008497228452795436,0.006009442227695949,-0.014506670680491385,1.0002995284068827,0.24571148893951644,0.6242797260270064
2026-06-05,1209.800048828125,24759.05078125,0.016467903260247718,-0.007452347802747505,0.023920251062995224,1.0332402675322063,0.23642801366206068,0.6481999770900017
2026-06-08,1199.800048828125,24616.220703125,-0.008265828729042024,-0.005768802664808392,-0.0024970260642336317,1.0164338517157936,0.2292953044420032,0.645702951025768
2026-06-09,1207.199951171875,24433.060546875,0.006167612970992664,-0.007440628618785028,0.013608241589777692,1.0288704352947846,0.22014857461883386,0.6593111926155457
2026-06-10,1197.199951171875,24195.310546875,-0.008283631879120401,-0.009730667983402053,0.0014470361042816515,1.0120640194783719,0.20827571394879674,0.6607582287198274
2026-06-11,1220.0,24209.7109375,0.01904447858171676,0.0005951727958648512,0.01844930578585191,1.050382729602371,0.20899484678364333,0.6792075345056793
2026-06-12,1205.5999755859375,24635.30078125,-0.011803298700051257,0.01757930298501731,-0.029382601685068566,1.0261814497954478,0.23024813350257767,0.6498249328206107
2026-06-15,1150.199951171875,24894.009765625,-0.04595224414062993,0.01050155574199052,-0.05645379988262045,0.9330738651412318,0.24316765285303488,0.5933711329379903
2026-06-16,1145.5999755859375,24910.41015625,-0.003999283412636889,0.000658808716611281,-0.00465809212924817,0.9253429548969705,0.24398666253894374,0.5887130408087421
2026-06-17,1170.199951171875,24934.669921875,0.021473442833616962,0.0009738806174941494,0.020499562216122813,0.9666866967740577,0.24519815703801173,0.6092126030248649
2026-06-18,1178.5999755859375,25026.80078125,0.0071782812891509895,0.0036948898727620083,0.003483391416388981,0.9808041270911332,0.24979902709803348,0.6126959944412539
2026-06-19,1202.5999755859375,24985.8203125,0.020363143133503403,-0.0016374633381307513,0.022000606471634154,1.0211395250505242,0.24775252701112893,0.634696600912888
2026-06-22,1189.4000244140625,25139.689453125,-0.010976177814608468,0.006158258512249937,-0.017134436326858404,0.9989551382354362,0.25543650963177655,0.6175621645860296
2026-06-23,1166.5999755859375,24893.580078125,-0.019169369732741526,-0.009789674429307893,-0.009379695303433633,0.9606364281114377,0.2431461949358149,0.608182469282596
2026-06-24,949.0,24740.359375,-0.18652492725850223,-0.006155028832499743,-0.18036989842600248,0.5949288609775822,0.2354945942629727,0.4278125708565935
2026-06-25,949.0,24994.830078125,0.0,0.010285651039577903,-0.010285651039577903,0.5949288609775822,0.2482024605208466,0.4175269198170156
2026-06-26,946.5999755859376,24671.220703125,-0.0025290035975367164,-0.012947052409978843,0.010418048812442127,0.5908952801503549,0.23204191784621875,0.42794496862945774
2026-06-29,970.9000244140624,24626.890625,0.025670874133588706,-0.0017968335924044565,0.027467707725993162,0.631734952646815,0.22982814354098235,0.4554126763554509
2026-06-30,990.5,24995.810546875,0.020187429285282166,0.014980369527466397,0.0052070597578157685,0.6646754866156959,0.24825142358650432,0.4606197361132667
2026-07-01,1050.5999755859375,25040.279296875,0.06067640139923025,0.0017790481295498761,0.058897353269680375,0.7656820046410489,0.25047212294684384,0.519517089382947
2026-07-02,1115.0,25580.880859375,0.06129833039273147,0.021589278461740857,0.03970905193099061,0.8739153635300363,0.2774689138177875,0.5592261413139377
2026-07-03,1093.4000244140625,25779.310546875,-0.019372175413396864,0.007756952881756485,-0.02712912829515335,0.8376135463978731,0.28737817999018067,0.5320970130187843
2026-07-06,1130.0,25817.890625,0.03347354560884597,0.0014965519754630563,0.03197699363338291,0.8991249872546554,0.28930480834861294,0.5640740066521672
2026-07-07,1111.5999755859375,25465.25,-0.016283207446073034,-0.013658769808968518,-0.0026244376371045153,0.868201141121167,0.27169449075778296,0.5614495690150627
2026-07-08,1058.800048828125,24897.44921875,-0.04749903555006918,-0.02229708254385876,-0.02520195300621042,0.7794633887043729,0.24333941372678614,0.5362476160088523
2026-07-09,1013.2000122070312,25118.26953125,-0.04306765632620024,0.008869194211819309,-0.05193685053801955,0.7028260710345973,0.2543668324583386,0.48431076547083274
2026-07-10,992.0,25067.08984375,-0.020923817559823865,-0.002037548304684278,-0.018886269255139587,0.6671964489881577,0.25181099944541097,0.46542449621569315
2026-07-13,979.2000122070312,25114.25,-0.012903213500976562,0.0018813574509033426,-0.014784570951879905,0.6456842572587935,0.25416610339634027,0.45063992526381325
2026-07-14,979.9000244140624,25147.029296875,0.0007148817384645678,0.001305207078650561,-0.0005903253401859931,0.6468607268815865,0.25580304987229674,0.45004959992362725
2026-07-15,976.0999755859376,24999.529296875,-0.0038779964623402163,-0.005865503963059737,0.001987507500719521,0.6404742068087725,0.24843713210644824,0.4520371074243468
2026-07-16,963.9000244140624,24915.490234375,-0.01249866968242852,-0.003361625793110612,-0.009137043889317908,0.6199704615753256,0.24424035364208208,0.44290006353502887
2026-07-17,984.2000122070312,24830.98046875,0.021060262764604598,-0.003391856424659223,0.02445211918926382,0.6540874651669999,0.24002006900476092,0.4673521827242927
2026-07-20,990.2999877929688,24846.689453125,0.006197902367689023,0.000632636491932681,0.005565265875756342,0.6643393377837232,0.24080455095114228,0.47291744860004903
2026-07-21,995.4000244140624,25011.349609375,0.005149991602503956,0.006627046092423816,-0.00147705448991986,0.6729106713970263,0.24902741990198485,0.47144039411012917
2026-07-22,1007.7999877929688,25155.41015625,0.012457266500677022,0.0057598070126132495,0.006697459488063773,0.6937505654624456,0.25622157679408253,0.47813785359819294
2026-07-23,1017.0,24763.119140625,0.009128807619038337,-0.015594697649067513,0.02472350526810585,0.7092124885291897,0.23663118112374404,0.5028613588662988
2026-07-24,1037.5999755859375,25099.0,0.020255629878011217,0.013563754124332972,0.006691875753678245,0.7438336640797114,0.25340454240698995,0.509553234619977
2026-07-27,1050.5999755859375,25361.029296875,0.012528913170664735,0.010439830147615403,0.002089083023049332,0.7656820046410482,0.2664898729359686,0.5116423176430264
2026-07-28,1086.800048828125,25464.009765625,0.03445657156235704,0.004060579227464167,0.030395992334892874,0.8265213529903286,0.2716325554058061,0.5420383099779192
2026-07-29,1153.4000244140625,25460.48046875,0.06128079922130203,-0.0001385994157041548,0.061419398637006184,0.9384520412963497,0.27145630787663655,0.6034577086149254
2026-07-30,1139.5999755859375,25612.029296875,-0.011964668402998813,0.005952316112455502,-0.017916984515454315,0.9152591054071229,0.27902441774429376,0.5855407240994711
2026-07-31,1140.0,25629.240234375,0.0003510217818816219,0.0006719864834021649,-0.000320964701520543,0.9159314030710679,0.2798839048649593,0.5852197593979506
2026-08-03,1175.0,26001.310546875,0.030701754385964897,0.014517414839358533,0.016184339546606363,0.9747538584285129,0.2984645104581021,0.6014040989445569
2026-08-04,1200.800048828125,26202.349609375,0.02195748836436162,0.007731881904089688,0.014225606460271933,1.018114493297435,0.30850408470961566,0.6156297054048289
2026-08-05,1200.5999755859375,26126.30078125,-0.0001666166172984429,-0.002902366744156004,0.0027357501268575612,1.0177782418872408,0.30470632596956215,0.6183654555316864
2026-08-06,1159.0,26140.130859375,-0.03464932236537421,0.0005293546239399927,-0.035178676989314206,0.9478635931222517,0.3053969782960979,0.5831867785423722
2026-08-07,1146.4000244140625,26319.44921875,-0.010871419832560347,0.006859887593511749,-0.017731307426072096,0.9266875502248602,0.31435185483211914,0.5654554711163001
2026-08-10,1142.199951171875,26323.880859375,-0.003663706518441723,0.00016837892723997605,-0.003832085445681699,0.9196287324881007,0.3145731639874516,0.5616233856706184
2026-08-11,1142.199951171875,26391.419921875,0.0,0.0025656954937913756,-0.0025656954937913756,0.9196287324881007,0.3179459584305533,0.559057690176827
2026-08-12,1168.199951171875,26331.0703125,0.02276308974914998,-0.0022867132406535484,0.025049802989803527,0.9633254136107743,0.3149321939569443,0.5841074931666306
2026-08-13,1164.5999755859375,26299.740234375,-0.003081643328546768,-0.0011898520551262282,-0.00189179127342054,0.9572751449481542,0.313367619183613,0.58221570189321
2026-08-14,1202.0,26440.310546875,0.03211405220513219,0.005344931594277513,0.02676912061085468,1.020131181132827,0.32038747926628863,0.6089848225040647
2026-08-17,1214.0,26338.609375,0.009983361064891838,-0.0038464439248812043,0.013829804989773042,1.0402988801125224,0.3153086828681757,0.6228146274938378
2026-08-18,1213.800048828125,26128.359375,-0.00016470442493821125,-0.007982577857719608,0.007817873432781397,1.0399628338587714,0.3048091289002459,0.6306325009266192
2026-08-19,1178.800048828125,26091.330078125,-0.02883506227717747,-0.0014172071175058143,-0.027417855159671656,0.9811403785013264,0.302959944115782,0.6032146457669475
2026-08-20,1162.199951171875,25983.0390625,-0.014082199668003503,-0.004150459761949499,-0.009931739906054005,0.9532415641209266,0.2975520612962974,0.5932829058608935
2026-08-21,1155.4000244140625,26136.560546875,-0.005850909519447112,0.005908526866534647,-0.011759436385981759,0.9418133244596318,0.305218682511194,0.5815234694749117
