Date,Ticker,Adj Close,Close,High,Low,Open,Volume
2023-01-03,000300.SS,3887.89990234375,3887.89990234375,3893.989990234375,3831.25,3864.840087890625,115100
2023-01-04,000300.SS,3892.949951171875,3892.949951171875,3905.89990234375,3873.64990234375,3886.25,110700
2023-01-05,000300.SS,3968.580078125,3968.580078125,3974.8798828125,3912.260009765625,3913.489990234375,116500
2023-01-06,000300.SS,3980.889892578125,3980.889892578125,4000.409912109375,3966.469970703125,3969.550048828125,111000
2023-01-09,000300.SS,4013.1201171875,4013.1201171875,4023.090087890625,3990.7099609375,3998.530029296875,117100
2023-01-10,000300.SS,4017.469970703125,4017.469970703125,4030.4599609375,4002.22998046875,4014.7099609375,101800
2023-01-11,000300.SS,4010.030029296875,4010.030029296875,4043.39990234375,4008.02001953125,4019.8798828125,100000
2023-01-12,000300.SS,4017.8701171875,4017.8701171875,4030.2900390625,4003.510009765625,4021.75,90600
2023-01-13,000300.SS,4074.3798828125,4074.3798828125,4074.3798828125,4027.889892578125,4032.2900390625,95900
2023-01-16,000300.SS,4137.9599609375,4137.9599609375,4177.10009765625,4076.639892578125,4077.8798828125,151400
2023-01-17,000300.SS,4137.240234375,4137.240234375,4148.580078125,4118.16015625,4138.83984375,95500
2023-01-18,000300.SS,4130.31005859375,4130.31005859375,4151.4599609375,4125.77001953125,4140.10009765625,84200
2023-01-19,000300.SS,4156.009765625,4156.009765625,4156.009765625,4105.97998046875,4125.580078125,94600
2023-01-20,000300.SS,4181.52978515625,4181.52978515625,4189.830078125,4161.669921875,4166.83984375,123600
2023-01-30,000300.SS,4201.35009765625,4201.35009765625,4268.14990234375,4197.85986328125,4267.6201171875,164600
2023-01-31,000300.SS,4156.85986328125,4156.85986328125,4212.72998046875,4153.0498046875,4200.580078125,124600
2023-02-01,000300.SS,4195.93017578125,4195.93017578125,4195.93017578125,4137.77001953125,4170.1298828125,141000
2023-02-02,000300.SS,4181.14990234375,4181.14990234375,4207.41015625,4170.56005859375,4207.41015625,133800
2023-02-03,000300.SS,4141.6298828125,4141.6298828125,4162.02978515625,4103.169921875,4162.02978515625,117000
2023-02-06,000300.SS,4086.8798828125,4086.8798828125,4105.93994140625,4065.219970703125,4103.830078125,110200
2023-02-07,000300.SS,4094.22998046875,4094.22998046875,4107.33984375,4077.9599609375,4098.31005859375,91400
2023-02-08,000300.SS,4076.139892578125,4076.139892578125,4111.47021484375,4072.64990234375,4099.85986328125,84800
2023-02-09,000300.SS,4130.85986328125,4130.85986328125,4130.85986328125,4064.75,4067.56005859375,102300
2023-02-10,000300.SS,4106.31005859375,4106.31005859375,4125.2900390625,4092.35009765625,4124.10009765625,96700
2023-02-13,000300.SS,4143.56982421875,4143.56982421875,4146.4501953125,4092.27001953125,4098.8798828125,128900
2023-02-14,000300.SS,4145.2900390625,4145.2900390625,4152.0498046875,4125.259765625,4151.25,102500
2023-02-15,000300.SS,4123.68994140625,4123.68994140625,4153.72021484375,4115.97021484375,4146.85009765625,121700
2023-02-16,000300.SS,4093.489990234375,4093.489990234375,4167.89990234375,4068.860107421875,4125.41015625,159300
2023-02-17,000300.SS,4034.510009765625,4034.510009765625,4104.64013671875,4032.929931640625,4086.219970703125,116100
2023-02-20,000300.SS,4133.490234375,4133.490234375,4134.85986328125,4035.47998046875,4039.9599609375,161800
2023-02-21,000300.SS,4144.35009765625,4144.35009765625,4151.7998046875,4116.27001953125,4130.06005859375,145800
2023-02-22,000300.SS,4106.9501953125,4106.9501953125,4134.8798828125,4101.85986328125,4118.97021484375,104300
2023-02-23,000300.SS,4103.64990234375,4103.64990234375,4132.39013671875,4088.2099609375,4106.2099609375,103600
2023-02-24,000300.SS,4061.050048828125,4061.050048828125,4102.60986328125,4048.239990234375,4100.990234375,101000
2023-02-27,000300.SS,4043.840087890625,4043.840087890625,4067.030029296875,4034.52001953125,4040.4599609375,93800
2023-02-28,000300.SS,4069.4599609375,4069.4599609375,4074.260009765625,4026.449951171875,4058.1298828125,110300
2023-03-01,000300.SS,4126.93994140625,4126.93994140625,4135.47998046875,4061.219970703125,4068.72998046875,156000
2023-03-02,000300.SS,4117.740234375,4117.740234375,4137.25,4113.830078125,4119.990234375,148200
2023-03-03,000300.SS,4130.5498046875,4130.5498046875,4135.2099609375,4100.3798828125,4126.02001953125,160300
2023-03-06,000300.SS,4109.009765625,4109.009765625,4132.83984375,4088.449951171875,4131.14990234375,163000
2023-03-07,000300.SS,4048.85009765625,4048.85009765625,4124.9599609375,4046.570068359375,4103.64013671875,195900
2023-03-08,000300.SS,4034.110107421875,4034.110107421875,4037.2900390625,4011.52001953125,4030.739990234375,117900
2023-03-09,000300.SS,4019.85009765625,4019.85009765625,4043.85009765625,4000.889892578125,4035.840087890625,116500
2023-03-10,000300.SS,3967.139892578125,3967.139892578125,4004.360107421875,3966.429931640625,3991.800048828125,123900
2023-03-13,000300.SS,4008.68994140625,4008.68994140625,4008.68994140625,3962.639892578125,3962.639892578125,143600
2023-03-14,000300.SS,3984.699951171875,3984.699951171875,4001.93994140625,3946.93994140625,3999.8798828125,150500
2023-03-15,000300.SS,3986.89990234375,3986.89990234375,4018.75,3986.89990234375,4011.840087890625,142000
2023-03-16,000300.SS,3939.14990234375,3939.14990234375,3981.320068359375,3936.47998046875,3958.199951171875,152500
2023-03-17,000300.SS,3958.820068359375,3958.820068359375,4004.219970703125,3945.25,3971.159912109375,177400
2023-03-20,000300.SS,3939.080078125,3939.080078125,3979.550048828125,3935.02001953125,3962.659912109375,205300
2023-03-21,000300.SS,3982.3798828125,3982.3798828125,3982.699951171875,3948.159912109375,3948.159912109375,145100
2023-03-22,000300.SS,3999.43994140625,3999.43994140625,4016.449951171875,3986.7099609375,3993.780029296875,149200
2023-03-23,000300.SS,4039.090087890625,4039.090087890625,4039.090087890625,3984.0,3985.989990234375,158900
2023-03-24,000300.SS,4027.050048828125,4027.050048828125,4037.840087890625,4017.0,4035.159912109375,159400
2023-03-27,000300.SS,4012.47998046875,4012.47998046875,4023.300048828125,3987.030029296875,4023.300048828125,168500
2023-03-28,000300.SS,3999.510009765625,3999.510009765625,4023.780029296875,3994.60009765625,4015.699951171875,131900
2023-03-29,000300.SS,4006.139892578125,4006.139892578125,4017.760009765625,3992.669921875,4013.590087890625,133700
2023-03-30,000300.SS,4038.530029296875,4038.530029296875,4040.5,3983.89990234375,4009.56005859375,149900
2023-03-31,000300.SS,4050.929931640625,4050.929931640625,4063.570068359375,4039.9599609375,4045.449951171875,138800
2023-04-03,000300.SS,4090.570068359375,4090.570068359375,4094.93994140625,4059.06005859375,4059.6201171875,182100
2023-04-04,000300.SS,4103.10986328125,4103.10986328125,4103.16015625,4080.070068359375,4089.2900390625,197100
2023-04-06,000300.SS,4096.64013671875,4096.64013671875,4098.830078125,4078.39990234375,4084.1298828125,150700
2023-04-07,000300.SS,4123.27978515625,4123.27978515625,4131.31005859375,4092.179931640625,4096.89990234375,128700
2023-04-10,000300.SS,4104.81005859375,4104.81005859375,4132.2998046875,4099.0498046875,4132.009765625,152500
2023-04-11,000300.SS,4100.14990234375,4100.14990234375,4116.1201171875,4083.489990234375,4108.509765625,153900
2023-04-12,000300.SS,4097.2900390625,4097.2900390625,4108.25,4090.280029296875,4102.39990234375,166000
2023-04-13,000300.SS,4068.97998046875,4068.97998046875,4088.8798828125,4059.570068359375,4081.389892578125,156400
2023-04-14,000300.SS,4092.0,4092.0,4098.22021484375,4075.199951171875,4078.969970703125,150700
2023-04-17,000300.SS,4149.3798828125,4149.3798828125,4149.3798828125,4089.510009765625,4090.070068359375,188800
2023-04-18,000300.SS,4162.02978515625,4162.02978515625,4169.669921875,4138.4599609375,4139.31005859375,170200
2023-04-19,000300.SS,4124.56005859375,4124.56005859375,4159.39013671875,4118.6298828125,4159.39013671875,162600
2023-04-20,000300.SS,4113.02001953125,4113.02001953125,4125.81982421875,4094.0,4122.9501953125,162700
2023-04-21,000300.SS,4032.570068359375,4032.570068359375,4114.259765625,4031.909912109375,4114.259765625,180800
2023-04-24,000300.SS,3982.639892578125,3982.639892578125,4033.639892578125,3967.909912109375,4031.300048828125,170100
2023-04-25,000300.SS,3962.669921875,3962.669921875,3991.68994140625,3925.43994140625,3985.110107421875,172600
2023-04-26,000300.SS,3959.22998046875,3959.22998046875,3975.659912109375,3934.659912109375,3950.260009765625,162700
2023-04-27,000300.SS,3988.419921875,3988.419921875,3999.1298828125,3942.820068359375,3948.030029296875,153800
2023-04-28,000300.SS,4029.090087890625,4029.090087890625,4030.449951171875,3993.260009765625,3993.260009765625,179500
2023-05-04,000300.SS,4030.25,4030.25,4035.780029296875,4001.1298828125,4013.469970703125,227600
2023-05-05,000300.SS,4016.8798828125,4016.8798828125,4047.60009765625,3998.389892578125,4031.090087890625,206600
2023-05-08,000300.SS,4062.659912109375,4062.659912109375,4070.77001953125,4018.9599609375,4028.110107421875,255600
2023-05-09,000300.SS,4027.8798828125,4027.8798828125,4092.85009765625,4026.389892578125,4065.43994140625,279300
2023-05-10,000300.SS,3996.8701171875,3996.8701171875,4019.06005859375,3984.6298828125,4017.93994140625,207600
2023-05-11,000300.SS,3990.659912109375,3990.659912109375,4018.06005859375,3988.47998046875,4005.780029296875,144800
2023-05-12,000300.SS,3937.760009765625,3937.760009765625,3999.3798828125,3937.530029296875,3987.77001953125,144400
2023-05-15,000300.SS,3998.889892578125,3998.889892578125,3998.889892578125,3923.030029296875,3938.830078125,176300
2023-05-16,000300.SS,3978.2099609375,3978.2099609375,4005.02001953125,3966.989990234375,4002.52001953125,136800
2023-05-17,000300.SS,3960.169921875,3960.169921875,3982.60009765625,3945.7099609375,3971.699951171875,118400
2023-05-18,000300.SS,3956.070068359375,3956.070068359375,3982.719970703125,3939.550048828125,3965.52001953125,136500
2023-05-19,000300.SS,3944.5400390625,3944.5400390625,3967.280029296875,3928.320068359375,3946.219970703125,120200
2023-05-22,000300.SS,3969.330078125,3969.330078125,3985.39990234375,3935.800048828125,3941.0,109100
2023-05-23,000300.SS,3913.18994140625,3913.18994140625,3971.93994140625,3913.18994140625,3968.22998046875,118700
2023-05-24,000300.SS,3859.090087890625,3859.090087890625,3903.780029296875,3859.090087890625,3903.780029296875,137300
2023-05-25,000300.SS,3850.5,3850.5,3861.3798828125,3817.840087890625,3851.409912109375,124200
2023-05-26,000300.SS,3850.949951171875,3850.949951171875,3859.6298828125,3815.570068359375,3848.419921875,100300
2023-05-29,000300.SS,3833.93994140625,3833.93994140625,3866.719970703125,3819.179931640625,3862.080078125,131900
2023-05-30,000300.SS,3837.75,3837.75,3844.010009765625,3789.27001953125,3827.7900390625,137600
2023-05-31,000300.SS,3798.5400390625,3798.5400390625,3827.159912109375,3781.39990234375,3827.159912109375,126400
2023-06-01,000300.SS,3806.8701171875,3806.8701171875,3832.2099609375,3786.72998046875,3788.590087890625,134600
2023-06-02,000300.SS,3861.830078125,3861.830078125,3865.280029296875,3821.6201171875,3821.6201171875,125000
2023-06-05,000300.SS,3844.25,3844.25,3860.56005859375,3832.4599609375,3860.56005859375,116200
2023-06-06,000300.SS,3808.159912109375,3808.159912109375,3867.85009765625,3802.840087890625,3840.4599609375,125800
2023-06-07,000300.SS,3789.340087890625,3789.340087890625,3823.110107421875,3780.10009765625,3815.47998046875,98900
2023-06-08,000300.SS,3820.18994140625,3820.18994140625,3834.389892578125,3777.780029296875,3791.080078125,118700
2023-06-09,000300.SS,3836.699951171875,3836.699951171875,3836.699951171875,3811.219970703125,3822.409912109375,134300
2023-06-12,000300.SS,3844.429931640625,3844.429931640625,3859.719970703125,3813.860107421875,3827.330078125,126800
2023-06-13,000300.SS,3864.909912109375,3864.909912109375,3867.300048828125,3833.4599609375,3838.1298828125,110900
2023-06-14,000300.SS,3864.02001953125,3864.02001953125,3891.669921875,3862.06005859375,3872.719970703125,125000
2023-06-15,000300.SS,3925.5,3925.5,3925.5,3871.77001953125,3871.77001953125,128400
2023-06-16,000300.SS,3963.35009765625,3963.35009765625,3968.010009765625,3928.5400390625,3932.2099609375,139800
2023-06-19,000300.SS,3930.909912109375,3930.909912109375,3957.030029296875,3922.469970703125,3957.030029296875,134900
2023-06-20,000300.SS,3924.239990234375,3924.239990234375,3937.489990234375,3918.469970703125,3926.090087890625,122500
2023-06-21,000300.SS,3864.030029296875,3864.030029296875,3920.1298828125,3864.030029296875,3909.10009765625,118300
2023-06-26,000300.SS,3809.699951171875,3809.699951171875,3841.2900390625,3801.050048828125,3833.43994140625,134000
2023-06-27,000300.SS,3845.429931640625,3845.429931640625,3851.89990234375,3806.320068359375,3811.68994140625,117000
2023-06-28,000300.SS,3840.800048828125,3840.800048828125,3846.85009765625,3808.159912109375,3836.610107421875,107000
2023-06-29,000300.SS,3821.840087890625,3821.840087890625,3840.7099609375,3817.3798828125,3836.72998046875,98300
2023-06-30,000300.SS,3842.449951171875,3842.449951171875,3860.030029296875,3813.550048828125,3816.330078125,101300
2023-07-03,000300.SS,3892.8798828125,3892.8798828125,3897.330078125,3853.2900390625,3853.2900390625,133200
2023-07-04,000300.SS,3899.010009765625,3899.010009765625,3899.97998046875,3878.39990234375,3888.030029296875,109500
2023-07-05,000300.SS,3868.81005859375,3868.81005859375,3899.52001953125,3864.1298828125,3895.18994140625,97600
2023-07-06,000300.SS,3842.75,3842.75,3876.889892578125,3836.4599609375,3857.030029296875,100100
2023-07-07,000300.SS,3825.699951171875,3825.699951171875,3844.840087890625,3819.080078125,3831.60009765625,100900
2023-07-10,000300.SS,3844.330078125,3844.330078125,3865.4599609375,3831.919921875,3841.56005859375,92000
2023-07-11,000300.SS,3869.489990234375,3869.489990234375,3870.64990234375,3844.52001953125,3853.800048828125,86500
2023-07-12,000300.SS,3843.43994140625,3843.43994140625,3874.0400390625,3838.56005859375,3864.60009765625,111500
2023-07-13,000300.SS,3898.419921875,3898.419921875,3901.10009765625,3855.659912109375,3855.659912109375,120300
2023-07-14,000300.SS,3899.10009765625,3899.10009765625,3908.489990234375,3893.7900390625,3904.60009765625,122400
2023-07-17,000300.SS,3867.169921875,3867.169921875,3881.6201171875,3852.260009765625,3881.6201171875,98300
2023-07-18,000300.SS,3854.93994140625,3854.93994140625,3871.0400390625,3844.510009765625,3871.0400390625,91400
2023-07-19,000300.SS,3850.8701171875,3850.8701171875,3860.010009765625,3830.409912109375,3848.47998046875,79600
2023-07-20,000300.SS,3823.68994140625,3823.68994140625,3875.6201171875,3818.7099609375,3857.77001953125,92000
2023-07-21,000300.SS,3821.909912109375,3821.909912109375,3849.510009765625,3808.800048828125,3816.97998046875,79500
2023-07-24,000300.SS,3805.219970703125,3805.219970703125,3828.7900390625,3798.800048828125,3803.35009765625,75500
2023-07-25,000300.SS,3915.1201171875,3915.1201171875,3915.81005859375,3866.639892578125,3866.639892578125,163100
2023-07-26,000300.SS,3907.010009765625,3907.010009765625,3912.97998046875,3893.39990234375,3908.169921875,107900
2023-07-27,000300.SS,3902.35009765625,3902.35009765625,3935.360107421875,3894.68994140625,3914.22998046875,110700
2023-07-28,000300.SS,3992.739990234375,3992.739990234375,4000.919921875,3886.550048828125,3889.7900390625,179700
2023-07-31,000300.SS,4014.6298828125,4014.6298828125,4064.360107421875,4002.080078125,4018.889892578125,199600
2023-08-01,000300.SS,3998.0,3998.0,4031.699951171875,3983.030029296875,4009.179931640625,142300
2023-08-02,000300.SS,3969.89990234375,3969.89990234375,4008.330078125,3958.510009765625,3985.699951171875,125900
2023-08-03,000300.SS,4004.97998046875,4004.97998046875,4005.0,3962.1298828125,3962.1298828125,129000
2023-08-04,000300.SS,4020.580078125,4020.580078125,4058.239990234375,4011.6201171875,4033.719970703125,178300
2023-08-07,000300.SS,3990.14990234375,3990.14990234375,4002.969970703125,3977.02001953125,4002.969970703125,121300
2023-08-08,000300.SS,3979.72998046875,3979.72998046875,4002.2900390625,3963.4599609375,3980.0400390625,109900
2023-08-09,000300.SS,3967.570068359375,3967.570068359375,3982.110107421875,3961.840087890625,3967.360107421875,94600
2023-08-10,000300.SS,3975.719970703125,3975.719970703125,3976.4599609375,3945.389892578125,3962.860107421875,97200
2023-08-11,000300.SS,3884.25,3884.25,3977.97998046875,3884.25,3977.97998046875,126100
2023-08-14,000300.SS,3855.909912109375,3855.909912109375,3859.469970703125,3814.070068359375,3840.889892578125,116000
2023-08-15,000300.SS,3846.5400390625,3846.5400390625,3865.280029296875,3811.679931640625,3858.3701171875,103100
2023-08-16,000300.SS,3818.330078125,3818.330078125,3852.419921875,3817.6298828125,3830.830078125,94600
2023-08-17,000300.SS,3831.10009765625,3831.10009765625,3836.14990234375,3782.5,3801.199951171875,98400
2023-08-18,000300.SS,3784.0,3784.0,3844.199951171875,3784.0,3832.4599609375,95600
2023-08-21,000300.SS,3729.56005859375,3729.56005859375,3782.110107421875,3729.56005859375,3773.22998046875,98700
2023-08-22,000300.SS,3758.22998046875,3758.22998046875,3770.06005859375,3704.679931640625,3748.070068359375,120300
2023-08-23,000300.SS,3696.6298828125,3696.6298828125,3756.169921875,3695.030029296875,3751.77001953125,97100
2023-08-24,000300.SS,3723.429931640625,3723.429931640625,3748.860107421875,3701.570068359375,3711.5400390625,119600
2023-08-25,000300.SS,3730.7900390625,3730.7900390625,3730.7900390625,3697.27001953125,3703.510009765625,77900
2023-08-28,000300.SS,3752.6201171875,3752.6201171875,3911.550048828125,3740.530029296875,3911.550048828125,198000
2023-08-29,000300.SS,3790.110107421875,3790.110107421875,3810.3798828125,3742.080078125,3743.050048828125,152500
2023-08-30,000300.SS,3788.510009765625,3788.510009765625,3813.699951171875,3780.239990234375,3803.1201171875,129700
2023-08-31,000300.SS,3765.27001953125,3765.27001953125,3794.0,3762.0,3786.929931640625,119000
2023-09-01,000300.SS,3791.489990234375,3791.489990234375,3808.530029296875,3778.909912109375,3778.909912109375,105300
2023-09-04,000300.SS,3848.949951171875,3848.949951171875,3854.260009765625,3804.590087890625,3812.989990234375,142400
2023-09-05,000300.SS,3820.320068359375,3820.320068359375,3839.580078125,3814.330078125,3839.580078125,104100
2023-09-06,000300.SS,3812.030029296875,3812.030029296875,3817.52001953125,3790.889892578125,3808.10009765625,93400
2023-09-07,000300.SS,3758.469970703125,3758.469970703125,3802.22998046875,3756.85009765625,3802.22998046875,95100
2023-09-08,000300.SS,3739.989990234375,3739.989990234375,3753.260009765625,3724.989990234375,3747.64990234375,71600
2023-09-11,000300.SS,3767.5400390625,3767.5400390625,3788.320068359375,3734.719970703125,3740.580078125,105400
2023-09-12,000300.SS,3760.60009765625,3760.60009765625,3775.090087890625,3755.419921875,3764.330078125,79400
2023-09-13,000300.SS,3736.64990234375,3736.64990234375,3768.820068359375,3719.110107421875,3759.610107421875,81600
2023-09-14,000300.SS,3733.510009765625,3733.510009765625,3748.820068359375,3717.31005859375,3736.93994140625,100400
2023-09-15,000300.SS,3708.780029296875,3708.780029296875,3749.02001953125,3699.3798828125,3740.7900390625,109400
2023-09-18,000300.SS,3727.7099609375,3727.7099609375,3737.530029296875,3691.110107421875,3698.929931640625,86700
2023-09-19,000300.SS,3720.5,3720.5,3724.070068359375,3702.68994140625,3723.419921875,83200
2023-09-20,000300.SS,3705.68994140625,3705.68994140625,3718.52001953125,3705.1298828125,3715.9599609375,75400
2023-09-21,000300.SS,3672.43994140625,3672.43994140625,3708.4599609375,3672.43994140625,3698.31005859375,83000
2023-09-22,000300.SS,3738.929931640625,3738.929931640625,3740.419921875,3664.77001953125,3672.639892578125,110200
2023-09-25,000300.SS,3714.60009765625,3714.60009765625,3738.06005859375,3711.199951171875,3738.06005859375,92600
2023-09-26,000300.SS,3692.889892578125,3692.889892578125,3723.85009765625,3692.6201171875,3711.7099609375,78000
2023-09-27,000300.SS,3700.5,3700.5,3731.139892578125,3694.389892578125,3694.9599609375,91600
2023-09-28,000300.SS,3689.52001953125,3689.52001953125,3716.06005859375,3685.300048828125,3711.2099609375,85200
2023-10-09,000300.SS,3684.72998046875,3684.72998046875,3694.169921875,3642.0,3678.929931640625,102100
2023-10-10,000300.SS,3657.1298828125,3657.1298828125,3701.260009765625,3655.590087890625,3696.25,99200
2023-10-11,000300.SS,3667.550048828125,3667.550048828125,3689.530029296875,3658.360107421875,3674.75,102100
2023-10-12,000300.SS,3702.3798828125,3702.3798828125,3711.5,3682.840087890625,3697.929931640625,114400
2023-10-13,000300.SS,3663.409912109375,3663.409912109375,3678.18994140625,3652.31005859375,3677.9599609375,98300
2023-10-16,000300.SS,3626.60009765625,3626.60009765625,3664.0400390625,3615.77001953125,3664.0400390625,91900
2023-10-17,000300.SS,3639.39990234375,3639.39990234375,3645.570068359375,3619.1298828125,3635.300048828125,90700
2023-10-18,000300.SS,3610.580078125,3610.580078125,3632.06005859375,3608.97998046875,3631.070068359375,94500
2023-10-19,000300.SS,3533.5400390625,3533.5400390625,3588.52001953125,3532.31005859375,3588.52001953125,111700
2023-10-20,000300.SS,3510.590087890625,3510.590087890625,3535.659912109375,3501.72998046875,3518.35009765625,98500
2023-10-23,000300.SS,3474.239990234375,3474.239990234375,3505.35009765625,3450.64990234375,3500.199951171875,96600
2023-10-24,000300.SS,3487.1298828125,3487.1298828125,3495.0,3453.10009765625,3481.760009765625,115500
2023-10-25,000300.SS,3504.4599609375,3504.4599609375,3531.830078125,3500.919921875,3524.300048828125,128000
2023-10-26,000300.SS,3514.139892578125,3514.139892578125,3515.570068359375,3478.050048828125,3484.780029296875,105100
2023-10-27,000300.SS,3562.389892578125,3562.389892578125,3576.590087890625,3494.550048828125,3501.169921875,120200
2023-10-30,000300.SS,3583.77001953125,3583.77001953125,3592.719970703125,3554.02001953125,3554.110107421875,144000
2023-10-31,000300.SS,3572.510009765625,3572.510009765625,3581.679931640625,3554.580078125,3581.679931640625,112600
2023-11-01,000300.SS,3571.030029296875,3571.030029296875,3606.409912109375,3564.639892578125,3605.760009765625,97600
2023-11-02,000300.SS,3554.18994140625,3554.18994140625,3597.169921875,3553.739990234375,3580.070068359375,90400
2023-11-03,000300.SS,3584.139892578125,3584.139892578125,3596.10009765625,3558.530029296875,3558.530029296875,97500
2023-11-06,000300.SS,3632.610107421875,3632.610107421875,3635.7900390625,3600.6298828125,3608.320068359375,153000
2023-11-07,000300.SS,3619.760009765625,3619.760009765625,3628.4599609375,3606.300048828125,3623.780029296875,110300
2023-11-08,000300.SS,3611.070068359375,3611.070068359375,3627.050048828125,3591.820068359375,3610.639892578125,110600
2023-11-09,000300.SS,3612.830078125,3612.830078125,3624.409912109375,3601.3701171875,3603.110107421875,111900
2023-11-10,000300.SS,3586.489990234375,3586.489990234375,3599.449951171875,3576.10009765625,3596.070068359375,102100
2023-11-13,000300.SS,3579.409912109375,3579.409912109375,3599.389892578125,3562.77001953125,3593.909912109375,96700
2023-11-14,000300.SS,3582.06005859375,3582.06005859375,3600.14990234375,3568.8798828125,3581.10009765625,100900
2023-11-15,000300.SS,3607.25,3607.25,3620.60009765625,3596.919921875,3616.8798828125,104900
2023-11-16,000300.SS,3572.360107421875,3572.360107421875,3605.2900390625,3572.360107421875,3600.97998046875,87500
2023-11-17,000300.SS,3568.070068359375,3568.070068359375,3573.679931640625,3547.030029296875,3561.31005859375,87300
2023-11-20,000300.SS,3576.320068359375,3576.320068359375,3586.969970703125,3545.10009765625,3569.72998046875,91100
2023-11-21,000300.SS,3581.070068359375,3581.070068359375,3615.06005859375,3575.679931640625,3587.8798828125,108600
2023-11-22,000300.SS,3544.419921875,3544.419921875,3574.3798828125,3544.419921875,3569.43994140625,84800
2023-11-23,000300.SS,3561.52001953125,3561.52001953125,3562.070068359375,3529.93994140625,3541.43994140625,84800
2023-11-24,000300.SS,3538.010009765625,3538.010009765625,3560.64990234375,3534.0,3560.64990234375,85000
2023-11-27,000300.SS,3511.93994140625,3511.93994140625,3534.43994140625,3492.860107421875,3534.43994140625,99100
2023-11-28,000300.SS,3518.52001953125,3518.52001953125,3521.050048828125,3501.110107421875,3510.659912109375,89300
2023-11-29,000300.SS,3488.31005859375,3488.31005859375,3519.199951171875,3482.239990234375,3518.8798828125,98800
2023-11-30,000300.SS,3496.199951171875,3496.199951171875,3505.1298828125,3481.449951171875,3485.52001953125,101400
2023-12-01,000300.SS,3482.8798828125,3482.8798828125,3494.219970703125,3452.169921875,3494.219970703125,108500
2023-12-04,000300.SS,3460.139892578125,3460.139892578125,3488.1298828125,3459.610107421875,3481.0400390625,97200
2023-12-05,000300.SS,3394.260009765625,3394.260009765625,3450.090087890625,3393.81005859375,3450.090087890625,100500
2023-12-06,000300.SS,3399.60009765625,3399.60009765625,3420.280029296875,3382.949951171875,3387.8798828125,105800
2023-12-07,000300.SS,3391.280029296875,3391.280029296875,3404.409912109375,3369.77001953125,3394.31005859375,97700
2023-12-08,000300.SS,3399.4599609375,3399.4599609375,3409.3798828125,3383.449951171875,3391.860107421875,129500
2023-12-11,000300.SS,3419.449951171875,3419.449951171875,3426.610107421875,3346.889892578125,3378.050048828125,139600
2023-12-12,000300.SS,3426.800048828125,3426.800048828125,3427.550048828125,3406.10009765625,3410.0,105600
2023-12-13,000300.SS,3369.610107421875,3369.610107421875,3418.639892578125,3369.610107421875,3418.639892578125,95300
2023-12-14,000300.SS,3351.9599609375,3351.9599609375,3399.139892578125,3350.760009765625,3387.3798828125,83700
2023-12-15,000300.SS,3341.550048828125,3341.550048828125,3388.5,3339.52001953125,3365.93994140625,97800
2023-12-18,000300.SS,3329.3701171875,3329.3701171875,3352.35009765625,3314.909912109375,3329.18994140625,90500
2023-12-19,000300.SS,3334.0400390625,3334.0400390625,3345.780029296875,3313.18994140625,3325.659912109375,83800
2023-12-20,000300.SS,3297.5,3297.5,3338.5400390625,3297.3701171875,3334.330078125,92400
2023-12-21,000300.SS,3330.8701171875,3330.8701171875,3339.360107421875,3283.989990234375,3285.60009765625,102500
2023-12-22,000300.SS,3337.22998046875,3337.22998046875,3359.06005859375,3315.89990234375,3329.469970703125,105200
2023-12-25,000300.SS,3347.449951171875,3347.449951171875,3348.8798828125,3330.330078125,3330.330078125,74500
2023-12-26,000300.SS,3324.7900390625,3324.7900390625,3345.419921875,3315.93994140625,3345.39990234375,74700
2023-12-27,000300.SS,3336.360107421875,3336.360107421875,3341.27001953125,3309.669921875,3326.929931640625,94400
2023-12-28,000300.SS,3414.5400390625,3414.5400390625,3423.39990234375,3331.2099609375,3335.56005859375,148100
2023-12-29,000300.SS,3431.110107421875,3431.110107421875,3432.5400390625,3409.580078125,3411.110107421875,114900
2024-01-02,000300.SS,3386.35009765625,3386.35009765625,3426.27001953125,3386.35009765625,3426.27001953125,116200
2024-01-03,000300.SS,3378.300048828125,3378.300048828125,3392.85009765625,3362.659912109375,3379.75,105600
2024-01-04,000300.SS,3347.050048828125,3347.050048828125,3375.02001953125,3323.860107421875,3375.02001953125,106700
2024-01-05,000300.SS,3329.110107421875,3329.110107421875,3372.5400390625,3313.550048828125,3341.31005859375,126400
2024-01-08,000300.SS,3286.06005859375,3286.06005859375,3333.52001953125,3283.340087890625,3322.610107421875,117400
2024-01-09,000300.SS,3292.5,3292.5,3304.60009765625,3273.840087890625,3286.7099609375,109300
2024-01-10,000300.SS,3277.1298828125,3277.1298828125,3312.919921875,3268.25,3281.669921875,94200
2024-01-11,000300.SS,3295.669921875,3295.669921875,3311.110107421875,3266.7900390625,3275.31005859375,108800
2024-01-12,000300.SS,3284.169921875,3284.169921875,3310.469970703125,3279.699951171875,3284.360107421875,96900
2024-01-15,000300.SS,3280.919921875,3280.919921875,3306.919921875,3261.27001953125,3270.10009765625,88900
2024-01-16,000300.SS,3300.8798828125,3300.8798828125,3300.8798828125,3260.43994140625,3272.570068359375,113300
2024-01-17,000300.SS,3229.080078125,3229.080078125,3291.139892578125,3229.080078125,3291.139892578125,108800
2024-01-18,000300.SS,3274.72998046875,3274.72998046875,3279.25,3171.6298828125,3214.280029296875,174900
2024-01-19,000300.SS,3269.780029296875,3269.780029296875,3286.93994140625,3251.81005859375,3261.239990234375,118500
2024-01-22,000300.SS,3218.89990234375,3218.89990234375,3281.419921875,3193.179931640625,3262.469970703125,148700
2024-01-23,000300.SS,3231.929931640625,3231.929931640625,3249.530029296875,3188.1298828125,3208.429931640625,122000
2024-01-24,000300.SS,3277.110107421875,3277.110107421875,3281.489990234375,3190.469970703125,3245.9599609375,154400
2024-01-25,000300.SS,3342.919921875,3342.919921875,3344.239990234375,3269.7900390625,3274.340087890625,196800
2024-01-26,000300.SS,3333.820068359375,3333.820068359375,3351.969970703125,3315.1298828125,3326.64990234375,180700
2024-01-29,000300.SS,3303.9599609375,3303.9599609375,3351.3701171875,3303.9599609375,3335.389892578125,184200
2024-01-30,000300.SS,3245.0400390625,3245.0400390625,3300.199951171875,3244.969970703125,3283.89990234375,143600
2024-01-31,000300.SS,3215.35009765625,3215.35009765625,3252.14990234375,3201.929931640625,3231.5400390625,153100
2024-02-01,000300.SS,3217.7099609375,3217.7099609375,3251.760009765625,3191.89990234375,3202.260009765625,145500
2024-02-02,000300.SS,3179.6298828125,3179.6298828125,3235.409912109375,3108.35009765625,3219.8701171875,173800
2024-02-05,000300.SS,3200.419921875,3200.419921875,3233.85009765625,3111.52001953125,3164.25,203000
2024-02-06,000300.SS,3311.68994140625,3311.68994140625,3314.510009765625,3182.820068359375,3185.25,202700
2024-02-07,000300.SS,3343.6298828125,3343.6298828125,3343.6298828125,3289.669921875,3314.030029296875,216600
2024-02-08,000300.SS,3364.929931640625,3364.929931640625,3367.2099609375,3336.97998046875,3351.409912109375,190000
2024-02-19,000300.SS,3403.81005859375,3403.81005859375,3403.81005859375,3364.139892578125,3393.18994140625,183300
2024-02-20,000300.SS,3410.85009765625,3410.85009765625,3415.889892578125,3380.10009765625,3395.18994140625,140700
2024-02-21,000300.SS,3456.8701171875,3456.8701171875,3500.1298828125,3383.68994140625,3390.360107421875,188900
2024-02-22,000300.SS,3486.669921875,3486.669921875,3486.679931640625,3448.409912109375,3450.35009765625,141000
2024-02-23,000300.SS,3489.739990234375,3489.739990234375,3507.56005859375,3472.969970703125,3491.340087890625,144800
2024-02-26,000300.SS,3453.360107421875,3453.360107421875,3492.610107421875,3445.389892578125,3485.5400390625,151200
2024-02-27,000300.SS,3494.7900390625,3494.7900390625,3494.7900390625,3437.43994140625,3440.050048828125,139500
2024-02-28,000300.SS,3450.260009765625,3450.260009765625,3521.659912109375,3450.260009765625,3499.830078125,189800
2024-02-29,000300.SS,3516.080078125,3516.080078125,3516.080078125,3437.89990234375,3437.89990234375,155900
2024-03-01,000300.SS,3537.800048828125,3537.800048828125,3544.360107421875,3503.4599609375,3515.06005859375,162700
2024-03-04,000300.SS,3540.8701171875,3540.8701171875,3548.68994140625,3519.760009765625,3538.3701171875,163200
2024-03-05,000300.SS,3565.510009765625,3565.510009765625,3570.68994140625,3519.080078125,3524.9599609375,166400
2024-03-06,000300.SS,3551.050048828125,3551.050048828125,3577.389892578125,3545.10009765625,3556.530029296875,143100
2024-03-07,000300.SS,3529.719970703125,3529.719970703125,3569.919921875,3522.89990234375,3548.10009765625,148100
2024-03-08,000300.SS,3544.909912109375,3544.909912109375,3548.510009765625,3511.580078125,3529.550048828125,125800
2024-03-11,000300.SS,3589.260009765625,3589.260009765625,3589.260009765625,3542.280029296875,3545.93994140625,148200
2024-03-12,000300.SS,3597.489990234375,3597.489990234375,3605.699951171875,3574.2099609375,3592.580078125,180700
2024-03-13,000300.SS,3572.360107421875,3572.360107421875,3594.419921875,3563.3701171875,3594.419921875,144600
2024-03-14,000300.SS,3562.219970703125,3562.219970703125,3597.4599609375,3545.610107421875,3571.7900390625,141000
2024-03-15,000300.SS,3569.989990234375,3569.989990234375,3572.81005859375,3533.679931640625,3554.909912109375,138300
2024-03-18,000300.SS,3603.530029296875,3603.530029296875,3604.050048828125,3573.39990234375,3577.06005859375,160400
2024-03-19,000300.SS,3577.6298828125,3577.6298828125,3610.739990234375,3577.18994140625,3593.340087890625,145600
2024-03-20,000300.SS,3585.3798828125,3585.3798828125,3589.550048828125,3568.429931640625,3568.719970703125,129500
2024-03-21,000300.SS,3581.090087890625,3581.090087890625,3601.110107421875,3575.030029296875,3593.070068359375,130700
2024-03-22,000300.SS,3545.0,3545.0,3575.719970703125,3522.840087890625,3571.27001953125,139200
2024-03-25,000300.SS,3525.760009765625,3525.760009765625,3564.9599609375,3525.760009765625,3536.7099609375,137000
2024-03-26,000300.SS,3543.75,3543.75,3547.64990234375,3518.60009765625,3526.679931640625,126200
2024-03-27,000300.SS,3502.7900390625,3502.7900390625,3542.9599609375,3502.7900390625,3538.719970703125,128600
2024-03-28,000300.SS,3520.9599609375,3520.9599609375,3551.2099609375,3489.389892578125,3498.47998046875,143300
2024-03-29,000300.SS,3537.47998046875,3537.47998046875,3538.239990234375,3516.8798828125,3516.8798828125,128600
2024-04-01,000300.SS,3595.64990234375,3595.64990234375,3600.919921875,3551.580078125,3551.580078125,162800
2024-04-02,000300.SS,3580.679931640625,3580.679931640625,3596.18994140625,3568.75,3593.219970703125,141300
2024-04-03,000300.SS,3567.800048828125,3567.800048828125,3582.429931640625,3558.8701171875,3578.679931640625,135600
2024-04-08,000300.SS,3536.409912109375,3536.409912109375,3567.820068359375,3535.77001953125,3553.56005859375,155300
2024-04-09,000300.SS,3533.489990234375,3533.489990234375,3543.7099609375,3518.860107421875,3533.3798828125,129700
2024-04-10,000300.SS,3504.7099609375,3504.7099609375,3531.22998046875,3490.050048828125,3528.969970703125,128800
2024-04-11,000300.SS,3504.239990234375,3504.239990234375,3520.590087890625,3484.929931640625,3485.030029296875,126500
2024-04-12,000300.SS,3475.840087890625,3475.840087890625,3516.699951171875,3470.06005859375,3505.75,128900
2024-04-15,000300.SS,3549.080078125,3549.080078125,3552.409912109375,3473.5,3473.5,183900
2024-04-16,000300.SS,3511.110107421875,3511.110107421875,3545.5,3503.6201171875,3533.360107421875,176200
2024-04-17,000300.SS,3565.39990234375,3565.39990234375,3565.93994140625,3498.030029296875,3509.1298828125,168500
2024-04-18,000300.SS,3569.800048828125,3569.800048828125,3602.7900390625,3547.60009765625,3550.56005859375,178600
2024-04-19,000300.SS,3541.659912109375,3541.659912109375,3560.949951171875,3529.320068359375,3550.610107421875,147300
2024-04-22,000300.SS,3530.89990234375,3530.89990234375,3558.159912109375,3528.02001953125,3536.179931640625,150600
2024-04-23,000300.SS,3506.219970703125,3506.219970703125,3533.760009765625,3499.97998046875,3525.669921875,143100
2024-04-24,000300.SS,3521.6201171875,3521.6201171875,3524.5400390625,3495.64990234375,3514.010009765625,121700
2024-04-25,000300.SS,3530.280029296875,3530.280029296875,3543.969970703125,3505.199951171875,3510.639892578125,115200
2024-04-26,000300.SS,3584.27001953125,3584.27001953125,3588.39990234375,3531.9599609375,3531.9599609375,197200
2024-04-29,000300.SS,3623.909912109375,3623.909912109375,3645.820068359375,3578.760009765625,3584.5400390625,222700
2024-04-30,000300.SS,3604.389892578125,3604.389892578125,3630.7099609375,3604.389892578125,3619.260009765625,191300
2024-05-06,000300.SS,3657.8798828125,3657.8798828125,3668.260009765625,3645.739990234375,3654.050048828125,208000
2024-05-07,000300.SS,3659.010009765625,3659.010009765625,3665.679931640625,3648.3798828125,3657.0,164800
2024-05-08,000300.SS,3630.219970703125,3630.219970703125,3650.93994140625,3628.699951171875,3650.75,130000
2024-05-09,000300.SS,3664.56005859375,3664.56005859375,3669.760009765625,3630.409912109375,3630.409912109375,146600
2024-05-10,000300.SS,3666.280029296875,3666.280029296875,3674.610107421875,3641.760009765625,3669.090087890625,150700
2024-05-13,000300.SS,3664.68994140625,3664.68994140625,3673.6201171875,3634.60009765625,3646.35009765625,157300
2024-05-14,000300.SS,3657.050048828125,3657.050048828125,3675.780029296875,3646.7099609375,3668.22998046875,133400
2024-05-15,000300.SS,3626.06005859375,3626.06005859375,3656.530029296875,3624.0,3651.050048828125,123500
2024-05-16,000300.SS,3640.360107421875,3640.360107421875,3657.47998046875,3626.330078125,3636.60009765625,154600
2024-05-17,000300.SS,3677.969970703125,3677.969970703125,3677.969970703125,3627.449951171875,3638.56005859375,164600
2024-05-20,000300.SS,3690.9599609375,3690.9599609375,3703.030029296875,3677.43994140625,3682.06005859375,184600
2024-05-21,000300.SS,3676.159912109375,3676.159912109375,3684.610107421875,3665.14990234375,3682.2900390625,130700
2024-05-22,000300.SS,3684.449951171875,3684.449951171875,3691.8798828125,3667.090087890625,3675.64990234375,151900
2024-05-23,000300.SS,3641.7900390625,3641.7900390625,3674.3701171875,3633.510009765625,3672.840087890625,142600
2024-05-24,000300.SS,3601.47998046875,3601.47998046875,3650.8701171875,3599.669921875,3630.830078125,124800
2024-05-27,000300.SS,3635.7099609375,3635.7099609375,3638.14990234375,3603.7099609375,3606.64990234375,131300
2024-05-28,000300.SS,3609.169921875,3609.169921875,3638.969970703125,3605.919921875,3633.25,123500
2024-05-29,000300.SS,3613.52001953125,3613.52001953125,3633.199951171875,3602.820068359375,3609.070068359375,115900
2024-05-30,000300.SS,3594.31005859375,3594.31005859375,3624.0400390625,3586.75,3607.050048828125,122600
2024-05-31,000300.SS,3579.919921875,3579.919921875,3614.639892578125,3579.919921875,3599.820068359375,112500
2024-06-03,000300.SS,3588.75,3588.75,3600.60009765625,3567.8701171875,3577.3798828125,141100
2024-06-04,000300.SS,3615.669921875,3615.669921875,3622.5,3580.280029296875,3583.81005859375,124500
2024-06-05,000300.SS,3594.7900390625,3594.7900390625,3623.320068359375,3594.110107421875,3610.360107421875,110900
2024-06-06,000300.SS,3592.25,3592.25,3625.010009765625,3584.169921875,3602.159912109375,137900
2024-06-07,000300.SS,3574.110107421875,3574.110107421875,3603.070068359375,3552.090087890625,3594.6298828125,131100
2024-06-11,000300.SS,3542.8798828125,3542.8798828125,3565.31005859375,3525.889892578125,3555.820068359375,134500
2024-06-12,000300.SS,3544.1201171875,3544.1201171875,3551.169921875,3531.570068359375,3539.090087890625,122800
2024-06-13,000300.SS,3526.1298828125,3526.1298828125,3551.080078125,3520.179931640625,3548.219970703125,123200
2024-06-14,000300.SS,3541.530029296875,3541.530029296875,3547.14990234375,3503.52001953125,3514.800048828125,171500
2024-06-17,000300.SS,3536.199951171875,3536.199951171875,3540.7900390625,3520.739990234375,3521.43994140625,137400
2024-06-18,000300.SS,3545.590087890625,3545.590087890625,3551.7099609375,3532.780029296875,3533.489990234375,123700
2024-06-19,000300.SS,3528.75,3528.75,3543.360107421875,3524.840087890625,3543.360107421875,106600
2024-06-20,000300.SS,3503.280029296875,3503.280029296875,3533.989990234375,3500.1298828125,3525.169921875,111600
2024-06-21,000300.SS,3495.6201171875,3495.6201171875,3505.510009765625,3473.830078125,3496.340087890625,109200
2024-06-24,000300.SS,3476.81005859375,3476.81005859375,3505.780029296875,3471.219970703125,3473.639892578125,118000
2024-06-25,000300.SS,3457.89990234375,3457.89990234375,3483.219970703125,3440.64990234375,3475.159912109375,118400
2024-06-26,000300.SS,3480.260009765625,3480.260009765625,3487.39990234375,3442.300048828125,3451.5400390625,105900
2024-06-27,000300.SS,3454.1201171875,3454.1201171875,3471.139892578125,3452.580078125,3467.2900390625,114900
2024-06-28,000300.SS,3461.659912109375,3461.659912109375,3484.679931640625,3443.669921875,3443.669921875,135400
2024-07-01,000300.SS,3478.179931640625,3478.179931640625,3479.949951171875,3443.81005859375,3458.260009765625,121800
2024-07-02,000300.SS,3471.7900390625,3471.7900390625,3488.320068359375,3464.52001953125,3472.449951171875,121700
2024-07-03,000300.SS,3463.409912109375,3463.409912109375,3478.699951171875,3454.989990234375,3471.56005859375,103900
2024-07-04,000300.SS,3445.81005859375,3445.81005859375,3483.31005859375,3444.929931640625,3468.300048828125,104400
2024-07-05,000300.SS,3431.06005859375,3431.06005859375,3451.0400390625,3399.669921875,3443.360107421875,116600
2024-07-08,000300.SS,3401.760009765625,3401.760009765625,3428.0400390625,3395.909912109375,3420.800048828125,115500
2024-07-09,000300.SS,3439.81005859375,3439.81005859375,3448.929931640625,3384.81005859375,3396.800048828125,131600
2024-07-10,000300.SS,3428.969970703125,3428.969970703125,3447.510009765625,3423.64990234375,3425.8798828125,127200
2024-07-11,000300.SS,3468.169921875,3468.169921875,3473.97998046875,3438.1201171875,3451.0400390625,145900
2024-07-12,000300.SS,3472.39990234375,3472.39990234375,3479.10009765625,3457.360107421875,3459.9599609375,130900
2024-07-15,000300.SS,3476.25,3476.25,3481.4599609375,3460.7900390625,3462.610107421875,118500
2024-07-16,000300.SS,3498.280029296875,3498.280029296875,3500.2900390625,3464.3701171875,3466.85009765625,120700
2024-07-17,000300.SS,3501.580078125,3501.580078125,3514.47998046875,3486.219970703125,3494.2099609375,131800
2024-07-18,000300.SS,3520.929931640625,3520.929931640625,3522.800048828125,3475.719970703125,3483.300048828125,123800
2024-07-19,000300.SS,3539.02001953125,3539.02001953125,3545.340087890625,3493.070068359375,3500.81005859375,132400
2024-07-22,000300.SS,3514.919921875,3514.919921875,3540.18994140625,3494.010009765625,3538.39990234375,132100
2024-07-23,000300.SS,3439.8798828125,3439.8798828125,3509.7900390625,3439.8798828125,3509.7900390625,128900
2024-07-24,000300.SS,3418.169921875,3418.169921875,3451.419921875,3408.409912109375,3432.35009765625,127000
2024-07-25,000300.SS,3399.27001953125,3399.27001953125,3415.860107421875,3383.800048828125,3404.610107421875,131000
2024-07-26,000300.SS,3409.2900390625,3409.2900390625,3420.820068359375,3388.659912109375,3403.7099609375,124200
2024-07-29,000300.SS,3390.739990234375,3390.739990234375,3408.5,3388.840087890625,3404.3701171875,109800
2024-07-30,000300.SS,3369.3798828125,3369.3798828125,3380.68994140625,3352.800048828125,3380.68994140625,105000
2024-07-31,000300.SS,3442.080078125,3442.080078125,3445.0,3364.030029296875,3364.030029296875,172000
2024-08-01,000300.SS,3419.27001953125,3419.27001953125,3448.340087890625,3419.18994140625,3443.139892578125,136300
2024-08-02,000300.SS,3384.389892578125,3384.389892578125,3419.10009765625,3380.9599609375,3393.919921875,116600
2024-08-05,000300.SS,3343.320068359375,3343.320068359375,3409.030029296875,3343.320068359375,3362.110107421875,142800
2024-08-06,000300.SS,3342.97998046875,3342.97998046875,3376.800048828125,3318.6298828125,3367.35009765625,119300
2024-08-07,000300.SS,3341.489990234375,3341.489990234375,3362.3798828125,3329.969970703125,3338.590087890625,95100
2024-08-08,000300.SS,3342.93994140625,3342.93994140625,3364.7900390625,3320.840087890625,3332.429931640625,92500
2024-08-09,000300.SS,3331.6298828125,3331.6298828125,3366.669921875,3331.6298828125,3358.1298828125,91500
2024-08-12,000300.SS,3325.860107421875,3325.860107421875,3338.080078125,3319.889892578125,3327.56005859375,79900
2024-08-13,000300.SS,3334.389892578125,3334.389892578125,3335.010009765625,3310.18994140625,3328.010009765625,84500
2024-08-14,000300.SS,3309.239990234375,3309.239990234375,3332.7900390625,3309.10009765625,3332.7900390625,78700
2024-08-15,000300.SS,3341.949951171875,3341.949951171875,3356.760009765625,3297.969970703125,3301.449951171875,104800
2024-08-16,000300.SS,3345.6298828125,3345.6298828125,3356.909912109375,3335.6201171875,3342.030029296875,96500
2024-08-19,000300.SS,3356.969970703125,3356.969970703125,3375.9599609375,3343.7099609375,3344.260009765625,105600
2024-08-20,000300.SS,3332.699951171875,3332.699951171875,3362.330078125,3321.639892578125,3361.639892578125,101700
2024-08-21,000300.SS,3321.639892578125,3321.639892578125,3339.43994140625,3307.989990234375,3322.909912109375,90000
2024-08-22,000300.SS,3313.139892578125,3313.139892578125,3327.699951171875,3305.25,3322.8701171875,100400
2024-08-23,000300.SS,3327.18994140625,3327.18994140625,3336.239990234375,3305.639892578125,3305.929931640625,89500
2024-08-26,000300.SS,3324.219970703125,3324.219970703125,3336.530029296875,3311.570068359375,3330.719970703125,94000
2024-08-27,000300.SS,3305.330078125,3305.330078125,3320.570068359375,3299.56005859375,3315.68994140625,95800
2024-08-28,000300.SS,3286.5,3286.5,3305.35009765625,3274.590087890625,3298.909912109375,92700
2024-08-29,000300.SS,3277.679931640625,3277.679931640625,3290.7900390625,3269.530029296875,3273.5400390625,130700
2024-08-30,000300.SS,3321.429931640625,3321.429931640625,3351.6298828125,3273.64990234375,3273.75,188700
2024-09-02,000300.SS,3265.010009765625,3265.010009765625,3307.760009765625,3264.760009765625,3307.5400390625,147600
2024-09-03,000300.SS,3273.429931640625,3273.429931640625,3281.590087890625,3261.18994140625,3261.739990234375,122900
2024-09-04,000300.SS,3252.159912109375,3252.159912109375,3272.989990234375,3249.97998046875,3253.89990234375,104800
2024-09-05,000300.SS,3257.760009765625,3257.760009765625,3266.8798828125,3247.169921875,3252.9599609375,97100
2024-09-06,000300.SS,3231.35009765625,3231.35009765625,3274.81005859375,3231.070068359375,3261.14990234375,88400
2024-09-09,000300.SS,3192.949951171875,3192.949951171875,3222.929931640625,3180.929931640625,3214.800048828125,108700
2024-09-10,000300.SS,3195.760009765625,3195.760009765625,3205.10009765625,3171.7900390625,3193.4599609375,97300
2024-09-11,000300.SS,3186.1298828125,3186.1298828125,3197.340087890625,3174.030029296875,3187.050048828125,102500
2024-09-12,000300.SS,3172.469970703125,3172.469970703125,3201.550048828125,3171.8798828125,3189.429931640625,92900
2024-09-13,000300.SS,3159.25,3159.25,3188.909912109375,3159.25,3174.030029296875,88300
2024-09-18,000300.SS,3171.010009765625,3171.010009765625,3179.89990234375,3145.7900390625,3158.820068359375,84700
2024-09-19,000300.SS,3196.0400390625,3196.0400390625,3213.840087890625,3149.7900390625,3178.39990234375,125400
2024-09-20,000300.SS,3201.050048828125,3201.050048828125,3207.989990234375,3173.219970703125,3192.429931640625,118100
2024-09-23,000300.SS,3212.760009765625,3212.760009765625,3230.159912109375,3198.02001953125,3200.8701171875,95300
2024-09-24,000300.SS,3351.909912109375,3351.909912109375,3351.969970703125,3222.489990234375,3244.64990234375,204100
2024-09-25,000300.SS,3401.530029296875,3401.530029296875,3465.489990234375,3393.43994140625,3403.699951171875,241600
2024-09-26,000300.SS,3545.320068359375,3545.320068359375,3545.320068359375,3391.679931640625,3399.320068359375,243100
2024-09-27,000300.SS,3703.679931640625,3703.679931640625,3708.5,3596.580078125,3617.919921875,265500
2024-09-30,000300.SS,4017.85009765625,4017.85009765625,4038.699951171875,3796.5,3846.64990234375,510200
2024-10-08,000300.SS,4256.10009765625,4256.10009765625,4450.3701171875,4094.35009765625,4450.3701171875,589900
2024-10-09,000300.SS,3955.97998046875,3955.97998046875,4197.60009765625,3942.510009765625,4168.83984375,482300
2024-10-10,000300.SS,3997.7900390625,3997.7900390625,4098.5,3912.77001953125,3979.610107421875,395100
2024-10-11,000300.SS,3887.169921875,3887.169921875,3978.239990234375,3847.1201171875,3969.760009765625,274100
2024-10-14,000300.SS,3961.340087890625,3961.340087890625,3979.5400390625,3868.780029296875,3915.219970703125,307600
2024-10-15,000300.SS,3855.989990234375,3855.989990234375,3967.8701171875,3855.989990234375,3942.530029296875,242500
2024-10-16,000300.SS,3831.590087890625,3831.590087890625,3877.75,3805.090087890625,3806.139892578125,218900
2024-10-17,000300.SS,3788.219970703125,3788.219970703125,3882.070068359375,3787.75,3853.840087890625,212300
2024-10-18,000300.SS,3925.22998046875,3925.22998046875,3998.2099609375,3765.159912109375,3780.31005859375,313000
2024-10-21,000300.SS,3935.199951171875,3935.199951171875,3979.260009765625,3896.169921875,3946.89990234375,291200
2024-10-22,000300.SS,3957.780029296875,3957.780029296875,3965.909912109375,3917.52001953125,3923.739990234375,223400
2024-10-23,000300.SS,3973.2099609375,3973.2099609375,4012.179931640625,3939.10009765625,3955.320068359375,245900
2024-10-24,000300.SS,3928.830078125,3928.830078125,3957.97998046875,3914.090087890625,3950.89990234375,174700
2024-10-25,000300.SS,3956.419921875,3956.419921875,3992.889892578125,3921.93994140625,3931.320068359375,210700
2024-10-28,000300.SS,3964.159912109375,3964.159912109375,3964.159912109375,3917.199951171875,3953.110107421875,216200
2024-10-29,000300.SS,3924.64990234375,3924.64990234375,3991.31005859375,3921.580078125,3970.010009765625,217300
2024-10-30,000300.SS,3889.449951171875,3889.449951171875,3926.06005859375,3864.31005859375,3904.159912109375,219400
2024-10-31,000300.SS,3891.0400390625,3891.0400390625,3923.89990234375,3859.110107421875,3888.419921875,300600
2024-11-01,000300.SS,3890.02001953125,3890.02001953125,3933.219970703125,3879.9599609375,3882.4599609375,308000
2024-11-04,000300.SS,3944.760009765625,3944.760009765625,3944.760009765625,3891.2099609375,3897.7099609375,229200
2024-11-05,000300.SS,4044.570068359375,4044.570068359375,4046.699951171875,3925.409912109375,3937.6201171875,316900
2024-11-06,000300.SS,4024.280029296875,4024.280029296875,4091.699951171875,4002.5,4051.2900390625,335800
2024-11-07,000300.SS,4145.7001953125,4145.7001953125,4146.14990234375,3984.669921875,3987.27001953125,341400
2024-11-08,000300.SS,4104.0498046875,4104.0498046875,4200.91015625,4094.159912109375,4192.080078125,332400
2024-11-11,000300.SS,4131.1298828125,4131.1298828125,4132.509765625,4048.0400390625,4066.929931640625,289600
2024-11-12,000300.SS,4085.739990234375,4085.739990234375,4181.7099609375,4060.7900390625,4133.35009765625,297800
2024-11-13,000300.SS,4110.89013671875,4110.89013671875,4121.06982421875,4059.590087890625,4059.590087890625,240500
2024-11-14,000300.SS,4039.6201171875,4039.6201171875,4118.169921875,4034.93994140625,4101.22021484375,230200
2024-11-15,000300.SS,3968.830078125,3968.830078125,4049.070068359375,3968.830078125,4025.64990234375,247400
2024-11-18,000300.SS,3950.3798828125,3950.3798828125,4034.06005859375,3931.18994140625,3982.10009765625,306800
2024-11-19,000300.SS,3976.889892578125,3976.889892578125,3979.14990234375,3896.75,3954.60009765625,242900
2024-11-20,000300.SS,3985.77001953125,3985.77001953125,4001.080078125,3958.340087890625,3966.1201171875,184600
2024-11-21,000300.SS,3989.300048828125,3989.300048828125,3999.570068359375,3966.070068359375,3979.4599609375,166100
2024-11-22,000300.SS,3865.699951171875,3865.699951171875,3990.260009765625,3865.699951171875,3984.239990234375,216300
2024-11-25,000300.SS,3848.090087890625,3848.090087890625,3889.7099609375,3812.320068359375,3875.610107421875,190700
2024-11-26,000300.SS,3840.179931640625,3840.179931640625,3875.22998046875,3833.280029296875,3836.260009765625,149900
2024-11-27,000300.SS,3907.0400390625,3907.0400390625,3907.159912109375,3817.909912109375,3829.340087890625,174100
2024-11-28,000300.SS,3872.550048828125,3872.550048828125,3908.389892578125,3866.010009765625,3904.25,150100
2024-11-29,000300.SS,3916.580078125,3916.580078125,3962.699951171875,3869.889892578125,3869.889892578125,187700
2024-12-02,000300.SS,3947.6298828125,3947.6298828125,3955.1298828125,3902.169921875,3909.699951171875,197300
2024-12-03,000300.SS,3951.889892578125,3951.889892578125,3963.949951171875,3922.840087890625,3946.699951171875,182500
2024-12-04,000300.SS,3930.56005859375,3930.56005859375,3957.3701171875,3917.75,3948.1298828125,174600
2024-12-05,000300.SS,3921.590087890625,3921.590087890625,3936.340087890625,3910.080078125,3916.56005859375,138500
2024-12-06,000300.SS,3973.139892578125,3973.139892578125,3995.1201171875,3923.89990234375,3923.89990234375,192100
2024-12-09,000300.SS,3966.570068359375,3966.570068359375,3995.510009765625,3948.419921875,3970.659912109375,176000
2024-12-10,000300.SS,3995.639892578125,3995.639892578125,4098.3798828125,3988.969970703125,4094.050048828125,253500
2024-12-11,000300.SS,3988.830078125,3988.830078125,4005.330078125,3977.35009765625,3988.02001953125,177300
2024-12-12,000300.SS,4028.5,4028.5,4031.739990234375,3981.35009765625,3987.14990234375,181600
2024-12-13,000300.SS,3933.179931640625,3933.179931640625,4000.989990234375,3931.739990234375,4000.989990234375,230400
2024-12-16,000300.SS,3911.840087890625,3911.840087890625,3938.760009765625,3901.64990234375,3930.780029296875,178500
2024-12-17,000300.SS,3922.030029296875,3922.030029296875,3955.949951171875,3908.1298828125,3908.1298828125,160900
2024-12-18,000300.SS,3941.889892578125,3941.889892578125,3956.139892578125,3933.969970703125,3934.5400390625,157700
2024-12-19,000300.SS,3945.4599609375,3945.4599609375,3954.35009765625,3899.75,3911.889892578125,161100
2024-12-20,000300.SS,3927.739990234375,3927.739990234375,3958.6298828125,3923.260009765625,3937.469970703125,155000
2024-12-23,000300.SS,3933.570068359375,3933.570068359375,3965.85009765625,3928.14990234375,3928.14990234375,190100
2024-12-24,000300.SS,3983.68994140625,3983.68994140625,3985.860107421875,3934.72998046875,3934.93994140625,161500
2024-12-25,000300.SS,3985.6298828125,3985.6298828125,4007.760009765625,3969.47998046875,3987.9599609375,159400
2024-12-26,000300.SS,3987.47998046875,3987.47998046875,3991.530029296875,3965.550048828125,3981.72998046875,143400
2024-12-27,000300.SS,3981.030029296875,3981.030029296875,4007.1298828125,3970.93994140625,3987.02001953125,169300
2024-12-30,000300.SS,3999.050048828125,3999.050048828125,4005.780029296875,3976.699951171875,3976.699951171875,164600
2024-12-31,000300.SS,3934.909912109375,3934.909912109375,4004.35009765625,3934.909912109375,3995.8701171875,183900
2025-01-02,000300.SS,3820.39990234375,3820.39990234375,3934.199951171875,3796.340087890625,3931.820068359375,217900
2025-01-03,000300.SS,3775.159912109375,3775.159912109375,3835.93994140625,3767.669921875,3825.239990234375,175300
2025-01-06,000300.SS,3768.969970703125,3768.969970703125,3788.85009765625,3743.070068359375,3775.989990234375,150900
2025-01-07,000300.SS,3796.110107421875,3796.110107421875,3797.60009765625,3749.06005859375,3760.8701171875,146500
2025-01-08,000300.SS,3789.219970703125,3789.219970703125,3810.739990234375,3731.18994140625,3781.260009765625,169200
2025-01-09,000300.SS,3779.8798828125,3779.8798828125,3795.260009765625,3768.679931640625,3780.72998046875,129800
2025-01-10,000300.SS,3732.47998046875,3732.47998046875,3786.81005859375,3732.47998046875,3778.889892578125,137500
2025-01-13,000300.SS,3722.510009765625,3722.510009765625,3737.889892578125,3704.110107421875,3704.43994140625,136400
2025-01-14,000300.SS,3820.5400390625,3820.5400390625,3826.639892578125,3718.8798828125,3728.56005859375,170700
2025-01-15,000300.SS,3796.030029296875,3796.030029296875,3816.830078125,3790.169921875,3810.0400390625,141500
2025-01-16,000300.SS,3800.3798828125,3800.3798828125,3842.949951171875,3776.2900390625,3812.18994140625,144500
2025-01-17,000300.SS,3812.340087890625,3812.340087890625,3831.639892578125,3780.2099609375,3788.3701171875,126600
2025-01-20,000300.SS,3829.679931640625,3829.679931640625,3858.669921875,3821.97998046875,3835.300048828125,139600
2025-01-21,000300.SS,3832.610107421875,3832.610107421875,3850.909912109375,3817.1201171875,3850.360107421875,141200
2025-01-22,000300.SS,3797.02001953125,3797.02001953125,3823.93994140625,3783.139892578125,3823.93994140625,137300
2025-01-23,000300.SS,3803.739990234375,3803.739990234375,3864.260009765625,3801.85009765625,3829.050048828125,180600
2025-01-24,000300.SS,3832.860107421875,3832.860107421875,3847.60009765625,3793.47998046875,3793.85009765625,149000
2025-01-27,000300.SS,3817.080078125,3817.080078125,3852.0,3817.080078125,3836.9599609375,146700
2025-02-05,000300.SS,3795.080078125,3795.080078125,3844.699951171875,3785.159912109375,3844.699951171875,157200
2025-02-06,000300.SS,3842.830078125,3842.830078125,3843.489990234375,3788.320068359375,3789.610107421875,167300
2025-02-07,000300.SS,3892.699951171875,3892.699951171875,3919.35009765625,3833.8701171875,3844.06005859375,221900
2025-02-10,000300.SS,3901.06005859375,3901.06005859375,3906.3701171875,3878.830078125,3898.10009765625,188900
2025-02-11,000300.SS,3883.139892578125,3883.139892578125,3905.159912109375,3872.909912109375,3905.159912109375,166600
2025-02-12,000300.SS,3919.860107421875,3919.860107421875,3920.719970703125,3867.35009765625,3875.9599609375,164200
2025-02-13,000300.SS,3905.139892578125,3905.139892578125,3939.199951171875,3904.97998046875,3913.89990234375,172500
2025-02-14,000300.SS,3939.010009765625,3939.010009765625,3942.0400390625,3900.830078125,3900.830078125,173000
2025-02-17,000300.SS,3947.39990234375,3947.39990234375,3955.89990234375,3921.699951171875,3954.409912109375,213600
2025-02-18,000300.SS,3912.780029296875,3912.780029296875,3965.419921875,3901.8701171875,3942.580078125,209400
2025-02-19,000300.SS,3940.159912109375,3940.159912109375,3943.669921875,3904.14990234375,3906.219970703125,182800
2025-02-20,000300.SS,3928.89990234375,3928.89990234375,3940.679931640625,3916.179931640625,3934.64990234375,163900
2025-02-21,000300.SS,3978.43994140625,3978.43994140625,3981.050048828125,3927.7900390625,3938.050048828125,227400
2025-02-24,000300.SS,3969.719970703125,3969.719970703125,3995.949951171875,3949.22998046875,3972.47998046875,220800
2025-02-25,000300.SS,3925.64990234375,3925.64990234375,3955.429931640625,3915.64990234375,3933.639892578125,178100
2025-02-26,000300.SS,3959.93994140625,3959.93994140625,3960.330078125,3925.3701171875,3931.840087890625,191100
2025-02-27,000300.SS,3968.1201171875,3968.1201171875,3973.929931640625,3933.4599609375,3961.06005859375,202900
2025-02-28,000300.SS,3890.050048828125,3890.050048828125,3972.47998046875,3886.39990234375,3950.18994140625,198100
2025-03-03,000300.SS,3888.469970703125,3888.469970703125,3930.0,3872.590087890625,3899.699951171875,177600
2025-03-04,000300.SS,3885.219970703125,3885.219970703125,3890.419921875,3855.72998046875,3865.989990234375,149900
2025-03-05,000300.SS,3902.570068359375,3902.570068359375,3906.419921875,3877.02001953125,3887.800048828125,158700
2025-03-06,000300.SS,3956.239990234375,3956.239990234375,3964.489990234375,3917.080078125,3923.3798828125,194000
2025-03-07,000300.SS,3944.010009765625,3944.010009765625,3967.070068359375,3935.050048828125,3944.909912109375,166700
2025-03-10,000300.SS,3928.800048828125,3928.800048828125,3949.139892578125,3905.1298828125,3945.580078125,152800
2025-03-11,000300.SS,3941.419921875,3941.419921875,3941.419921875,3889.429931640625,3890.429931640625,144800
2025-03-12,000300.SS,3927.22998046875,3927.22998046875,3953.610107421875,3921.469970703125,3946.860107421875,156700
2025-03-13,000300.SS,3911.580078125,3911.580078125,3939.2900390625,3897.3798828125,3925.739990234375,156500
2025-03-14,000300.SS,4006.56005859375,4006.56005859375,4014.159912109375,3919.6201171875,3919.6201171875,216100
2025-03-17,000300.SS,3996.7900390625,3996.7900390625,4021.72998046875,3992.260009765625,4020.639892578125,162200
2025-03-18,000300.SS,4007.719970703125,4007.719970703125,4016.8701171875,3995.9599609375,4011.780029296875,140200
2025-03-19,000300.SS,4010.169921875,4010.169921875,4025.300048828125,3989.510009765625,4004.830078125,144400
2025-03-20,000300.SS,3974.989990234375,3974.989990234375,4012.0400390625,3969.929931640625,4011.06005859375,133800
2025-03-21,000300.SS,3914.699951171875,3914.699951171875,3983.14990234375,3904.77001953125,3966.510009765625,165900
2025-03-24,000300.SS,3934.85009765625,3934.85009765625,3938.179931640625,3907.199951171875,3916.110107421875,152200
2025-03-25,000300.SS,3932.300048828125,3932.300048828125,3946.360107421875,3921.530029296875,3937.89990234375,140500
2025-03-26,000300.SS,3919.360107421875,3919.360107421875,3942.030029296875,3916.860107421875,3930.2099609375,131200
2025-03-27,000300.SS,3932.409912109375,3932.409912109375,3952.989990234375,3903.64990234375,3911.3798828125,126800
2025-03-28,000300.SS,3915.169921875,3915.169921875,3934.22998046875,3907.3798828125,3930.780029296875,126400
2025-03-31,000300.SS,3887.31005859375,3887.31005859375,3928.449951171875,3872.39990234375,3905.97998046875,166800
2025-04-01,000300.SS,3887.679931640625,3887.679931640625,3905.260009765625,3882.39990234375,3892.780029296875,140400
2025-04-02,000300.SS,3884.389892578125,3884.389892578125,3900.489990234375,3877.159912109375,3884.419921875,113000
2025-04-03,000300.SS,3861.5,3861.5,3883.699951171875,3843.419921875,3843.419921875,142600
2025-04-07,000300.SS,3589.43994140625,3589.43994140625,3707.780029296875,3514.1201171875,3675.199951171875,312600
2025-04-08,000300.SS,3650.760009765625,3650.760009765625,3650.760009765625,3583.8701171875,3597.989990234375,280200
2025-04-09,000300.SS,3686.7900390625,3686.7900390625,3686.7900390625,3587.340087890625,3606.10009765625,262300
2025-04-10,000300.SS,3735.1201171875,3735.1201171875,3756.139892578125,3708.820068359375,3749.1298828125,227300
2025-04-11,000300.SS,3750.52001953125,3750.52001953125,3762.3701171875,3708.4599609375,3730.31005859375,168800
2025-04-14,000300.SS,3759.139892578125,3759.139892578125,3776.6298828125,3754.030029296875,3772.0400390625,164500
2025-04-15,000300.SS,3761.22998046875,3761.22998046875,3764.489990234375,3737.85009765625,3756.47998046875,134000
2025-04-16,000300.SS,3772.820068359375,3772.820068359375,3775.169921875,3721.60009765625,3757.8798828125,156400
2025-04-17,000300.SS,3772.219970703125,3772.219970703125,3779.1298828125,3749.5,3755.090087890625,122400
2025-04-18,000300.SS,3772.52001953125,3772.52001953125,3782.0400390625,3754.409912109375,3760.0400390625,102900
2025-04-21,000300.SS,3784.8798828125,3784.8798828125,3790.179931640625,3763.139892578125,3768.139892578125,121400
2025-04-22,000300.SS,3783.949951171875,3783.949951171875,3799.22998046875,3778.080078125,3780.110107421875,125700
2025-04-23,000300.SS,3786.8798828125,3786.8798828125,3807.949951171875,3780.52001953125,3803.429931640625,132000
2025-04-24,000300.SS,3784.360107421875,3784.360107421875,3807.260009765625,3775.2099609375,3787.4599609375,117200
2025-04-25,000300.SS,3786.989990234375,3786.989990234375,3801.580078125,3780.780029296875,3792.080078125,124600
2025-04-28,000300.SS,3781.6201171875,3781.6201171875,3792.010009765625,3772.800048828125,3786.389892578125,125100
2025-04-29,000300.SS,3775.080078125,3775.080078125,3785.320068359375,3768.030029296875,3776.0,111500
2025-04-30,000300.SS,3770.570068359375,3770.570068359375,3787.56005859375,3768.760009765625,3775.830078125,143700
2025-05-06,000300.SS,3808.5400390625,3808.5400390625,3809.090087890625,3782.780029296875,3794.3798828125,158500
2025-05-07,000300.SS,3831.6298828125,3831.6298828125,3863.679931640625,3814.989990234375,3861.580078125,161200
2025-05-08,000300.SS,3852.89990234375,3852.89990234375,3867.330078125,3816.260009765625,3820.550048828125,125000
2025-05-09,000300.SS,3846.159912109375,3846.159912109375,3853.659912109375,3836.530029296875,3848.6201171875,119400
2025-05-12,000300.SS,3890.610107421875,3890.610107421875,3890.72998046875,3859.030029296875,3866.530029296875,153300
2025-05-13,000300.SS,3896.260009765625,3896.260009765625,3915.590087890625,3890.68994140625,3915.590087890625,147300
2025-05-14,000300.SS,3943.2099609375,3943.2099609375,3960.52001953125,3890.64990234375,3894.840087890625,172000
2025-05-15,000300.SS,3907.199951171875,3907.199951171875,3936.469970703125,3904.909912109375,3934.030029296875,138100
2025-05-16,000300.SS,3889.090087890625,3889.090087890625,3903.85009765625,3874.860107421875,3898.669921875,118400
2025-05-19,000300.SS,3877.14990234375,3877.14990234375,3885.590087890625,3866.570068359375,3882.570068359375,98600
2025-05-20,000300.SS,3898.169921875,3898.169921875,3911.469970703125,3881.739990234375,3883.10009765625,104900
2025-05-21,000300.SS,3916.3798828125,3916.3798828125,3928.6298828125,3899.43994140625,3899.43994140625,109800
2025-05-22,000300.SS,3913.8701171875,3913.8701171875,3923.02001953125,3903.090087890625,3912.60009765625,107600
2025-05-23,000300.SS,3882.27001953125,3882.27001953125,3931.550048828125,3882.27001953125,3910.3701171875,120300
2025-05-26,000300.SS,3860.110107421875,3860.110107421875,3884.5400390625,3849.0400390625,3875.7900390625,109600
2025-05-27,000300.SS,3839.39990234375,3839.39990234375,3865.429931640625,3834.85009765625,3857.6298828125,98600
2025-05-28,000300.SS,3836.239990234375,3836.239990234375,3849.739990234375,3833.9599609375,3843.070068359375,89000
2025-05-29,000300.SS,3858.699951171875,3858.699951171875,3869.7900390625,3831.4599609375,3838.010009765625,108500
2025-05-30,000300.SS,3840.22998046875,3840.22998046875,3858.610107421875,3829.25,3850.489990234375,111700
2025-06-03,000300.SS,3852.010009765625,3852.010009765625,3863.300048828125,3832.719970703125,3833.4599609375,131400
2025-06-04,000300.SS,3868.739990234375,3868.739990234375,3875.860107421875,3855.489990234375,3855.489990234375,116800
2025-06-05,000300.SS,3877.56005859375,3877.56005859375,3883.1298828125,3861.27001953125,3872.639892578125,122900
2025-06-06,000300.SS,3873.97998046875,3873.97998046875,3889.4599609375,3869.389892578125,3878.10009765625,111000
2025-06-09,000300.SS,3885.25,3885.25,3894.64990234375,3871.989990234375,3877.800048828125,136300
2025-06-10,000300.SS,3865.469970703125,3865.469970703125,3897.4599609375,3850.469970703125,3887.550048828125,145600
2025-06-11,000300.SS,3894.6298828125,3894.6298828125,3911.610107421875,3870.669921875,3870.669921875,142400
2025-06-12,000300.SS,3892.199951171875,3892.199951171875,3900.0400390625,3870.3798828125,3885.52001953125,134000
2025-06-13,000300.SS,3864.179931640625,3864.179931640625,3889.159912109375,3853.820068359375,3881.489990234375,172500
2025-06-16,000300.SS,3873.800048828125,3873.800048828125,3876.169921875,3853.6201171875,3853.6201171875,137300
2025-06-17,000300.SS,3870.3798828125,3870.3798828125,3880.419921875,3860.409912109375,3875.179931640625,122300
2025-06-18,000300.SS,3874.969970703125,3874.969970703125,3881.35009765625,3854.659912109375,3871.64990234375,127500
2025-06-19,000300.SS,3843.090087890625,3843.090087890625,3872.93994140625,3834.949951171875,3870.050048828125,130300
2025-06-20,000300.SS,3846.639892578125,3846.639892578125,3856.47998046875,3839.780029296875,3839.780029296875,118200
2025-06-23,000300.SS,3857.89990234375,3857.89990234375,3867.590087890625,3827.080078125,3831.169921875,133800
2025-06-24,000300.SS,3904.030029296875,3904.030029296875,3914.159912109375,3862.389892578125,3862.389892578125,163700
2025-06-25,000300.SS,3960.070068359375,3960.070068359375,3963.0400390625,3902.179931640625,3907.070068359375,187200
2025-06-26,000300.SS,3946.02001953125,3946.02001953125,3964.47998046875,3945.260009765625,3953.159912109375,165300
2025-06-27,000300.SS,3921.760009765625,3921.760009765625,3969.260009765625,3918.199951171875,3949.7900390625,194600
2025-06-30,000300.SS,3936.080078125,3936.080078125,3940.360107421875,3911.60009765625,3920.320068359375,145200
2025-07-01,000300.SS,3942.760009765625,3942.760009765625,3946.25,3924.719970703125,3935.909912109375,129000
2025-07-02,000300.SS,3943.68994140625,3943.68994140625,3952.139892578125,3929.699951171875,3943.320068359375,147100
2025-07-03,000300.SS,3968.070068359375,3968.070068359375,3971.6201171875,3945.139892578125,3949.39990234375,141000
2025-07-04,000300.SS,3982.199951171875,3982.199951171875,4013.85009765625,3958.3798828125,3967.4599609375,157200
2025-07-07,000300.SS,3965.179931640625,3965.179931640625,3979.75,3956.570068359375,3977.2900390625,131100
2025-07-08,000300.SS,3998.449951171875,3998.449951171875,4002.27001953125,3965.429931640625,3965.429931640625,156400
2025-07-09,000300.SS,3991.39990234375,3991.39990234375,4016.739990234375,3987.429931640625,3997.5,173300
2025-07-10,000300.SS,4010.02001953125,4010.02001953125,4032.97998046875,3992.52001953125,3993.419921875,209800
2025-07-11,000300.SS,4014.81005859375,4014.81005859375,4065.93994140625,4010.110107421875,4011.469970703125,262100
2025-07-14,000300.SS,4017.669921875,4017.669921875,4034.919921875,4017.669921875,4021.2099609375,207900
2025-07-15,000300.SS,4019.06005859375,4019.06005859375,4042.659912109375,3994.260009765625,4023.989990234375,191000
2025-07-16,000300.SS,4007.199951171875,4007.199951171875,4027.860107421875,3993.919921875,4019.389892578125,151000
2025-07-17,000300.SS,4034.489990234375,4034.489990234375,4034.590087890625,4005.070068359375,4005.070068359375,161200
2025-07-18,000300.SS,4058.550048828125,4058.550048828125,4064.639892578125,4039.320068359375,4039.8701171875,186200
2025-07-21,000300.SS,4085.610107421875,4085.610107421875,4086.1201171875,4063.43994140625,4069.77001953125,223300
2025-07-22,000300.SS,4118.9599609375,4118.9599609375,4119.2001953125,4068.340087890625,4087.340087890625,257600
2025-07-23,000300.SS,4119.77001953125,4119.77001953125,4155.68017578125,4113.91015625,4129.14990234375,300500
2025-07-24,000300.SS,4149.0400390625,4149.0400390625,4152.43017578125,4111.89013671875,4116.830078125,319600
2025-07-25,000300.SS,4127.16015625,4127.16015625,4150.5,4117.7998046875,4145.31982421875,273600
2025-07-28,000300.SS,4135.81982421875,4135.81982421875,4146.1201171875,4112.97021484375,4128.2001953125,222800
2025-07-29,000300.SS,4152.02001953125,4152.02001953125,4153.330078125,4117.580078125,4132.68017578125,230800
2025-07-30,000300.SS,4151.240234375,4151.240234375,4185.2099609375,4127.43017578125,4148.93994140625,249900
2025-07-31,000300.SS,4075.590087890625,4075.590087890625,4141.81982421875,4063.669921875,4141.56005859375,267100
2025-08-01,000300.SS,4054.929931640625,4054.929931640625,4085.35009765625,4040.4599609375,4069.929931640625,196200
2025-08-04,000300.SS,4070.699951171875,4070.699951171875,4070.699951171875,4037.93994140625,4037.93994140625,162300
2025-08-05,000300.SS,4103.4501953125,4103.4501953125,4106.2998046875,4075.580078125,4080.389892578125,178900
2025-08-06,000300.SS,4113.47998046875,4113.47998046875,4116.7099609375,4098.35009765625,4100.43017578125,176700
2025-08-07,000300.SS,4114.669921875,4114.669921875,4129.740234375,4094.820068359375,4120.27978515625,198600
2025-08-08,000300.SS,4104.97021484375,4104.97021484375,4122.2099609375,4097.419921875,4109.27001953125,173200
2025-08-11,000300.SS,4122.509765625,4122.509765625,4134.25,4103.60009765625,4110.2900390625,190400
2025-08-12,000300.SS,4143.830078125,4143.830078125,4153.2998046875,4121.22021484375,4123.580078125,177300
2025-08-13,000300.SS,4176.580078125,4176.580078125,4186.75,4147.2001953125,4150.5,213900
2025-08-14,000300.SS,4173.31005859375,4173.31005859375,4220.31005859375,4165.93994140625,4179.97021484375,221100
2025-08-15,000300.SS,4202.35009765625,4202.35009765625,4214.72998046875,4157.5,4162.419921875,261300
2025-08-18,000300.SS,4239.41015625,4239.41015625,4272.9599609375,4203.419921875,4218.25,301500
2025-08-19,000300.SS,4223.3701171875,4223.3701171875,4264.22998046875,4215.2099609375,4241.77001953125,250800
2025-08-20,000300.SS,4271.39990234375,4271.39990234375,4272.14990234375,4190.56005859375,4208.39990234375,246500
2025-08-21,000300.SS,4288.06982421875,4288.06982421875,4308.4501953125,4273.64990234375,4284.3701171875,259000
2025-08-22,000300.SS,4378.0,4378.0,4378.39013671875,4287.35986328125,4287.35986328125,290400
2025-08-25,000300.SS,4469.22021484375,4469.22021484375,4472.64990234375,4404.77978515625,4416.2900390625,358100
2025-08-26,000300.SS,4452.58984375,4452.58984375,4476.7998046875,4435.52978515625,4453.35009765625,270600
2025-08-27,000300.SS,4386.1298828125,4386.1298828125,4494.91015625,4386.1298828125,4458.83984375,333100
2025-08-28,000300.SS,4463.77978515625,4463.77978515625,4464.7998046875,4364.169921875,4378.0400390625,296800
2025-08-29,000300.SS,4496.759765625,4496.759765625,4516.83984375,4452.35986328125,4455.7998046875,351900
2025-09-01,000300.SS,4523.7099609375,4523.7099609375,4528.1298828125,4487.52978515625,4516.8798828125,320400
2025-09-02,000300.SS,4490.4501953125,4490.4501953125,4548.89013671875,4454.419921875,4521.97998046875,303900
2025-09-03,000300.SS,4459.830078125,4459.830078125,4510.72998046875,4427.52001953125,4501.33984375,254300
2025-09-04,000300.SS,4365.2099609375,4365.2099609375,4465.5,4327.509765625,4461.25,307900
2025-09-05,000300.SS,4460.330078125,4460.330078125,4466.56005859375,4350.2998046875,4365.60986328125,249600
2025-09-08,000300.SS,4467.56982421875,4467.56982421875,4482.759765625,4438.06982421875,4467.169921875,267600
2025-09-09,000300.SS,4436.259765625,4436.259765625,4472.08984375,4412.68994140625,4448.740234375,221400
2025-09-10,000300.SS,4445.3701171875,4445.3701171875,4466.6298828125,4414.58984375,4438.2998046875,203600
2025-09-11,000300.SS,4548.0400390625,4548.0400390625,4548.0400390625,4427.919921875,4438.83984375,253300
2025-09-12,000300.SS,4522.0,4522.0,4564.669921875,4517.7900390625,4544.58984375,266400
2025-09-15,000300.SS,4533.06005859375,4533.06005859375,4566.91015625,4522.5,4534.89013671875,231900
2025-09-16,000300.SS,4523.33984375,4523.33984375,4552.419921875,4494.7900390625,4539.919921875,249300
2025-09-17,000300.SS,4551.02001953125,4551.02001953125,4556.02978515625,4503.7998046875,4517.2900390625,235700
2025-09-18,000300.SS,4498.10986328125,4498.10986328125,4573.830078125,4454.990234375,4546.02978515625,309900
2025-09-19,000300.SS,4501.919921875,4501.919921875,4533.08984375,4491.83984375,4499.08984375,225000
2025-09-22,000300.SS,4522.60986328125,4522.60986328125,4523.8701171875,4487.1298828125,4512.02001953125,196500
2025-09-23,000300.SS,4519.77978515625,4519.77978515625,4560.72998046875,4459.72998046875,4536.759765625,252800
2025-09-24,000300.SS,4566.06982421875,4566.06982421875,4567.5,4494.10986328125,4495.27001953125,220500
2025-09-25,000300.SS,4593.490234375,4593.490234375,4613.9501953125,4558.83984375,4563.97998046875,229800
2025-09-26,000300.SS,4550.0498046875,4550.0498046875,4597.85009765625,4550.0498046875,4576.91015625,208500
2025-09-29,000300.SS,4620.0498046875,4620.0498046875,4647.56982421875,4541.43017578125,4555.02978515625,274400
2025-09-30,000300.SS,4640.68994140625,4640.68994140625,4647.5,4616.22021484375,4629.89990234375,248000
2025-10-09,000300.SS,4709.47998046875,4709.47998046875,4726.35009765625,4651.990234375,4662.10986328125,347700
2025-10-10,000300.SS,4616.830078125,4616.830078125,4692.58984375,4600.97021484375,4679.5,319000
2025-10-13,000300.SS,4593.97998046875,4593.97998046875,4601.81005859375,4490.8701171875,4490.8701171875,315000
2025-10-14,000300.SS,4539.06005859375,4539.06005859375,4641.4501953125,4520.93017578125,4634.0498046875,373000
2025-10-15,000300.SS,4606.2900390625,4606.2900390625,4608.81982421875,4526.830078125,4544.240234375,284800
2025-10-16,000300.SS,4618.419921875,4618.419921875,4645.10009765625,4586.27978515625,4588.919921875,248200
2025-10-17,000300.SS,4514.22998046875,4514.22998046875,4618.56005859375,4509.330078125,4610.7001953125,256900
2025-10-20,000300.SS,4538.22021484375,4538.22021484375,4570.43994140625,4520.5,4558.240234375,218400
2025-10-21,000300.SS,4607.8701171875,4607.8701171875,4615.4599609375,4547.93017578125,4556.1201171875,215700
2025-10-22,000300.SS,4592.56982421875,4592.56982421875,4603.490234375,4567.240234375,4576.02978515625,185300
2025-10-23,000300.SS,4606.35009765625,4606.35009765625,4611.33984375,4541.68994140625,4578.7001953125,200500
2025-10-24,000300.SS,4660.68017578125,4660.68017578125,4660.68017578125,4622.7900390625,4622.7900390625,208800
2025-10-27,000300.SS,4716.02001953125,4716.02001953125,4720.43017578125,4687.68994140625,4699.3798828125,262200
2025-10-28,000300.SS,4691.97021484375,4691.97021484375,4734.31982421875,4679.22998046875,4697.72998046875,220900
2025-10-29,000300.SS,4747.83984375,4747.83984375,4747.83984375,4697.27001953125,4701.0400390625,246200
2025-10-30,000300.SS,4709.91015625,4709.91015625,4761.830078125,4706.4501953125,4735.97998046875,273300
2025-10-31,000300.SS,4640.669921875,4640.669921875,4706.14013671875,4640.669921875,4702.5,281500
2025-11-03,000300.SS,4653.39990234375,4653.39990234375,4653.39990234375,4595.72998046875,4636.72998046875,239900
2025-11-04,000300.SS,4618.7001953125,4618.7001953125,4665.31982421875,4595.06982421875,4649.35009765625,233200
2025-11-05,000300.SS,4627.259765625,4627.259765625,4642.60986328125,4558.77001953125,4562.10986328125,203000
2025-11-06,000300.SS,4693.39990234375,4693.39990234375,4698.08984375,4642.009765625,4642.009765625,224200
2025-11-07,000300.SS,4678.7900390625,4678.7900390625,4701.3798828125,4666.0400390625,4673.759765625,212500
2025-11-10,000300.SS,4695.0498046875,4695.0498046875,4695.18017578125,4654.2099609375,4688.1201171875,236000
2025-11-11,000300.SS,4652.169921875,4652.169921875,4707.1298828125,4648.490234375,4706.33984375,186600
2025-11-12,000300.SS,4645.91015625,4645.91015625,4669.60986328125,4620.990234375,4643.56005859375,209500
2025-11-13,000300.SS,4702.06982421875,4702.06982421875,4703.490234375,4643.7900390625,4643.7900390625,207400
2025-11-14,000300.SS,4628.14013671875,4628.14013671875,4684.259765625,4628.02001953125,4663.31982421875,192100
2025-11-17,000300.SS,4598.0498046875,4598.0498046875,4624.89990234375,4580.259765625,4616.81005859375,189000
2025-11-18,000300.SS,4568.18994140625,4568.18994140625,4606.6201171875,4552.7998046875,4584.7900390625,177700
2025-11-19,000300.SS,4588.2900390625,4588.2900390625,4607.85986328125,4568.0400390625,4568.0400390625,172900
2025-11-20,000300.SS,4564.9501953125,4564.9501953125,4620.64990234375,4560.18017578125,4619.5400390625,194600
2025-11-21,000300.SS,4453.60986328125,4453.60986328125,4527.0400390625,4453.18017578125,4513.39013671875,222900
2025-11-24,000300.SS,4448.0498046875,4448.0498046875,4478.81005859375,4421.81005859375,4473.16015625,185800
2025-11-25,000300.SS,4490.41015625,4490.41015625,4510.77001953125,4467.35009765625,4475.83984375,169600
2025-11-26,000300.SS,4517.6298828125,4517.6298828125,4538.14013671875,4485.7001953125,4490.2001953125,156200
2025-11-27,000300.SS,4515.39990234375,4515.39990234375,4559.22021484375,4509.85986328125,4520.009765625,150300
2025-11-28,000300.SS,4526.66015625,4526.66015625,4531.72021484375,4492.43017578125,4511.5,142900
2025-12-01,000300.SS,4576.490234375,4576.490234375,4576.97021484375,4531.2900390625,4539.18994140625,200400
2025-12-02,000300.SS,4554.330078125,4554.330078125,4575.5,4539.43017578125,4571.91015625,148500
2025-12-03,000300.SS,4531.0498046875,4531.0498046875,4569.81982421875,4523.5,4554.58984375,169800
2025-12-04,000300.SS,4546.56982421875,4546.56982421875,4557.419921875,4514.18994140625,4533.60009765625,147200
2025-12-05,000300.SS,4584.5400390625,4584.5400390625,4593.830078125,4535.02001953125,4547.91015625,196800
2025-12-08,000300.SS,4621.75,4621.75,4640.6298828125,4592.740234375,4593.14013671875,199600
2025-12-09,000300.SS,4598.22021484375,4598.22021484375,4628.7099609375,4584.25,4611.3798828125,184200
2025-12-10,000300.SS,4591.830078125,4591.830078125,4598.5400390625,4549.080078125,4586.25,169100
2025-12-11,000300.SS,4552.18994140625,4552.18994140625,4610.27978515625,4547.14013671875,4597.18994140625,168400
2025-12-12,000300.SS,4580.9501953125,4580.9501953125,4583.68017578125,4530.77978515625,4558.740234375,212800
2025-12-15,000300.SS,4552.06005859375,4552.06005859375,4595.0498046875,4548.43994140625,4550.0,167600
2025-12-16,000300.SS,4497.56005859375,4497.56005859375,4553.080078125,4484.27001953125,4542.419921875,165200
2025-12-17,000300.SS,4579.8798828125,4579.8798828125,4594.66015625,4498.93017578125,4499.77001953125,178400
2025-12-18,000300.SS,4552.7900390625,4552.7900390625,4571.97021484375,4544.14013671875,4553.97998046875,151700
2025-12-19,000300.SS,4568.18017578125,4568.18017578125,4591.08984375,4546.85009765625,4561.3701171875,154900
2025-12-22,000300.SS,4611.6201171875,4611.6201171875,4615.8701171875,4587.669921875,4587.669921875,165300
2025-12-23,000300.SS,4620.72998046875,4620.72998046875,4644.5400390625,4607.7998046875,4616.02978515625,169300
2025-12-24,000300.SS,4634.06005859375,4634.06005859375,4639.43017578125,4602.14990234375,4623.68017578125,153700
2025-12-25,000300.SS,4642.5400390625,4642.5400390625,4651.14990234375,4621.919921875,4629.31982421875,139400
2025-12-26,000300.SS,4657.240234375,4657.240234375,4676.1298828125,4635.10986328125,4639.7900390625,175400
2025-12-29,000300.SS,4639.3701171875,4639.3701171875,4672.0400390625,4629.06005859375,4658.27001953125,200400
2025-12-30,000300.SS,4651.27978515625,4651.27978515625,4664.330078125,4616.6298828125,4617.31982421875,180400
2025-12-31,000300.SS,4629.93994140625,4629.93994140625,4667.0498046875,4622.10009765625,4656.47998046875,170800
2026-01-05,000300.SS,4717.75,4717.75,4721.64013671875,4661.6201171875,4661.6201171875,234100
2026-01-06,000300.SS,4790.68994140625,4790.68994140625,4790.68994140625,4718.009765625,4719.2099609375,297000
2026-01-07,000300.SS,4776.669921875,4776.669921875,4802.60009765625,4751.06982421875,4796.93017578125,259100
2026-01-08,000300.SS,4737.64990234375,4737.64990234375,4765.490234375,4717.009765625,4761.009765625,238800
2026-01-09,000300.SS,4758.919921875,4758.919921875,4771.43017578125,4719.1298828125,4725.9599609375,254700
2026-01-12,000300.SS,4789.919921875,4789.919921875,4795.93017578125,4737.56982421875,4769.64990234375,294800
2026-01-13,000300.SS,4761.02978515625,4761.02978515625,4836.9599609375,4745.52001953125,4798.0498046875,301400
2026-01-14,000300.SS,4741.93017578125,4741.93017578125,4818.10009765625,4720.25,4767.7001953125,365000
2026-01-15,000300.SS,4751.43017578125,4751.43017578125,4769.5498046875,4720.93994140625,4721.7998046875,254000
2026-01-16,000300.SS,4731.8701171875,4731.8701171875,4792.5498046875,4715.3701171875,4778.43017578125,325300
2026-01-19,000300.SS,4734.4599609375,4734.4599609375,4761.6298828125,4715.08984375,4720.18994140625,267600
2026-01-20,000300.SS,4718.8798828125,4718.8798828125,4748.22998046875,4684.97021484375,4736.91015625,282700
2026-01-21,000300.SS,4723.06982421875,4723.06982421875,4758.27978515625,4714.240234375,4714.5498046875,266400
2026-01-22,000300.SS,4723.7099609375,4723.7099609375,4757.759765625,4700.4501953125,4741.759765625,274200
2026-01-23,000300.SS,4702.5,4702.5,4734.7900390625,4684.6201171875,4729.58984375,314600
2026-01-26,000300.SS,4706.9599609375,4706.9599609375,4754.18017578125,4693.16015625,4715.3798828125,363000
2026-01-27,000300.SS,4705.68994140625,4705.68994140625,4736.990234375,4675.64013671875,4705.169921875,301500
2026-01-28,000300.SS,4717.990234375,4717.990234375,4739.6298828125,4697.91015625,4725.60009765625,382300
2026-01-29,000300.SS,4753.8701171875,4753.8701171875,4770.9599609375,4696.0498046875,4733.08984375,415500
2026-01-30,000300.SS,4706.33984375,4706.33984375,4738.8701171875,4645.47021484375,4723.080078125,319800
2026-02-02,000300.SS,4605.97998046875,4605.97998046875,4716.60986328125,4601.759765625,4674.27978515625,304800
2026-02-03,000300.SS,4660.10986328125,4660.10986328125,4662.1298828125,4578.2099609375,4648.35986328125,265500
2026-02-04,000300.SS,4698.68017578125,4698.68017578125,4701.47998046875,4641.83984375,4647.97021484375,264900
2026-02-05,000300.SS,4670.419921875,4670.419921875,4687.02001953125,4639.43017578125,4664.75,237900
2026-02-06,000300.SS,4643.60009765625,4643.60009765625,4678.259765625,4606.64013671875,4622.97998046875,202700
2026-02-09,000300.SS,4719.06005859375,4719.06005859375,4719.9599609375,4679.89990234375,4693.669921875,207300
2026-02-10,000300.SS,4724.2998046875,4724.2998046875,4732.08984375,4713.8701171875,4718.259765625,187000
2026-02-11,000300.SS,4713.81982421875,4713.81982421875,4723.7001953125,4703.68994140625,4715.669921875,173400
2026-02-12,000300.SS,4719.580078125,4719.580078125,4726.0400390625,4707.740234375,4720.009765625,197800
2026-02-13,000300.SS,4660.41015625,4660.41015625,4703.6298828125,4658.39990234375,4693.41015625,189200
2026-02-24,000300.SS,4707.5400390625,4707.5400390625,4727.3701171875,4698.35009765625,4727.2998046875,218500
2026-02-25,000300.SS,4735.89013671875,4735.89013671875,4766.56005859375,4713.33984375,4713.580078125,284300
2026-02-26,000300.SS,4726.8701171875,4726.8701171875,4742.14990234375,4706.68994140625,4741.39013671875,234800
2026-02-27,000300.SS,4710.64990234375,4710.64990234375,4721.009765625,4692.89013671875,4698.2998046875,261400
2026-03-02,000300.SS,4728.669921875,4728.669921875,4735.41015625,4667.27978515625,4681.009765625,349300
2026-03-03,000300.SS,4655.89990234375,4655.89990234375,4744.60009765625,4651.41015625,4737.31982421875,370600
2026-03-04,000300.SS,4602.6298828125,4602.6298828125,4639.419921875,4575.830078125,4609.18994140625,303000
2026-03-05,000300.SS,4647.68994140625,4647.68994140625,4671.52978515625,4630.2998046875,4651.93994140625,259300
2026-03-06,000300.SS,4660.43994140625,4660.43994140625,4671.7099609375,4612.7900390625,4621.490234375,238500
2026-03-09,000300.SS,4615.4599609375,4615.4599609375,4625.97998046875,4548.97021484375,4600.25,322800
2026-03-10,000300.SS,4674.759765625,4674.759765625,4677.60009765625,4648.7900390625,4648.7900390625,263900
2026-03-11,000300.SS,4704.5,4704.5,4711.8701171875,4674.7099609375,4681.02978515625,270200
2026-03-12,000300.SS,4687.56005859375,4687.56005859375,4704.3798828125,4654.31982421875,4700.72021484375,303000
2026-03-13,000300.SS,4669.14013671875,4669.14013671875,4707.419921875,4659.5,4669.06005859375,310800
2026-03-16,000300.SS,4671.56005859375,4671.56005859375,4673.68994140625,4621.81005859375,4669.22021484375,296200
2026-03-17,000300.SS,4637.43994140625,4637.43994140625,4720.85986328125,4637.3701171875,4685.56982421875,263000
2026-03-18,000300.SS,4658.330078125,4658.330078125,4662.2900390625,4604.52001953125,4648.75,234700
2026-03-19,000300.SS,4583.25,4583.25,4634.5498046875,4570.39013671875,4611.43994140625,254100
2026-03-20,000300.SS,4567.02001953125,4567.02001953125,4628.7099609375,4563.06982421875,4602.81982421875,257900
2026-03-23,000300.SS,4418.0,4418.0,4514.72021484375,4397.56982421875,4499.10009765625,328100
2026-03-24,000300.SS,4474.72021484375,4474.72021484375,4474.830078125,4394.2900390625,4458.91015625,255500
2026-03-25,000300.SS,4537.47021484375,4537.47021484375,4542.18017578125,4502.02978515625,4506.6298828125,262600
2026-03-26,000300.SS,4477.52978515625,4477.52978515625,4541.0498046875,4468.9599609375,4525.330078125,213700
2026-03-27,000300.SS,4502.56982421875,4502.56982421875,4519.89013671875,4431.419921875,4431.5,192400
2026-03-30,000300.SS,4491.9501953125,4491.9501953125,4496.41015625,4447.14013671875,4461.740234375,209300
2026-03-31,000300.SS,4450.0498046875,4450.0498046875,4523.169921875,4450.0498046875,4491.919921875,224500
2026-04-01,000300.SS,4526.06982421875,4526.06982421875,4532.10986328125,4492.0498046875,4517.27001953125,216500
2026-04-02,000300.SS,4478.91015625,4478.91015625,4519.68994140625,4459.60986328125,4514.43994140625,191000
2026-04-03,000300.SS,4440.7900390625,4440.7900390625,4494.4599609375,4437.60009765625,4492.85009765625,168300
2026-04-07,000300.SS,4440.6201171875,4440.6201171875,4458.93017578125,4420.68994140625,4445.85986328125,162600
2026-04-08,000300.SS,4595.56005859375,4595.56005859375,4595.56005859375,4513.77001953125,4517.33984375,253300
2026-04-09,000300.SS,4566.22021484375,4566.22021484375,4579.2001953125,4552.419921875,4562.669921875,184900
2026-04-10,000300.SS,4636.56982421875,4636.56982421875,4655.10009765625,4590.10986328125,4594.9501953125,208700
2026-04-13,000300.SS,4646.16015625,4646.16015625,4653.39990234375,4615.1298828125,4615.1298828125,196700
2026-04-14,000300.SS,4701.27978515625,4701.27978515625,4701.27978515625,4654.85009765625,4676.1201171875,204700
2026-04-15,000300.SS,4685.25,4685.25,4731.27001953125,4672.56005859375,4726.64013671875,201700
2026-04-16,000300.SS,4736.60986328125,4736.60986328125,4739.22021484375,4689.41015625,4694.43017578125,192100
2026-04-17,000300.SS,4728.669921875,4728.669921875,4738.31982421875,4714.47021484375,4729.0,182900
2026-04-20,000300.SS,4757.43994140625,4757.43994140625,4763.0400390625,4720.68994140625,4727.169921875,221600
2026-04-21,000300.SS,4768.0,4768.0,4776.830078125,4722.009765625,4750.52001953125,205600
2026-04-22,000300.SS,4799.6298828125,4799.6298828125,4801.4501953125,4750.35009765625,4751.27978515625,204500
2026-04-23,000300.SS,4786.330078125,4786.330078125,4823.47021484375,4759.85986328125,4816.02978515625,232900
2026-04-24,000300.SS,4769.3701171875,4769.3701171875,4786.43994140625,4735.60986328125,4771.740234375,193800
2026-04-27,000300.SS,4770.9501953125,4770.9501953125,4795.169921875,4762.64013671875,4776.33984375,192800
2026-04-28,000300.SS,4758.2099609375,4758.2099609375,4778.18994140625,4743.43994140625,4757.080078125,216700
2026-04-29,000300.SS,4810.35009765625,4810.35009765625,4813.60986328125,4737.10986328125,4737.580078125,233300
2026-04-30,000300.SS,4807.31005859375,4807.31005859375,4829.27001953125,4797.5400390625,4820.97021484375,250600
2026-05-06,000300.SS,4877.08984375,4877.08984375,4892.7998046875,4834.27978515625,4857.64990234375,274400
2026-05-07,000300.SS,4900.509765625,4900.509765625,4901.85986328125,4866.8798828125,4895.7998046875,257800
2026-05-08,000300.SS,4871.91015625,4871.91015625,4887.2099609375,4849.990234375,4871.1201171875,251700
2026-05-11,000300.SS,4951.83984375,4951.83984375,4960.39990234375,4889.56982421875,4902.27978515625,305700
2026-05-12,000300.SS,4948.0498046875,4948.0498046875,4971.2998046875,4926.7900390625,4965.02001953125,273800
2026-05-13,000300.SS,4998.33984375,4998.33984375,5001.1201171875,4919.43017578125,4919.43017578125,268500
2026-05-14,000300.SS,4914.60009765625,4914.60009765625,5030.52001953125,4913.60009765625,5027.64013671875,280700
2026-05-15,000300.SS,4859.58984375,4859.58984375,4935.6201171875,4832.68994140625,4911.6201171875,277000
2026-05-18,000300.SS,4833.52001953125,4833.52001953125,4868.60009765625,4806.14990234375,4836.330078125,239100
2026-05-19,000300.SS,4852.8798828125,4852.8798828125,4854.52978515625,4773.52978515625,4818.7099609375,232300
2026-05-20,000300.SS,4850.7001953125,4850.7001953125,4866.2099609375,4825.64013671875,4829.60986328125,220000
2026-05-21,000300.SS,4783.10009765625,4783.10009765625,4937.93017578125,4780.7099609375,4886.240234375,287300
2026-05-22,000300.SS,4845.10009765625,4845.10009765625,4851.35009765625,4785.35009765625,4818.83984375,286900
2026-05-25,000300.SS,4921.60009765625,4921.60009765625,4922.43994140625,4857.1298828125,4873.2001953125,264700
2026-05-26,000300.SS,4947.85009765625,4947.85009765625,4952.740234375,4892.68017578125,4900.1201171875,302800
2026-05-27,000300.SS,4908.169921875,4908.169921875,4974.2099609375,4891.33984375,4940.9501953125,301700
2026-05-28,000300.SS,4914.2099609375,4914.2099609375,4922.330078125,4843.22998046875,4889.27001953125,267400
2026-05-29,000300.SS,4892.1201171875,4892.1201171875,4954.06982421875,4878.7900390625,4937.509765625,332500
2026-06-01,000300.SS,4844.259765625,4844.259765625,4918.7900390625,4836.68994140625,4897.89990234375,296100
2026-06-02,000300.SS,4914.56005859375,4914.56005859375,4930.27978515625,4832.0,4860.60986328125,281700
2026-06-03,000300.SS,4938.81005859375,4938.81005859375,4991.85009765625,4904.89990234375,4921.35009765625,304000
2026-06-04,000300.SS,4904.75,4904.75,4938.77978515625,4889.75,4897.31982421875,264800
2026-06-05,000300.SS,4816.919921875,4816.919921875,4924.33984375,4798.91015625,4886.9599609375,301900
2026-06-08,000300.SS,4713.64013671875,4713.64013671875,4779.85986328125,4677.56982421875,4703.77001953125,299600
2026-06-09,000300.SS,4801.81005859375,4801.81005859375,4802.509765625,4715.39013671875,4743.4501953125,258400
2026-06-10,000300.SS,4748.58984375,4748.58984375,4786.52001953125,4719.0,4753.1201171875,259300
2026-06-11,000300.SS,4722.41015625,4722.41015625,4766.169921875,4685.5,4730.06982421875,247200
2026-06-12,000300.SS,4777.31982421875,4777.31982421875,4809.85986328125,4757.56005859375,4784.64013671875,335900
2026-06-15,000300.SS,4891.7099609375,4891.7099609375,4892.5498046875,4803.18017578125,4829.2900390625,331300
2026-06-16,000300.SS,4884.22998046875,4884.22998046875,4908.27978515625,4866.06005859375,4894.8798828125,282600
2026-06-17,000300.SS,4931.39013671875,4931.39013671875,4933.93017578125,4859.7001953125,4859.7001953125,276100
2026-06-18,000300.SS,4941.60009765625,4941.60009765625,4976.89013671875,4916.0400390625,4916.0400390625,334500
2026-06-22,000300.SS,5059.66015625,5059.66015625,5061.509765625,4928.4599609375,4949.35009765625,375100
2026-06-23,000300.SS,4919.39013671875,4919.39013671875,5064.27001953125,4892.08984375,5048.02978515625,342700
2026-06-24,000300.SS,4943.02001953125,4943.02001953125,4953.22998046875,4892.27001953125,4900.3798828125,312200
2026-06-25,000300.SS,5020.10009765625,5020.10009765625,5032.0,4944.8798828125,4950.97998046875,346700
2026-06-26,000300.SS,4868.22021484375,4868.22021484375,4981.97998046875,4845.18994140625,4981.830078125,341200
2026-06-29,000300.SS,4926.919921875,4926.919921875,4928.60009765625,4827.14990234375,4866.0400390625,323200
2026-06-30,000300.SS,4979.43017578125,4979.43017578125,4987.56005859375,4914.490234375,4914.490234375,306200
2026-07-01,000300.SS,4958.97998046875,4958.97998046875,5017.3798828125,4925.6298828125,4972.68994140625,342900
2026-07-02,000300.SS,4812.2998046875,4812.2998046875,4896.990234375,4800.47998046875,4865.169921875,343200
2026-07-03,000300.SS,4842.169921875,4842.169921875,4890.97021484375,4809.5,4809.5,301100
2026-07-06,000300.SS,4842.0,4842.0,4878.31982421875,4789.7998046875,4868.5400390625,294100
2026-07-07,000300.SS,4792.259765625,4792.259765625,4839.509765625,4756.72998046875,4813.8701171875,246300
2026-07-08,000300.SS,4755.52978515625,4755.52978515625,4830.0498046875,4751.39990234375,4804.47998046875,243900
2026-07-09,000300.SS,4876.31005859375,4876.31005859375,4882.85009765625,4734.8701171875,4774.39990234375,281600
2026-07-10,000300.SS,4780.7900390625,4780.7900390625,4906.490234375,4780.75,4887.5400390625,304100
2026-07-13,000300.SS,4695.3798828125,4695.3798828125,4775.240234375,4670.25,4745.43994140625,278600
2026-07-14,000300.SS,4796.5,4796.5,4796.5,4649.0400390625,4691.1201171875,283300
2026-07-15,000300.SS,4786.77978515625,4786.77978515625,4826.85986328125,4772.0400390625,4797.93994140625,278700
2026-07-16,000300.SS,4698.43994140625,4698.43994140625,4771.06005859375,4673.35009765625,4711.52978515625,251600
2026-07-17,000300.SS,4529.10009765625,4529.10009765625,4663.52978515625,4492.08984375,4661.6201171875,302600
