feature_id,source_snapshot_date,week_end_date,country_name,country_code,source_row_count,administrative_area_count,total_events,total_fatalities,political_violence_events,political_violence_fatalities,strike_events,strike_fatalities,air_drone_strike_events,air_drone_strike_fatalities,shelling_artillery_missile_events,shelling_artillery_missile_fatalities,violence_against_civilians_events,violence_against_civilians_fatalities,protest_events,riot_events,strategic_development_events,reviewed_by,source_url,created_at,market_date,company_ticker,benchmark_ticker,market_observation_count,company_price,benchmark_price,company_weekly_return,benchmark_weekly_return,weekly_abnormal_return,company_cumulative_return,benchmark_cumulative_return,cumulative_abnormal_return,market_source_url,market_conflict_id
b511f67d4b5637c9d55e9225ab8192ba79c3fc415aca82957745beb7e5c6955b,2026-08-22,2025-01-04,Israel,IL,13,6,45,0,3,0,2,0,0,0,2,0,0,0,36,3,4,Markus,https://acleddata.com/,2026-09-03T23:16:16.002815+00:00,2025-01-03,RHM.DE,^GDAXI,2,606.4381713867188,19906.080078125,0.019205207527025703,-0.005921702400926265,0.025126909927952,0.0192052075270257,-0.0059217024009263,0.025126909927952,https://finance.yahoo.com/,c302b50f2584935eb56365f5de0524de6a64699351c1d5889e520b231af064a0
b21da421525bd2d30534476192d47539e7d83e15502c4c3159fb5428a21ea4c1,2026-08-22,2025-01-04,Iran,IR,31,27,73,0,1,0,0,0,0,0,0,0,0,0,68,0,4,Markus,https://acleddata.com/,2026-09-03T23:16:15.359090+00:00,2025-01-03,RHM.DE,^GDAXI,2,606.4381713867188,19906.080078125,0.019205207527025703,-0.005921702400926265,0.025126909927952,0.0192052075270257,-0.0059217024009263,0.025126909927952,https://finance.yahoo.com/,635de8f1f541fc92669b451abaf7866b518e078d18e4a11e06494d6e1b69b343
b4e7a59357e67e6c6155a36c59f72a14b69596d3ffa1102052fb9e8f8c648791,2026-08-22,2025-01-11,Israel,IL,14,6,39,0,2,0,2,0,0,0,2,0,0,0,30,3,4,Markus,https://acleddata.com/,2026-09-03T23:16:15.995820+00:00,2025-01-10,RHM.DE,^GDAXI,5,640.3262939453125,20214.7890625,0.05588058957618558,0.015508276022371925,0.0403828341337322,0.0761589954227546,0.0094947382260897,0.0655097440616844,https://finance.yahoo.com/,9e3cf97e08c9885ed7a18ab2ea87876d7a9b1de92daae8a311a9f03089c13dca
b988b775e813aa9e594e2201db9eea978ed7253308edecfcf3da7ecb6455252a,2026-08-22,2025-01-11,Iran,IR,37,31,117,0,2,0,0,0,0,0,0,0,0,0,111,0,4,Markus,https://acleddata.com/,2026-09-03T23:16:15.359158+00:00,2025-01-10,RHM.DE,^GDAXI,5,640.3262939453125,20214.7890625,0.05588058957618558,0.015508276022371925,0.0403828341337322,0.0761589954227546,0.0094947382260897,0.0655097440616844,https://finance.yahoo.com/,66b0571d4c4798b9c4df56a4a2be36ff843caf35164de4120ff70652672833e9
db6296f92a74a5bc3bc8aad5b9209daa01f9ad0dea9948f25f2f5559adb746bc,2026-08-22,2025-01-18,Israel,IL,15,6,31,3,2,3,0,0,0,0,0,0,2,3,19,5,5,Markus,https://acleddata.com/,2026-09-03T23:16:16.010381+00:00,2025-01-17,RHM.DE,^GDAXI,5,684.0654907226562,20903.390625,0.06830766937251442,0.034064246743855886,0.0335768532018932,0.1496689082743494,0.0438824160756472,0.0990865972635777,https://finance.yahoo.com/,e5fd352c9ca66d0afd856d3ebf78b0014e12021c74d379d74244bc54c3d5b8be
280c0f97a9e80cdbcaac550bc9a19a0a55fccd324cfa767a808a6f0469b6a9b6,2026-08-22,2025-01-18,Iran,IR,28,26,69,4,2,4,0,0,0,0,0,0,1,3,67,0,0,Markus,https://acleddata.com/,2026-09-03T23:16:15.359235+00:00,2025-01-17,RHM.DE,^GDAXI,5,684.0654907226562,20903.390625,0.06830766937251442,0.034064246743855886,0.0335768532018932,0.1496689082743494,0.0438824160756472,0.0990865972635777,https://finance.yahoo.com/,b998606adac819ac2a28fb85f05418c4c60bc51c0660a12ea75ba2a5d6a6b727
4cdb17f395da3c1a41cb5ec2c4e974965a3a535df2850e242c99d1fb3a36a524,2026-08-22,2025-01-25,Israel,IL,11,6,31,0,0,0,0,0,0,0,0,0,0,0,24,3,4,Markus,https://acleddata.com/,2026-09-03T23:16:15.995959+00:00,2025-01-24,RHM.DE,^GDAXI,5,720.7117919921875,21394.9296875,0.053571334567422246,0.023514800604267805,0.0294267844874216,0.2112582060012775,0.0684291029439676,0.1285133817509994,https://finance.yahoo.com/,ffd6361f7573bf9d326323eb11c80667a228778247ddbdd43459e3f650bd86f3
bffd8bf96b2f767ae9b2eb999e38fe6333bd001a4b2dda43cea738d35e914505,2026-08-22,2025-01-25,Iran,IR,28,22,57,2,4,2,0,0,0,0,0,0,0,0,51,2,1,Markus,https://acleddata.com/,2026-09-03T23:16:15.359306+00:00,2025-01-24,RHM.DE,^GDAXI,5,720.7117919921875,21394.9296875,0.053571334567422246,0.023514800604267805,0.0294267844874216,0.2112582060012775,0.0684291029439676,0.1285133817509994,https://finance.yahoo.com/,1c4e4ec0349ef5b77ed382d2ba3159e8a3683bc016b54b919a3c344f99db1d3e
9dadd1a6b6b3ddc6afc2c4aa6898fce50dabd468b9d0bc26b892a4f33fe4f723,2026-08-22,2025-02-01,Israel,IL,8,6,13,0,0,0,0,0,0,0,0,0,0,0,11,1,1,Markus,https://acleddata.com/,2026-09-03T23:16:15.967812+00:00,2025-01-31,RHM.DE,^GDAXI,5,744.1576538085938,21732.05078125,0.03253153629080674,0.01575705546473305,0.016607570556033,0.2506622962873457,0.0852643995791904,0.1451209523070326,https://finance.yahoo.com/,09214267b10428366ba4d9bf20fc7dfabaa9b037839f1c3ce0b8611d5c26c5dc
b839562630a00539e53763f7a245a57b98029a36c90f3882c3689049a548a024,2026-08-22,2025-02-01,Iran,IR,23,23,56,0,0,0,0,0,0,0,0,0,0,0,53,0,3,Markus,https://acleddata.com/,2026-09-03T23:16:15.359386+00:00,2025-01-31,RHM.DE,^GDAXI,5,744.1576538085938,21732.05078125,0.03253153629080674,0.01575705546473305,0.016607570556033,0.2506622962873457,0.0852643995791904,0.1451209523070326,https://finance.yahoo.com/,71383e9c376cf52594e0452eb2da7bc3c80e7d2d740ea0c3729d73ebe91a8eba
7ce5c162314e9c1708593ede9397efb88c72d351b567507d995342a723887931,2026-08-22,2025-02-08,Israel,IL,14,6,34,0,1,0,0,0,0,0,0,0,0,0,28,4,2,Markus,https://acleddata.com/,2026-09-03T23:16:15.980497+00:00,2025-02-07,RHM.DE,^GDAXI,5,712.6339111328125,21787.0,-0.042361645431506,0.002528487500011334,-0.04392071650610689,0.1976821835374675,0.0880084770477336,0.1012002358009257,https://finance.yahoo.com/,e9e63570a1d9802be18ad8bfa4889542d87c382e7ec7df20149d071e85d1d5ac
3f34475541d6398af46dacfc6cac8787030d34e6b3ec6edbe983410cd72df33a,2026-08-22,2025-02-08,Iran,IR,15,12,31,0,2,0,0,0,0,0,0,0,0,0,29,0,0,Markus,https://acleddata.com/,2026-09-03T23:16:15.242305+00:00,2025-02-07,RHM.DE,^GDAXI,5,712.6339111328125,21787.0,-0.042361645431506,0.002528487500011334,-0.04392071650610689,0.1976821835374675,0.0880084770477336,0.1012002358009257,https://finance.yahoo.com/,6adbaab9839148af93d76ef7cc1d2d870d9b44cc287e6520dd982aec27c8b3e8
ae966e266e55d34cb28ba2a268e8e88ca233aa8cb76041d2ff3e5013437d3dcf,2026-08-22,2025-02-15,Israel,IL,12,6,26,0,1,0,0,0,0,0,0,0,0,0,21,1,3,Markus,https://acleddata.com/,2026-09-03T23:16:16.002879+00:00,2025-02-14,RHM.DE,^GDAXI,5,804.8408813476562,22513.419921875,0.12938897346082,0.033341897547849664,0.0924305533443974,0.3526490517976939,0.1242847442206511,0.1936307891453231,https://finance.yahoo.com/,17e1223bccef3467e8dd0c7a4ae04019189aa79e2e690c289fb4e7ac5bcdf07d
1784a7797dde53d716a28f0e0eb4a24c9c7317a9c73c19094748b09072ae82da,2026-08-22,2025-02-15,Iran,IR,28,25,84,0,1,0,0,0,0,0,0,0,1,0,81,0,2,Markus,https://acleddata.com/,2026-09-03T23:16:15.359460+00:00,2025-02-14,RHM.DE,^GDAXI,5,804.8408813476562,22513.419921875,0.12938897346082,0.033341897547849664,0.0924305533443974,0.3526490517976939,0.1242847442206511,0.1936307891453231,https://finance.yahoo.com/,0db8d9b97ff7816e2f9bd678cf695ab8d709ee54748f68b52d53999c0179a9ab
125ebc0d39f270bb13ac04bd40c00fbb2f64f90eb5556e3f29bc878a0642b7ba,2026-08-22,2025-02-22,Israel,IL,7,5,17,2,1,2,0,0,0,0,0,0,1,2,15,1,0,Markus,https://acleddata.com/,2026-09-03T23:16:15.968018+00:00,2025-02-21,RHM.DE,^GDAXI,5,880.8919067382812,22287.560546875,0.09449200103166033,-0.010032210822867538,0.1102519410398839,0.4804635673956361,0.1130056826416958,0.3038827301852072,https://finance.yahoo.com/,b302ad43e1d2b2f1c054f3afa893bcdeabef64471b690dde66ee4486430d46a1
96609108ef68044ce40a6dc27024890e148075dbc0e1aa9cae31862747a8e8ee,2026-08-22,2025-02-22,Iran,IR,16,13,51,5,4,5,0,0,0,0,0,0,1,1,46,0,1,Markus,https://acleddata.com/,2026-09-03T23:16:15.359530+00:00,2025-02-21,RHM.DE,^GDAXI,5,880.8919067382812,22287.560546875,0.09449200103166033,-0.010032210822867538,0.1102519410398839,0.4804635673956361,0.1130056826416958,0.3038827301852072,https://finance.yahoo.com/,c93fd6000f1c5b4c8436288d63828a15949310563cffa6d9479b3c25466383c3
772e7447ff9ae345bf3d52928ed3f31e4d03ca4a7d7a75f69aceb6e18bb90e52,2026-08-22,2025-03-01,Israel,IL,14,6,26,2,1,2,0,0,0,0,0,0,1,2,21,3,1,Markus,https://acleddata.com/,2026-09-03T23:16:15.996025+00:00,2025-02-28,RHM.DE,^GDAXI,5,991.5206298828124,22551.4296875,0.12558717170437084,0.01183930112360354,0.10895312079679449,0.6663907996362171,0.126182892070773,0.4128358509820019,https://finance.yahoo.com/,16ff991adef758014051ab1c5efaaec388dbd61802b4817ab1dfb94fb7578987
a3a4a81c2460cd98b4dc024bdc5f5c268b3d5cc12de11b6bf1077248eb2239e3,2026-08-22,2025-03-01,Iran,IR,24,22,67,5,4,5,0,0,0,0,0,0,0,0,64,0,0,Markus,https://acleddata.com/,2026-09-03T23:16:15.359601+00:00,2025-02-28,RHM.DE,^GDAXI,5,991.5206298828124,22551.4296875,0.12558717170437084,0.01183930112360354,0.10895312079679449,0.6663907996362171,0.126182892070773,0.4128358509820019,https://finance.yahoo.com/,6f2fe3612eaa89c2bffa38a71f7a0a70290f77ea895ee0640d79a851a5edb727
97a63ad340cf4e80ca8fcc79b46cfeff7cc7a37f856ec6fad7a988e04043e5b8,2026-08-22,2025-03-08,Israel,IL,9,6,17,3,1,3,0,0,0,0,0,0,1,3,15,1,0,Markus,https://acleddata.com/,2026-09-03T23:16:15.996092+00:00,2025-03-07,RHM.DE,^GDAXI,5,1098.40576171875,23008.939453125,0.10779920116091835,0.020287395165841327,0.09433724445792,0.8460263966589048,0.1490302094312225,0.507173095439922,https://finance.yahoo.com/,345a596359a4d0093c312b3b5fd3e26129e7b431146e55d85c733d7f288d084c
fd07e3ab6724daf06b0a4246e1afdcb285bd6379e9f8d35b80588ca0118fc821,2026-08-22,2025-03-08,Iran,IR,26,24,92,2,3,2,0,0,0,0,0,0,1,1,89,0,0,Markus,https://acleddata.com/,2026-09-03T23:16:15.336708+00:00,2025-03-07,RHM.DE,^GDAXI,5,1098.40576171875,23008.939453125,0.10779920116091835,0.020287395165841327,0.09433724445792,0.8460263966589048,0.1490302094312225,0.507173095439922,https://finance.yahoo.com/,589e01a2b66214255e521e8fe049e9a7113de16d06d63aa5664f95a45a3f6c63
c7c5c8230b5380ccefe97c49005360e52f8de2e5a9545e5c336f882a2106582b,2026-08-22,2025-03-15,Israel,IL,19,6,45,0,2,0,1,0,0,0,1,0,0,0,32,4,8,Markus,https://acleddata.com/,2026-09-03T23:16:16.002945+00:00,2025-03-14,RHM.DE,^GDAXI,5,1348.6256103515625,22986.8203125,0.2278027459008194,-0.0009613281250996364,0.2125540614534271,1.2665562788231992,0.1479256143743068,0.7197271568933492,https://finance.yahoo.com/,531b43057a6d7a04f27940c30ff9ff9e3a54d8df6e219a0f713e2fe49f0cea1b
66fc9a434cf21894245c84cdf958be97e2a4a73ef8d07c51710d5586d63d6595,2026-08-22,2025-03-15,Iran,IR,19,17,40,3,1,2,0,0,0,0,0,0,0,0,38,0,1,Markus,https://acleddata.com/,2026-09-03T23:16:15.359671+00:00,2025-03-14,RHM.DE,^GDAXI,5,1348.6256103515625,22986.8203125,0.2278027459008194,-0.0009613281250996364,0.2125540614534271,1.2665562788231992,0.1479256143743068,0.7197271568933492,https://finance.yahoo.com/,f9146f28462f6f7ac4edbae4a9e50045d6358c46adcd0e9df20298b61c36f68b
1eaca52b0757b397ad131cb3e15cb1399ee3389933b3aad6e31735d51955c10f,2026-08-22,2025-03-22,Israel,IL,16,6,51,2,3,2,2,0,0,0,2,0,1,2,32,7,9,Markus,https://acleddata.com/,2026-09-03T23:16:15.996226+00:00,2025-03-21,RHM.DE,^GDAXI,5,1285.578125,22891.6796875,-0.04674943503047313,-0.004138920638286803,-0.0405018771250895,1.1605960533234423,0.1431744413577549,0.6792252797682595,https://finance.yahoo.com/,831fade342c15f228df19203cae7a5ec2b7f0fdb5eaecf8dfbfece8ae3c2ce42
5e0a941aa90794c9191e2e4d526594c485e1671b2f8c2cef73f954a4453070a1,2026-08-22,2025-03-22,Iran,IR,33,31,151,1,1,1,0,0,0,0,0,0,0,0,150,0,0,Markus,https://acleddata.com/,2026-09-03T23:16:15.359739+00:00,2025-03-21,RHM.DE,^GDAXI,5,1285.578125,22891.6796875,-0.04674943503047313,-0.004138920638286803,-0.0405018771250895,1.1605960533234423,0.1431744413577549,0.6792252797682595,https://finance.yahoo.com/,013964dceee4d30fcd8b78e983e331aeb1e4fac536ec9364c37ffdda4e1ad279
da2c3feccd8dda91efafa7b506689c2c7a0f095a376e8a5450c34879583650cd,2026-08-22,2025-03-29,Israel,IL,10,6,22,0,2,0,2,0,0,0,2,0,0,0,12,3,5,Markus,https://acleddata.com/,2026-09-03T23:16:15.996292+00:00,2025-03-28,RHM.DE,^GDAXI,5,1290.503662109375,22461.51953125,0.0038313790609767473,-0.018791113720016184,0.023428435440921005,1.1688741158013751,0.1216929204283854,0.7026537152091806,https://finance.yahoo.com/,bb3a1df3402a4e84d02546be9a24aa20eb9da62ae6c24a41c77cd98d0be76db8
d40dc26b93fd8acfb7a668344fbecd47027b2377e20b8821886ccf481fdd6b9e,2026-08-22,2025-03-29,Iran,IR,8,6,16,0,1,0,0,0,0,0,0,0,0,0,13,2,1,Markus,https://acleddata.com/,2026-09-03T23:16:15.312868+00:00,2025-03-28,RHM.DE,^GDAXI,5,1290.503662109375,22461.51953125,0.0038313790609767473,-0.018791113720016184,0.023428435440921005,1.1688741158013751,0.1216929204283854,0.7026537152091806,https://finance.yahoo.com/,53834d5b78efc619673116333afa0c821d1f0c4a8d81008e275baf36af48af1f
f4c09695605a709135916db3b6d7eb005d7562ac792ed38be32cca2babec956e,2026-08-22,2025-04-05,Israel,IL,11,5,24,0,3,0,3,0,0,0,3,0,0,0,18,0,3,Markus,https://acleddata.com/,2026-09-03T23:16:15.968435+00:00,2025-04-04,RHM.DE,^GDAXI,5,1257.0096435546875,20641.720703125,-0.025954222012776085,-0.08101850925949894,0.0600795128515871,1.1125826754821029,0.0308150321683438,0.7627332280607677,https://finance.yahoo.com/,fcbc61fef8e73836c48f273a61f4c0358e574f823f4787c6809ff67cff61d1c3
dc22438473d49bb505dba31a58d595592ce69fe6b3af8d2750945a2f74648f2c,2026-08-22,2025-04-05,Iran,IR,26,20,61,6,2,3,0,0,0,0,0,0,1,3,55,0,4,Markus,https://acleddata.com/,2026-09-03T23:16:15.359806+00:00,2025-04-04,RHM.DE,^GDAXI,5,1257.0096435546875,20641.720703125,-0.025954222012776085,-0.08101850925949894,0.0600795128515871,1.1125826754821029,0.0308150321683438,0.7627332280607677,https://finance.yahoo.com/,fbcba2bef770e0cd6f821cef81bdf997852e48f3741e178b85897dffe3031747
98a417158b9ae6d7e409d305eb74b842fe8c9ca40ade77a921a84664d173d38d,2026-08-22,2025-04-12,Israel,IL,10,6,20,0,2,0,1,0,0,0,1,0,0,0,9,1,9,Markus,https://acleddata.com/,2026-09-03T23:16:16.003013+00:00,2025-04-11,RHM.DE,^GDAXI,5,1340.252197265625,20374.099609375,0.06622268503488682,-0.012965057399961677,0.0780279536142423,1.252483572610712,0.0174504561075377,0.8407611816750101,https://finance.yahoo.com/,dc32a624e13dd6afb64e7a47f79796270dcf74a3dc4370e94cb7c54b8a84a910
ad33151f659be1652a98a882813d0eab531595d78477c26c11c3ac96c0235702,2026-08-22,2025-04-12,Iran,IR,29,27,84,10,2,10,0,0,0,0,0,0,1,8,82,0,0,Markus,https://acleddata.com/,2026-09-03T23:16:15.359877+00:00,2025-04-11,RHM.DE,^GDAXI,5,1340.252197265625,20374.099609375,0.06622268503488682,-0.012965057399961677,0.0780279536142423,1.252483572610712,0.0174504561075377,0.8407611816750101,https://finance.yahoo.com/,c4b88b96f634f9b2a0fdffebee9af5ef8e197cab651ddbc09ddcbbf3afc90cb9
2bfe3399dfce7da9e42821249f7c74f9759143962dc351ab7a8d0ec0be79a55a,2026-08-22,2025-04-19,Israel,IL,14,6,23,0,0,0,0,0,0,0,0,0,0,0,16,1,6,Markus,https://acleddata.com/,2026-09-03T23:16:15.980834+00:00,2025-04-17,RHM.DE,^GDAXI,4,1442.211669921875,21205.859375,0.07607484088760819,0.040824369251746706,0.0352378182668464,1.4238409019990232,0.0589872292230297,0.8759989999418565,https://finance.yahoo.com/,bf5a2b56519988bd2da014c34ef7bac66419c4eb14197bab30bc7af47090c37a
c894ce959ffb4bc2b9ddf046c388e0d4dc5684ebddec992a5d2efe98cafe6204,2026-08-22,2025-04-19,Iran,IR,23,23,57,0,0,0,0,0,0,0,0,0,0,0,57,0,0,Markus,https://acleddata.com/,2026-09-03T23:16:15.359945+00:00,2025-04-17,RHM.DE,^GDAXI,4,1442.211669921875,21205.859375,0.07607484088760819,0.040824369251746706,0.0352378182668464,1.4238409019990232,0.0589872292230297,0.8759989999418565,https://finance.yahoo.com/,3141d96b382d81fd487a385d1ae6d6da2d307df51c0c3f3de0d9a96306416f1e
bc93a215057ad43a7432b0e782f43c2936699bef4ce325a34bb28ea28ba0532e,2026-08-22,2025-04-26,Israel,IL,16,6,47,0,1,0,0,0,0,0,0,0,0,0,27,12,8,Markus,https://acleddata.com/,2026-09-03T23:16:15.996357+00:00,2025-04-25,RHM.DE,^GDAXI,4,1365.865234375,22242.44921875,-0.05293705295770523,0.04888223699965,-0.1018487554167688,1.2955299078088487,0.1107528939415123,0.7741502445250876,https://finance.yahoo.com/,470344679d5ea670dac7dfd15f782818d507a11082577e431dbcd987597effa6
70cdef0900cfcb65071a7dfdecd5fd33eb331330685a5544d293a56452397695,2026-08-22,2025-04-26,Iran,IR,27,23,70,0,0,0,0,0,0,0,0,0,0,0,68,0,2,Markus,https://acleddata.com/,2026-09-03T23:16:15.360011+00:00,2025-04-25,RHM.DE,^GDAXI,4,1365.865234375,22242.44921875,-0.05293705295770523,0.04888223699965,-0.1018487554167688,1.2955299078088487,0.1107528939415123,0.7741502445250876,https://finance.yahoo.com/,e33392c4ecdabf2daa4bd0fd2c91cf8382b43968c82d94508c19804511ecd27e
a66dc476bdb7bed449d63e8e8bbb44d7e0e980d03710455a006b290e1642fec4,2026-08-22,2025-05-03,Israel,IL,13,5,24,0,1,0,1,0,0,0,1,0,0,0,13,4,6,Markus,https://acleddata.com/,2026-09-03T23:16:16.007235+00:00,2025-05-02,RHM.DE,^GDAXI,4,1552.544921875,23086.650390625,0.13667504143292875,0.037954505979645115,0.0962600604556009,1.6092715530691502,0.1529109712965235,0.8704103049806886,https://finance.yahoo.com/,d040f781ab0f657c1d91ba1000cc00a7f98194f6e3325c7c77c41773d341be30
f60efca96f414175c7278d152bf91d2e1681ed0a5520619b13c182cba7faa522,2026-08-22,2025-05-03,Iran,IR,25,24,78,0,1,0,0,0,0,0,0,0,0,0,77,0,0,Markus,https://acleddata.com/,2026-09-03T23:16:15.360077+00:00,2025-05-02,RHM.DE,^GDAXI,4,1552.544921875,23086.650390625,0.13667504143292875,0.037954505979645115,0.0962600604556009,1.6092715530691502,0.1529109712965235,0.8704103049806886,https://finance.yahoo.com/,9e27c3c77c5cfab4358129cf72dc526586330e870bb28e8e96ddd622054974b9
c8c6cadefe40091c1639181960864908530038e7d657510eb55a6ea679d9d3fc,2026-08-22,2025-05-10,Israel,IL,13,6,62,0,2,0,1,0,0,0,1,0,0,0,56,2,3,Markus,https://acleddata.com/,2026-09-03T23:16:16.007312+00:00,2025-05-09,RHM.DE,^GDAXI,5,1668.7886962890625,23499.3203125,0.07487305054830617,0.017874828738367876,0.055764404603315804,1.804635673956354,0.1735190574590344,0.9261747095840044,https://finance.yahoo.com/,dbf85160784a57e0a79903081d9155769e7578439d8a94576093f6353a1c3165
596ff71907a6e9ecdf6f2ef22c1c6335e8638f58e40b6a377a7cc997a58a8deb,2026-08-22,2025-05-10,Iran,IR,26,22,76,0,4,0,0,0,0,0,0,0,0,0,71,3,1,Markus,https://acleddata.com/,2026-09-03T23:16:15.360154+00:00,2025-05-09,RHM.DE,^GDAXI,5,1668.7886962890625,23499.3203125,0.07487305054830617,0.017874828738367876,0.055764404603315804,1.804635673956354,0.1735190574590344,0.9261747095840044,https://finance.yahoo.com/,fb808a7862f09546a4ed2a665e37a213b43891e4fe84be70331e67396a2501d1
93f720a545092eab3771e838db74dc27edd1614fb22e16703b5d992e04cec974,2026-08-22,2025-05-17,Israel,IL,14,6,28,1,2,1,1,0,0,0,1,0,1,1,17,4,5,Markus,https://acleddata.com/,2026-09-03T23:16:15.996488+00:00,2025-05-16,RHM.DE,^GDAXI,5,1705.9478759765625,23767.4296875,0.022267156872606275,0.011409239562447437,0.014329784466835901,1.8670869364788465,0.1869080175166819,0.9405044940508404,https://finance.yahoo.com/,395b04f733d7144e2542e991ee6e5362599646b57bbedc69164835ea537fa711
7dcf33ad2dd031974277ca0b184a288f6050feabaf7c3b068508c4927dfcc303,2026-08-22,2025-05-17,Iran,IR,28,26,112,0,2,0,0,0,0,0,0,0,0,0,111,0,0,Markus,https://acleddata.com/,2026-09-03T23:16:15.360221+00:00,2025-05-16,RHM.DE,^GDAXI,5,1705.9478759765625,23767.4296875,0.022267156872606275,0.011409239562447437,0.014329784466835901,1.8670869364788465,0.1869080175166819,0.9405044940508404,https://finance.yahoo.com/,4f65bb86cfb975aae9eaf31f9f142eae5f6e924462ac0a3115a199a58a766362
0549538cf5ee725507d47ebcbff2a8b4e867ef72e06f2a7ad2030f16fc93efa4,2026-08-22,2025-05-24,Israel,IL,14,6,44,0,1,0,0,0,0,0,0,0,0,0,38,4,2,Markus,https://acleddata.com/,2026-09-03T23:16:15.996555+00:00,2025-05-23,RHM.DE,^GDAXI,5,1765.84912109375,23629.580078125,0.03511317430076666,-0.005799937611574824,0.040583530604715104,1.9677594598148789,0.1800240250644067,0.9810880246555556,https://finance.yahoo.com/,35d43e04effaf8ae8f28cba033f667834991b75bc4ba34428161787a51fc2b0b
d52a905d01fc3fbe0caec03287bcbfed3747be9216114f7c3d3c583fe0e067e9,2026-08-22,2025-05-24,Iran,IR,34,31,243,3,1,1,0,0,0,0,0,0,1,1,241,0,1,Markus,https://acleddata.com/,2026-09-03T23:16:15.360286+00:00,2025-05-23,RHM.DE,^GDAXI,5,1765.84912109375,23629.580078125,0.03511317430076666,-0.005799937611574824,0.040583530604715104,1.9677594598148789,0.1800240250644067,0.9810880246555556,https://finance.yahoo.com/,2242097ff873b859c2c0ff93ffa77fe05903be9bf0bd5315c2f350c89b02bc31
cf8df6e42360ce702cb7498db904e086fd944c9e08aad11b64b82fa6c3d03e54,2026-08-22,2025-05-31,Israel,IL,15,6,31,0,1,0,1,0,0,0,1,0,0,0,20,4,6,Markus,https://acleddata.com/,2026-09-03T23:16:15.996619+00:00,2025-05-30,RHM.DE,^GDAXI,5,1866.3446044921875,23997.48046875,0.05691057191578852,0.015569484917151932,0.0405996569416863,2.1366563479814342,0.1983963913245237,1.0216876815972422,https://finance.yahoo.com/,73a79a006080dc33e175734807d681e578cba1e7c31b51231464505290264c23
abd801bac4d783167d6f3ae019712e2dbfdef2b58d4c24f3e25edbb53e458e62,2026-08-22,2025-05-31,Iran,IR,23,22,62,0,0,0,0,0,0,0,0,0,0,0,61,0,1,Markus,https://acleddata.com/,2026-09-03T23:16:15.360360+00:00,2025-05-30,RHM.DE,^GDAXI,5,1866.3446044921875,23997.48046875,0.05691057191578852,0.015569484917151932,0.0405996569416863,2.1366563479814342,0.1983963913245237,1.0216876815972422,https://finance.yahoo.com/,351ae59dd496445d9a86223c73f6f63f27486a026fb0cf8c1d42c95221bbd7ff
dc9b8212a583dd9b3717e5ff72036c097a08a171a0e576a4ec39ad68f11fe3ba,2026-08-22,2025-06-07,Israel,IL,18,6,59,2,3,2,3,2,0,0,3,2,0,0,43,1,12,Markus,https://acleddata.com/,2026-09-03T23:16:16.003076+00:00,2025-06-06,RHM.DE,^GDAXI,5,1770.3045654296875,24304.4609375,-0.05145889930044922,0.012792195795294337,-0.0632908300936444,1.975247464830543,0.213726512602721,0.9583968515035978,https://finance.yahoo.com/,903a92a00dfcbb377afc0dc576f65dac3baee2ca0226fa1ab4ee68f1a6e55201
e993209f15a49cf7ce98bf6d787df0e028de7ed480a7334ed2d29a46a86406c1,2026-08-22,2025-06-07,Iran,IR,51,31,181,210,64,210,63,209,63,209,0,0,0,0,116,0,1,Markus,https://acleddata.com/,2026-09-03T23:16:15.360428+00:00,2025-06-06,RHM.DE,^GDAXI,5,1770.3045654296875,24304.4609375,-0.05145889930044922,0.012792195795294337,-0.0632908300936444,1.975247464830543,0.213726512602721,0.9583968515035978,https://finance.yahoo.com/,8957fb0d77a166a697e9485fa78a2a6e3cae4941838557130b995dc1d3f834b8
651bbbed9101482220a4d831a0660db11c51976a57eb2fb959cb63bc3286d379,2026-08-22,2025-06-14,Israel,IL,15,6,117,26,73,26,73,26,0,0,73,26,0,0,5,0,39,Markus,https://acleddata.com/,2026-09-03T23:16:16.003141+00:00,2025-06-13,RHM.DE,^GDAXI,5,1777.7303466796875,23516.23046875,0.004194634863972091,-0.03243151414783341,0.039711736868243,1.987727541575465,0.1743635240376451,0.9981085883718408,https://finance.yahoo.com/,b893e7422a4ba0b1d5820dbfa6aa5340318816c21a0b716e92706e357adcf0e1
c1ad12d398683b7321f1858227475d651b72cfe9ff5d9fc4238ebbaed0e7b1aa,2026-08-22,2025-06-14,Iran,IR,93,31,430,426,267,424,262,423,262,423,0,0,2,1,85,0,78,Markus,https://acleddata.com/,2026-09-03T23:16:15.364824+00:00,2025-06-13,RHM.DE,^GDAXI,5,1777.7303466796875,23516.23046875,0.004194634863972091,-0.03243151414783341,0.039711736868243,1.987727541575465,0.1743635240376451,0.9981085883718408,https://finance.yahoo.com/,338b46a14cb01c0724fd60349a7c31b13a8392db3ad52607dd82a868dbbfab23
4654a44449629383a3b8aa71438b740048415e495bd4e8fd2d5a90fcfe521c86,2026-08-22,2025-06-21,Israel,IL,22,6,61,4,20,4,20,4,2,0,18,4,0,0,21,1,19,Markus,https://acleddata.com/,2026-09-03T23:16:16.003205+00:00,2025-06-20,RHM.DE,^GDAXI,5,1740.1064453125,23350.55078125,-0.021164009174652887,-0.007045333550381505,-0.0138947262887006,1.9244952484741984,0.1660897413013982,0.98421386208314,https://finance.yahoo.com/,c3968668676840db2469a6202e6a2a3a033181a6895a37d482e1d1e3a1093fe8
4d1c95cacdfea0d4ce1bc242e491893825a6b0ae99488ea90e6fd0879de68482,2026-08-22,2025-06-21,Iran,IR,70,30,174,441,115,440,110,435,109,435,1,0,5,5,33,0,26,Markus,https://acleddata.com/,2026-09-03T23:16:15.360564+00:00,2025-06-20,RHM.DE,^GDAXI,5,1740.1064453125,23350.55078125,-0.021164009174652887,-0.007045333550381505,-0.0138947262887006,1.9244952484741984,0.1660897413013982,0.98421386208314,https://finance.yahoo.com/,4da228070d7168954f9584ae6d62e22919349234a357ca823d7b5f1864732e55
0357e97385f99bd690374c47968a5244c2ec882d85c644ddb72149e31e739f39,2026-08-22,2025-06-28,Israel,IL,12,6,44,0,0,0,0,0,0,0,0,0,0,0,37,2,5,Markus,https://acleddata.com/,2026-09-03T23:16:15.981297+00:00,2025-06-27,RHM.DE,^GDAXI,5,1733.6707763671875,24033.220703125,-0.0036984340599673926,0.029235709610035077,-0.027357779906960207,1.9136791956390289,0.2001812023573266,0.95685608217618,https://finance.yahoo.com/,a082e033f9cc5d586cbda7013a14fafd0a9c23aab308581990d165db49d6cead
717148433bdbf00280f09b7fe3da30368b46966e57db2c610b865d7ce43881e0,2026-08-22,2025-06-28,Iran,IR,32,20,39,8,10,5,0,0,0,0,0,0,3,3,11,3,17,Markus,https://acleddata.com/,2026-09-03T23:16:15.308128+00:00,2025-06-27,RHM.DE,^GDAXI,5,1733.6707763671875,24033.220703125,-0.0036984340599673926,0.029235709610035077,-0.027357779906960207,1.9136791956390289,0.2001812023573266,0.95685608217618,https://finance.yahoo.com/,30b741147c86da6086fb38d7891f98f99a20ceff994b08db7ce9a0dde08a4f75
7f2955eff9915793ef59b97a16dd0e1568b20f0235ab6827399df7cb1283871d,2026-08-22,2025-07-05,Israel,IL,11,6,49,0,1,0,1,0,0,0,1,0,0,0,42,1,5,Markus,https://acleddata.com/,2026-09-03T23:16:15.969233+00:00,2025-07-04,RHM.DE,^GDAXI,5,1737.6312255859375,23787.44921875,0.002284429819512157,-0.010226323280218663,0.0150497880103702,1.9203352912780387,0.1879077613871791,0.9719058701865502,https://finance.yahoo.com/,3913812af82bb83c2e6307c3f81b67b2676c2aafefe567f748d062f284fd8dc9
f980e04e857473153eb9a724fa9a87527aabbb0e59aaba56ad9f3d93fd1ba4d9,2026-08-22,2025-07-05,Iran,IR,19,14,25,15,8,13,0,0,0,0,0,0,3,2,9,1,8,Markus,https://acleddata.com/,2026-09-03T23:16:15.266214+00:00,2025-07-04,RHM.DE,^GDAXI,5,1737.6312255859375,23787.44921875,0.002284429819512157,-0.010226323280218663,0.0150497880103702,1.9203352912780387,0.1879077613871791,0.9719058701865502,https://finance.yahoo.com/,dca8c3650604613ae9d683c44b73936273c8047e268eb1bd07dbfdc46da9ef4b
092f6e734f9a460a907a0f499c50d1a4434f0f79e3445e42a05b9174ad19b29d,2026-08-22,2025-07-12,Israel,IL,10,6,46,0,0,0,0,0,0,0,0,0,0,0,38,3,5,Markus,https://acleddata.com/,2026-09-03T23:16:15.969298+00:00,2025-07-11,RHM.DE,^GDAXI,5,1821.7899169921875,24255.310546875,0.048432998997167465,0.0196684110104679,0.0282444239951312,2.0617758875119,0.2112720194806667,1.0001502941816816,https://finance.yahoo.com/,a0a37c4b96ab8190fb3419b1aa3cea46ee38f0959406ae17dc53465d5a725e4a
28cf63b734fe1e46bdd3b544a656f4ac0904f8756513b9986c11fde4ff96a3af,2026-08-22,2025-07-12,Iran,IR,24,18,46,7,5,7,0,0,0,0,0,0,3,6,32,1,9,Markus,https://acleddata.com/,2026-09-03T23:16:15.360631+00:00,2025-07-11,RHM.DE,^GDAXI,5,1821.7899169921875,24255.310546875,0.048432998997167465,0.0196684110104679,0.0282444239951312,2.0617758875119,0.2112720194806667,1.0001502941816816,https://finance.yahoo.com/,7a93b1136af4ad6002c990e333cb829533361af782f81c3ffdc0de60b223d9cf
ee64fd90a7e1edb3b460226661834df361fab1e1adf682804f751acc767a615d,2026-08-22,2025-07-19,Israel,IL,17,6,45,0,3,0,0,0,0,0,0,0,0,0,32,11,1,Markus,https://acleddata.com/,2026-09-03T23:16:15.996749+00:00,2025-07-18,RHM.DE,^GDAXI,5,1817.33447265625,24289.509765625,-0.0024456411216134955,0.0014099682906105748,-0.0032622126583228,2.054287882496235,0.2129798746194382,0.9968880815233586,https://finance.yahoo.com/,ba6bd09014e94bb959abf8c87a26f89724d8720e2295aa383cb8d0a4b2a57c99
0ba0db6f59e333ba293abbe5e48ae8b2242cc02fd214f0679c7a41d9ab9fab1e,2026-08-22,2025-07-19,Iran,IR,42,31,97,9,10,8,0,0,0,0,0,0,2,1,83,1,4,Markus,https://acleddata.com/,2026-09-03T23:16:15.360697+00:00,2025-07-18,RHM.DE,^GDAXI,5,1817.33447265625,24289.509765625,-0.0024456411216134955,0.0014099682906105748,-0.0032622126583228,2.054287882496235,0.2129798746194382,0.9968880815233586,https://finance.yahoo.com/,4e0cb3d7d4c10765823e67d68f71bd6da9c17cc4ab19f02ce6f679c37b4a3c38
97336534d8c518df5fcb6bd449695020088f744d17f0cbc462dfc8b8ef63a9be,2026-08-22,2025-07-26,Israel,IL,15,6,66,0,1,0,1,0,0,0,1,0,0,0,58,2,5,Markus,https://acleddata.com/,2026-09-03T23:16:15.996814+00:00,2025-07-25,RHM.DE,^GDAXI,5,1716.8389892578125,24217.5,-0.05529828708501339,-0.002964644668411731,-0.0531127775971922,1.88539099432968,0.2093838203012568,0.9437753039261664,https://finance.yahoo.com/,195b91381f566cfbb72b58bd2059adf3272bc25a2ec662ab00e3e3c59a0ac349
00337081f151dbbea9049154a12c04545892118b62b41268b289cd54c0db0362,2026-08-22,2025-07-26,Iran,IR,26,20,53,10,3,10,0,0,0,0,0,0,1,1,48,1,2,Markus,https://acleddata.com/,2026-09-03T23:16:15.360762+00:00,2025-07-25,RHM.DE,^GDAXI,5,1716.8389892578125,24217.5,-0.05529828708501339,-0.002964644668411731,-0.0531127775971922,1.88539099432968,0.2093838203012568,0.9437753039261664,https://finance.yahoo.com/,2235e4e643710b5059e49def902b6d24b2bb9f50444bd8be406a1b3640a39675
a4b44bb25d1cb1eca0eeed9f1c7bbf1f68ca7c57605afa2eaf07bbab374b38ab,2026-08-22,2025-08-02,Israel,IL,14,6,71,0,1,0,0,0,0,0,0,0,0,0,58,9,3,Markus,https://acleddata.com/,2026-09-03T23:16:15.996882+00:00,2025-08-01,RHM.DE,^GDAXI,5,1690.601318359375,23425.970703125,-0.015282546041070377,-0.03268418692577668,0.018601491885131598,1.8412948736123464,0.1698560934535204,0.962376795811298,https://finance.yahoo.com/,c1d4ee958cc89d2dc3ac0198f49983353cfc0e9af512ad03ea635e3e369035db
1dcae08bdc494c16b8756e30a4a14419bce551fc72278b8c3e5d5d7929be75ef,2026-08-22,2025-08-02,Iran,IR,21,20,65,1,2,1,0,0,0,0,0,0,0,0,63,0,0,Markus,https://acleddata.com/,2026-09-03T23:16:15.299647+00:00,2025-08-01,RHM.DE,^GDAXI,5,1690.601318359375,23425.970703125,-0.015282546041070377,-0.03268418692577668,0.018601491885131598,1.8412948736123464,0.1698560934535204,0.962376795811298,https://finance.yahoo.com/,3d3868d3f97d98c9672c02b0cc8715b201872aac444c3377546f98f76b7ce251
e0b75af711d46d8abeab3c63f759d59ba6619bfcd147b4722a060be049e9565c,2026-08-22,2025-08-09,Israel,IL,14,6,60,0,1,0,1,0,0,0,1,0,0,0,53,2,4,Markus,https://acleddata.com/,2026-09-03T23:16:15.996948+00:00,2025-08-08,RHM.DE,^GDAXI,5,1604.4622802734375,24162.859375,-0.050951715907526895,0.03145605709208432,-0.07939966394248191,1.6965260244025373,0.2066551535187175,0.882977131868816,https://finance.yahoo.com/,daaea415601a9e91e1614c79fbc8181d59cc60369384c6ee28a42a3fd060c9ea
c7402032032e0c9eebe4e9c0a2a9d48f5981614bf7845f629bc4a0ea7e221dc5,2026-08-22,2025-08-09,Iran,IR,23,21,57,5,2,5,0,0,0,0,0,0,0,0,54,0,1,Markus,https://acleddata.com/,2026-09-03T23:16:15.360862+00:00,2025-08-08,RHM.DE,^GDAXI,5,1604.4622802734375,24162.859375,-0.050951715907526895,0.03145605709208432,-0.07939966394248191,1.6965260244025373,0.2066551535187175,0.882977131868816,https://finance.yahoo.com/,e73621cf44220256abc49fcce448102b2b7a5141cfd53a3a7567856e1ae75fcc
e035b39deb0f2818e5ca4f5f6303e1cf56e6aebe89a99ebf16a23d7b18f39c3a,2026-08-22,2025-08-16,Israel,IL,18,6,96,0,3,0,2,0,0,0,2,0,0,0,80,8,5,Markus,https://acleddata.com/,2026-09-03T23:16:15.997013+00:00,2025-08-15,RHM.DE,^GDAXI,5,1604.9573974609375,24359.30078125,0.0003085876144222066,0.008129890722008204,-0.006001153453020797,1.6973581389356354,0.2164651280559726,0.8769759784157952,https://finance.yahoo.com/,e68059e5f81655f458c9ea84d83bb9545263b67c946c5fbe4db40115407cb34a
de9b92526747277f870a6f2533bf9cbb20b8f9edde57a190a054e70647a6738a,2026-08-22,2025-08-16,Iran,IR,27,21,77,13,4,13,0,0,0,0,0,0,0,0,71,0,2,Markus,https://acleddata.com/,2026-09-03T23:16:15.299715+00:00,2025-08-15,RHM.DE,^GDAXI,5,1604.9573974609375,24359.30078125,0.0003085876144222066,0.008129890722008204,-0.006001153453020797,1.6973581389356354,0.2164651280559726,0.8769759784157952,https://finance.yahoo.com/,66d55da3bd2a48735d94e098765c998adefec004cc09403d0f6888cfcd92e6b3
6dd072779b82e69d49758e8674bd3d2cbf6cb20514eaaa058fdb102c44a92266,2026-08-22,2025-08-23,Israel,IL,18,6,92,0,0,0,0,0,0,0,0,0,0,0,81,4,7,Markus,https://acleddata.com/,2026-09-03T23:16:15.999519+00:00,2025-08-22,RHM.DE,^GDAXI,5,1606.4425048828125,24363.08984375,0.0009253251358722903,0.00015554890241009645,0.0026753762181418008,1.699854072222042,0.2166543478714619,0.8796513546339371,https://finance.yahoo.com/,c1fc9479484e6c7ca731a75afbf41b17d2762cc65e9438e8e27a0d6b054a3953
662e07c1449040e3dbec245466ced7c7c0fa14b07ed67a6b0d75dc3a83c443c9,2026-08-22,2025-08-23,Iran,IR,18,15,52,16,6,16,0,0,0,0,0,0,0,0,46,1,0,Markus,https://acleddata.com/,2026-09-03T23:16:15.226991+00:00,2025-08-22,RHM.DE,^GDAXI,5,1606.4425048828125,24363.08984375,0.0009253251358722903,0.00015554890241009645,0.0026753762181418008,1.699854072222042,0.2166543478714619,0.8796513546339371,https://finance.yahoo.com/,a4c30ab5991076265759c82369294802f9016bbbbbafe52f9018480c280982d9
8a21e24ec46d2379e3888a3e567a2b874b2f75a6ff2fc83074e7897e0859c071,2026-08-22,2025-08-30,Israel,IL,13,6,66,0,0,0,0,0,0,0,0,0,0,0,60,5,1,Markus,https://acleddata.com/,2026-09-03T23:16:15.997146+00:00,2025-08-29,RHM.DE,^GDAXI,5,1672.7794189453125,23902.2109375,0.041294297094896404,-0.018917095869439904,0.0601927478747452,1.811342648393244,0.1936387809328066,0.9398441025086824,https://finance.yahoo.com/,cc88a90ab93217634e3fa1b0a97109c58c2105221c6857a62cda16de3f57cd57
0877994a2e5d9f0c5fdd8cc48e159f10ba260a5d8f8870c8caabdf0cf6cc6432,2026-08-22,2025-08-30,Iran,IR,29,24,66,3,5,3,0,0,0,0,0,0,0,0,59,2,1,Markus,https://acleddata.com/,2026-09-03T23:16:15.361065+00:00,2025-08-29,RHM.DE,^GDAXI,5,1672.7794189453125,23902.2109375,0.041294297094896404,-0.018917095869439904,0.0601927478747452,1.811342648393244,0.1936387809328066,0.9398441025086824,https://finance.yahoo.com/,27e9a92f64b96118f5f25572675d3089ffe0ac70c106fce2a74b7a470d0d1f01
2cf9249bb49f3fd315a7473df4a857cf5ca01f198a25898a6c1edc6df8aea82d,2026-08-22,2025-09-06,Israel,IL,15,6,45,0,4,0,2,0,1,0,1,0,1,0,33,2,7,Markus,https://acleddata.com/,2026-09-03T23:16:15.997211+00:00,2025-09-05,RHM.DE,^GDAXI,5,1727.235107421875,23596.98046875,0.03255401630353405,-0.01276996799786101,0.045342786268858695,1.902863142803859,0.1783960518992888,0.9851868887775412,https://finance.yahoo.com/,6b0a36123535f6837d79b8cfc918ea87035e869f361e337fab038a7ebe7611e7
4e652ad8abd1432426f0ba697874c8a15a68e05d1073392d902f1d2d748a8901,2026-08-22,2025-09-06,Iran,IR,21,19,60,6,2,6,0,0,0,0,0,0,1,5,58,0,0,Markus,https://acleddata.com/,2026-09-03T23:16:15.299832+00:00,2025-09-05,RHM.DE,^GDAXI,5,1727.235107421875,23596.98046875,0.03255401630353405,-0.01276996799786101,0.045342786268858695,1.902863142803859,0.1783960518992888,0.9851868887775412,https://finance.yahoo.com/,37e6fc492a8a9d418b963d63270dd1c320b693d3355d1ccde496eec56a86af1a
44d09e4aa24ed8d4ac99289867d4445d35ac0dd62d21908776a2661bd4c9562c,2026-08-22,2025-09-13,Israel,IL,22,6,53,0,1,0,1,0,1,0,0,0,0,0,42,6,4,Markus,https://acleddata.com/,2026-09-03T23:16:16.003271+00:00,2025-09-12,RHM.DE,^GDAXI,5,1877.7308349609373,23698.150390625,0.08713100312307609,0.0042874096543406015,0.0804128026013773,2.155792520365364,0.1834483185088384,1.0655996913789187,https://finance.yahoo.com/,943d94f7ecf3d0233dc644d64edfc57104913947fc05e52e3dc61707cff12762
a2c20e779411b112477af17eb68dc9dbb048461bb797aa362d9690c390c8c1df,2026-08-22,2025-09-13,Iran,IR,32,23,75,5,3,4,0,0,0,0,0,0,0,0,60,3,9,Markus,https://acleddata.com/,2026-09-03T23:16:15.361208+00:00,2025-09-12,RHM.DE,^GDAXI,5,1877.7308349609373,23698.150390625,0.08713100312307609,0.0042874096543406015,0.0804128026013773,2.155792520365364,0.1834483185088384,1.0655996913789187,https://finance.yahoo.com/,f15c01c0ebe66bcba6100ada2151114c9322bbb14390139f8f3b3b56803d9fe2
7db49f903bd3372cf18b199db2a9dc53e8a19662c40d769f7b1225ae209cb9c8,2026-08-22,2025-09-20,Israel,IL,13,6,36,0,2,0,2,0,1,0,1,0,0,0,30,0,4,Markus,https://acleddata.com/,2026-09-03T23:16:15.982147+00:00,2025-09-19,RHM.DE,^GDAXI,5,1908.9190673828125,23639.41015625,0.016609533081734185,-0.0024786843448437734,0.0195788147865262,2.2082087606314613,0.1805149236888188,1.085178506165445,https://finance.yahoo.com/,1270419569c7d599da34ac87ae31a04f8a1fdd79df2d7be224397d6ff218c17e
3b272275f779a28f24940558d60b80c18aa9f4875e7e2f0f94e91a09304dc5dc,2026-08-22,2025-09-20,Iran,IR,27,24,73,3,2,3,0,0,0,0,0,0,0,0,70,0,1,Markus,https://acleddata.com/,2026-09-03T23:16:15.361395+00:00,2025-09-19,RHM.DE,^GDAXI,5,1908.9190673828125,23639.41015625,0.016609533081734185,-0.0024786843448437734,0.0195788147865262,2.2082087606314613,0.1805149236888188,1.085178506165445,https://finance.yahoo.com/,1c20de3dbd174ab2d8f4af72c9db4f9773fa7c4026b530d03c1beaf60870521a
b05258b21a4cc98bf8d8292026ddea874ca9b09d5db04f30ac880eec0531e64b,2026-08-22,2025-09-27,Israel,IL,15,6,43,0,2,0,1,0,0,0,1,0,1,0,36,0,5,Markus,https://acleddata.com/,2026-09-03T23:16:16.003337+00:00,2025-09-26,RHM.DE,^GDAXI,5,1941.097412109375,23739.470703125,0.01685684075159899,0.004232785260445793,0.013176071423918898,2.262289024807309,0.1855117898575449,1.098354577589364,https://finance.yahoo.com/,ecd00b96fe048e74012f3fb72d6b76d608cafd00412eeb1322d28c069b4fb389
fbe69d9370d21af5f6a657f146848aa2205e549b4e07178170d2f976feb827ce,2026-08-22,2025-09-27,Iran,IR,26,21,80,3,3,3,0,0,0,0,0,0,2,2,74,0,3,Markus,https://acleddata.com/,2026-09-03T23:16:15.361491+00:00,2025-09-26,RHM.DE,^GDAXI,5,1941.097412109375,23739.470703125,0.01685684075159899,0.004232785260445793,0.013176071423918898,2.262289024807309,0.1855117898575449,1.098354577589364,https://finance.yahoo.com/,792299801b419bcc5545191c43cafa5acbbbb772331e4e5479ac9316cbc0c8dd
afb3d8d4cb72c318788f654b349654e417552cb9228e32817edfd8c44e0d9e10,2026-08-22,2025-10-04,Israel,IL,15,6,63,0,1,0,1,0,0,0,1,0,0,0,54,3,5,Markus,https://acleddata.com/,2026-09-03T23:16:16.003402+00:00,2025-10-03,RHM.DE,^GDAXI,5,1943.07763671875,24378.80078125,0.0010201572559014327,0.02693110078654093,-0.0252249849781862,2.2656170726268146,0.2174389273538308,1.0731295926111777,https://finance.yahoo.com/,e1d8824294b59532abf17740d59df0cf2cffbb54fdbf1d40fb73c1ec04a92a29
a2dfefb937252ac3ecb3ea3845b9198c005e1126149513b720cd44aef519fa2a,2026-08-22,2025-10-04,Iran,IR,29,23,75,3,4,3,0,0,0,0,0,0,1,0,70,0,1,Markus,https://acleddata.com/,2026-09-03T23:16:15.361572+00:00,2025-10-03,RHM.DE,^GDAXI,5,1943.07763671875,24378.80078125,0.0010201572559014327,0.02693110078654093,-0.0252249849781862,2.2656170726268146,0.2174389273538308,1.0731295926111777,https://finance.yahoo.com/,c606b6ce969d66a069331a5e209e78b6a56dcc719d818d04539c65262f599aa6
910f490ee520328a40d2cc6689c398192f95af061e4c0fd56a0cc66cab97c2cd,2026-08-22,2025-10-11,Israel,IL,10,6,14,1,1,1,0,0,0,0,0,0,0,0,11,1,1,Markus,https://acleddata.com/,2026-09-03T23:16:15.970162+00:00,2025-10-10,RHM.DE,^GDAXI,5,1863.374267578125,24241.4609375,-0.04101913769910848,-0.00563357668748099,-0.035146880468459304,2.1316642762521747,0.2105803917942581,1.0379827121427183,https://finance.yahoo.com/,c077f11eaada4c44c054adf3987aa9504f414d29cf23721b6e87dbdca17feb93
83f4d12af3b77017c646798a1c2490be8121131db3d684aa32bbadedb104053b,2026-08-22,2025-10-11,Iran,IR,29,22,92,2,7,2,0,0,0,0,0,0,6,2,83,1,2,Markus,https://acleddata.com/,2026-09-03T23:16:15.361649+00:00,2025-10-10,RHM.DE,^GDAXI,5,1863.374267578125,24241.4609375,-0.04101913769910848,-0.00563357668748099,-0.035146880468459304,2.1316642762521747,0.2105803917942581,1.0379827121427183,https://finance.yahoo.com/,d96d0a09268293bb9090c3919a07fd62310ca9b029718c70f926fcfb486e529c
2757c998bf8837279e5fb2a8f28a742044f2ba98389b8e133db35e0f4114148f,2026-08-22,2025-10-18,Israel,IL,12,6,23,0,0,0,0,0,0,0,0,0,0,0,16,6,1,Markus,https://acleddata.com/,2026-09-03T23:16:15.997345+00:00,2025-10-17,RHM.DE,^GDAXI,5,1645.0565185546875,23830.990234375,-0.1171625866161553,-0.01693258934283204,-0.1039105595130583,1.764750389233059,0.190082131153521,0.93407215262966,https://finance.yahoo.com/,b2f95b2cd19a25b2298d758e1c24dbac2f9f626c97439435397471f0b57c7cb1
2d46d4648ca4fb23c38f70860ed4dcf19fe873fbb301754c6c9189ba5967c4e3,2026-08-22,2025-10-18,Iran,IR,26,21,70,3,6,3,0,0,0,0,0,0,5,3,63,0,1,Markus,https://acleddata.com/,2026-09-03T23:16:15.361721+00:00,2025-10-17,RHM.DE,^GDAXI,5,1645.0565185546875,23830.990234375,-0.1171625866161553,-0.01693258934283204,-0.1039105595130583,1.764750389233059,0.190082131153521,0.93407215262966,https://finance.yahoo.com/,0c9f63e621f243cc1d2dd5261520907ef9d46773e1d0cdaa32ecd6cedd4bc81e
2a6b8bdae4a6ef7b375ce4562166cfcd8b0c6747804695c938e54e6b00a0a5a6,2026-08-22,2025-10-25,Israel,IL,13,6,33,1,1,1,0,0,0,0,0,0,1,1,25,1,6,Markus,https://acleddata.com/,2026-09-03T23:16:15.970292+00:00,2025-10-24,RHM.DE,^GDAXI,5,1746.5421142578125,24239.890625,0.06169125167340095,0.017158346615205877,0.0445838430761105,1.935311301309368,0.2105019728604162,0.9786559957057706,https://finance.yahoo.com/,8dd0afab5b3a60b751fb833bd89c818b58f3b9415cc5f99eda75d98704471a8f
15e53a35c19e79f2b1517c182dec2b246b00f36d35b223a20deefdbaae7be773,2026-08-22,2025-10-25,Iran,IR,35,25,98,8,8,8,0,0,0,0,0,0,4,2,82,0,8,Markus,https://acleddata.com/,2026-09-03T23:16:15.364889+00:00,2025-10-24,RHM.DE,^GDAXI,5,1746.5421142578125,24239.890625,0.06169125167340095,0.017158346615205877,0.0445838430761105,1.935311301309368,0.2105019728604162,0.9786559957057706,https://finance.yahoo.com/,c42b54ab5783371224849eeafa3996090443b68233d1fee8a34d17313b85cb32
a30796d68c47efb324db6948b963e098b245db1277ea50cda70918851a8f0fe2,2026-08-22,2025-11-01,Israel,IL,10,6,22,0,2,0,0,0,0,0,0,0,1,0,16,1,4,Markus,https://acleddata.com/,2026-09-03T23:16:15.970358+00:00,2025-10-31,RHM.DE,^GDAXI,5,1684.66064453125,23958.30078125,-0.03543084888786596,-0.011616795145914516,-0.024085872147363997,1.83131073015383,0.1964398194179715,0.9545701235584064,https://finance.yahoo.com/,615a11e201d05dd29a8e34134cd3311ba5b00c4121139e90b55f526855b8741d
f5b12d7c47a762ace51d6968e55ea941f273faa82a4ad0cddc9a91fe798419d9,2026-08-22,2025-11-01,Iran,IR,27,23,82,3,4,3,0,0,0,0,0,0,3,0,77,0,1,Markus,https://acleddata.com/,2026-09-03T23:16:15.361864+00:00,2025-10-31,RHM.DE,^GDAXI,5,1684.66064453125,23958.30078125,-0.03543084888786596,-0.011616795145914516,-0.024085872147363997,1.83131073015383,0.1964398194179715,0.9545701235584064,https://finance.yahoo.com/,980474bb24bbaa0f9b1fbfc7e7efd8610efaeaf5855aaebf0bf9ac243bdb26fd
48a8ce34be0f66b37ae7d026302de6bea4b02a5e38596ad6cf2a6d54d8bb2485,2026-08-22,2025-11-08,Israel,IL,11,6,23,0,1,0,0,0,0,0,0,0,0,0,17,3,3,Markus,https://acleddata.com/,2026-09-03T23:16:15.986588+00:00,2025-11-07,RHM.DE,^GDAXI,5,1731.6905517578125,23569.9609375,0.02791654650402786,-0.016208989414387753,0.0452571534725646,1.9103511478195216,0.1770467390500736,0.9998272770309712,https://finance.yahoo.com/,5abb789a78491bf2ee6734c9babe570d94ce422f53daa1aefc70f9c6173a647b
38a122f709d801f36a5b6d6ec7c491c12fc7c27e32e187808351245c27713a1c,2026-08-22,2025-11-08,Iran,IR,29,24,112,5,6,5,0,0,0,0,0,0,5,3,105,0,1,Markus,https://acleddata.com/,2026-09-03T23:16:15.361933+00:00,2025-11-07,RHM.DE,^GDAXI,5,1731.6905517578125,23569.9609375,0.02791654650402786,-0.016208989414387753,0.0452571534725646,1.9103511478195216,0.1770467390500736,0.9998272770309712,https://finance.yahoo.com/,636cf535db1da71c8a6873786d96e9a96b6307cd9284fda22b0c2263913bf3f4
335283937c12de19b4025a78879e1e5fd7aacaa8ad079e48bd25c14207f9053a,2026-08-22,2025-11-15,Israel,IL,11,6,31,0,2,0,0,0,0,0,0,0,0,0,24,2,5,Markus,https://acleddata.com/,2026-09-03T23:16:15.982417+00:00,2025-11-14,RHM.DE,^GDAXI,5,1709.9083251953125,23876.55078125,-0.01257859063814204,0.013007651754832095,-0.025075828790213202,1.8737430321178532,0.1923573531307978,0.9747514482407578,https://finance.yahoo.com/,7396ffa1c04301ea738bbbeffe260f2a34a30877dcc899903e7422cad1abc888
866217ca28383abc4c79e6922d252bf8d27ec9068f42bd29eb0d715a81776f72,2026-08-22,2025-11-15,Iran,IR,32,21,70,12,9,12,0,0,0,0,0,0,8,8,57,0,4,Markus,https://acleddata.com/,2026-09-03T23:16:15.316150+00:00,2025-11-14,RHM.DE,^GDAXI,5,1709.9083251953125,23876.55078125,-0.01257859063814204,0.013007651754832095,-0.025075828790213202,1.8737430321178532,0.1923573531307978,0.9747514482407578,https://finance.yahoo.com/,f45e817f856790809daa1a5b885a1ee15b4d583ce868a1d131847d217c6e3c37
d5926f023ea4ea9d7da4c1fc0bc7a058a671da03f02d1d555110c80b7a92c9f0,2026-08-22,2025-11-22,Israel,IL,12,6,29,0,3,0,0,0,0,0,0,0,0,0,21,4,4,Markus,https://acleddata.com/,2026-09-03T23:16:15.997412+00:00,2025-11-21,RHM.DE,^GDAXI,5,1504.4619140625,23091.869140625,-0.12015054146797322,-0.032864112066019024,-0.089251380044045,1.5284612507690776,0.153171587454765,0.8855000681967128,https://finance.yahoo.com/,bec3319e81cffbed661ae114d6b3554270a472f9268eb9de06f7e78e7555b23f
efc3ddf60a5507f918b6ec9d471a47f191fd1a7ad9ca905f6b537af608104eb2,2026-08-22,2025-11-22,Iran,IR,17,15,33,1,2,1,0,0,0,0,0,0,1,1,30,0,1,Markus,https://acleddata.com/,2026-09-03T23:16:15.227925+00:00,2025-11-21,RHM.DE,^GDAXI,5,1504.4619140625,23091.869140625,-0.12015054146797322,-0.032864112066019024,-0.089251380044045,1.5284612507690776,0.153171587454765,0.8855000681967128,https://finance.yahoo.com/,3b1a1a2f3aee82f085462ddb919642e5d9315ac84f2b5399c724e0abb9e0b4f6
e27f42c96a3564d780d5b2d35cf87852b3d336867f981841fd65aff21ed7a03f,2026-08-22,2025-11-29,Israel,IL,9,5,29,0,1,0,0,0,0,0,0,0,0,0,24,3,2,Markus,https://acleddata.com/,2026-09-03T23:16:15.970625+00:00,2025-11-28,RHM.DE,^GDAXI,5,1465.847900390625,23836.7890625,-0.025666328479931888,0.03225897034746672,-0.0559278900382386,1.4635649337580592,0.1903717155000093,0.8295721781584742,https://finance.yahoo.com/,f3bf058522fa3f2203d7ede998e1ebf4dbe5fbd195fc91395479404be0cefbd8
b52e9a8ff1afd94d0713f77d26f72d485efb306c99cf48141113a11322f3bce3,2026-08-22,2025-11-29,Iran,IR,23,22,67,0,1,0,0,0,0,0,0,0,0,0,66,0,0,Markus,https://acleddata.com/,2026-09-03T23:16:15.362006+00:00,2025-11-28,RHM.DE,^GDAXI,5,1465.847900390625,23836.7890625,-0.025666328479931888,0.03225897034746672,-0.0559278900382386,1.4635649337580592,0.1903717155000093,0.8295721781584742,https://finance.yahoo.com/,3f991fe5c8a482c5302c4870b7b3f1054727a7012e377d6d70b89756e4786e73
5c1411303dc51949c4c5447fe1b6c6551604044cbd0e109d5b00fee734b306b8,2026-08-22,2025-12-06,Israel,IL,10,5,18,0,0,0,0,0,0,0,0,0,0,0,14,1,3,Markus,https://acleddata.com/,2026-09-03T23:16:15.997477+00:00,2025-12-05,RHM.DE,^GDAXI,5,1514.3629150390625,24028.140625,0.03309689541152894,0.00802757292512335,0.0254099807442213,1.5451012847101593,0.1999275112541896,0.8549821589026956,https://finance.yahoo.com/,f000188f6852c62e6133e9e598be4be725e0e7f177a2999906ad72196828d29c
2b9c1c4d2bdefd587ea2b72da5368ae5a2a319667db5c81088362cae52ee1a95,2026-08-22,2025-12-06,Iran,IR,23,19,65,7,2,7,0,0,0,0,0,0,0,0,61,0,2,Markus,https://acleddata.com/,2026-09-03T23:16:15.228056+00:00,2025-12-05,RHM.DE,^GDAXI,5,1514.3629150390625,24028.140625,0.03309689541152894,0.00802757292512335,0.0254099807442213,1.5451012847101593,0.1999275112541896,0.8549821589026956,https://finance.yahoo.com/,fa043d97d6e6a3dc7fa48683e1701fe687fb280bde3d1b4cb13f1e0c3cee9bf8
2bebbc2081bab17db0a2b54bfedfc3631d6cb56be7482d8af932e8dea38d074a,2026-08-22,2025-12-13,Israel,IL,14,6,23,0,1,0,0,0,0,0,0,0,0,0,11,7,5,Markus,https://acleddata.com/,2026-09-03T23:16:15.999656+00:00,2025-12-12,RHM.DE,^GDAXI,5,1600.0068359375,24186.490234375,0.05655442301704028,0.00659017324088107,0.0498947186233326,1.6890380193868708,0.2078352414298543,0.9048768775260284,https://finance.yahoo.com/,4e81d615a5e847a5b10e65a6d4fde471cf0866a1e011e6b91eaabf3b65c3351d
2d96b3f7fb0bd81b903639967d766d111a9973a30cbe61056218f105c66595cc,2026-08-22,2025-12-13,Iran,IR,28,26,83,7,2,7,0,0,0,0,0,0,0,0,81,0,0,Markus,https://acleddata.com/,2026-09-03T23:16:15.362074+00:00,2025-12-12,RHM.DE,^GDAXI,5,1600.0068359375,24186.490234375,0.05655442301704028,0.00659017324088107,0.0498947186233326,1.6890380193868708,0.2078352414298543,0.9048768775260284,https://finance.yahoo.com/,e0984b9e1ad6a1310e8d322fa435e299521c0f943d2bd1129980fdd25b3ee1bd
64db5e5c4f0042989f06152ee799d6f5fd934f125665413b5ab767830737e933,2026-08-22,2025-12-20,Israel,IL,15,6,40,3,4,3,0,0,0,0,0,0,3,2,31,1,4,Markus,https://acleddata.com/,2026-09-03T23:16:15.997614+00:00,2025-12-19,RHM.DE,^GDAXI,5,1544.0660400390625,24288.400390625,-0.03496284805912053,0.004213515696674719,-0.038197982641588205,1.5950215916898491,0.2129244741786153,0.8666788948844403,https://finance.yahoo.com/,3dbfcba7d116ea0d7acd9c66d861c10ed155ed6547e0b38755c6b475c1075d67
4ee409d0fe01e5394184bcf7515586cabada80e3e2c7303704f2d8c27b71c777,2026-08-22,2025-12-20,Iran,IR,17,16,57,2,1,2,0,0,0,0,0,0,1,2,56,0,0,Markus,https://acleddata.com/,2026-09-03T23:16:15.338265+00:00,2025-12-19,RHM.DE,^GDAXI,5,1544.0660400390625,24288.400390625,-0.03496284805912053,0.004213515696674719,-0.038197982641588205,1.5950215916898491,0.2129244741786153,0.8666788948844403,https://finance.yahoo.com/,2917db8ea4b9471623da0aeb512aefca681b55741fb6c3df224942ee239d0c8a
5f782fec22d08a9bafd2666de93b2fd5d0efb0a456435fd9ded7ce5bc9d8240d,2026-08-22,2025-12-27,Israel,IL,15,6,30,0,3,0,0,0,0,0,0,0,1,0,21,3,5,Markus,https://acleddata.com/,2026-09-03T23:16:16.010453+00:00,2025-12-23,RHM.DE,^GDAXI,2,1525.7491455078125,24340.060546875,-0.01186276626535121,0.0021269476548129163,-0.014014206873815101,1.5642374570940922,0.2155043010444348,0.8526646880106251,https://finance.yahoo.com/,46ce3ddbb9d116aa2737a529f14f5abf817b131de08a3ff70b5052335dcac930
0e3c5bd8f5b7a56f9504686986a0bebc904617b07a6fdf71bbe281874f8fa6ab,2026-08-22,2025-12-27,Iran,IR,55,27,194,30,15,18,0,0,0,0,0,0,0,0,170,22,1,Markus,https://acleddata.com/,2026-09-03T23:16:15.364490+00:00,2025-12-23,RHM.DE,^GDAXI,2,1525.7491455078125,24340.060546875,-0.01186276626535121,0.0021269476548129163,-0.014014206873815101,1.5642374570940922,0.2155043010444348,0.8526646880106251,https://finance.yahoo.com/,dd0696546a5eefc3353afcead7d8c2b81af6349cc2f5782662c364c31c2ef628
ff203fbc0dddc6e79dce418caab3c78272139a6ee689004e299deb4aa6fca94b,2026-08-22,2026-01-03,Israel,IL,16,6,38,2,3,2,0,0,0,0,0,0,1,1,27,5,4,Markus,https://acleddata.com/,2026-09-03T23:16:15.982613+00:00,2026-01-02,RHM.DE,^GDAXI,3,1586.1453857421875,24539.33984375,0.03958464627831981,0.008187296678708655,0.0312946607252093,1.6657418898067795,0.2254559953713322,0.8839593487358345,https://finance.yahoo.com/,605f357b326ee747e1d295dd7c443ac030fc9e9d76b0b685c4600541d092ed3e
236780b49b8358ab7cba57d28d1a5c40223a027c94dd5aed58854d61fa5285e9,2026-08-22,2026-01-03,Iran,IR,110,31,566,27496,166,4842,0,0,0,0,0,0,3,0,386,171,2,Markus,https://acleddata.com/,2026-09-03T23:16:15.364556+00:00,2026-01-02,RHM.DE,^GDAXI,3,1586.1453857421875,24539.33984375,0.03958464627831981,0.008187296678708655,0.0312946607252093,1.6657418898067795,0.2254559953713322,0.8839593487358345,https://finance.yahoo.com/,0339d5199a8137fa3a0ae31794d4482863a07c81b0e16d4bafad6880da772ca5
941a27d5979e9da0dddca4d15b9ffd67de99968d189f28b5fa0b1b646bfafd54,2026-08-22,2026-01-10,Israel,IL,11,6,34,0,1,0,0,0,0,0,0,0,0,0,31,3,0,Markus,https://acleddata.com/,2026-09-03T23:16:15.997679+00:00,2026-01-09,RHM.DE,^GDAXI,5,1881.1961669921875,25261.640625,0.18601748862506717,0.02943440148957266,0.1471811458099654,2.1616165014712774,0.2615265591468958,1.0311404945458,https://finance.yahoo.com/,7107dc31102910de960e85f46270681330e8f53ae6748b74893329f3a47d8c37
c990fb4f594b393dc426184fd58180ed3e56369630a85f11591d9720ebef8500,2026-08-22,2026-01-10,Iran,IR,61,29,105,133,25,121,0,0,0,0,0,0,0,0,76,15,12,Markus,https://acleddata.com/,2026-09-03T23:16:15.362211+00:00,2026-01-09,RHM.DE,^GDAXI,5,1881.1961669921875,25261.640625,0.18601748862506717,0.02943440148957266,0.1471811458099654,2.1616165014712774,0.2615265591468958,1.0311404945458,https://finance.yahoo.com/,375a837c61184bfe4210c8828283e15fd12fcdb57e225da16828916dc5e35e2c
53d3ecf007c334a3ed4e612b0bfb5145a1822e994d3716e1e48b8282c89a01ce,2026-08-22,2026-01-17,Israel,IL,13,6,51,0,0,0,0,0,0,0,0,0,0,0,41,7,3,Markus,https://acleddata.com/,2026-09-03T23:16:15.997744+00:00,2026-01-16,RHM.DE,^GDAXI,5,1883.1763916015625,25297.130859375,0.001052641209949634,0.001404906154031993,-0.0002961684009685,2.1649445492907824,0.263298885573316,1.0308443261448317,https://finance.yahoo.com/,8940fc41b7b40cb4872187a65775d8ea32cf28bed8d4c8acbbf56a19bb4d1dab
b2f7846bbc8c74ec409ab56c9abb80bc522a54e91b4445a3817d21e5e3fd17aa,2026-08-22,2026-01-17,Iran,IR,7,6,10,1,1,1,0,0,0,0,0,0,0,0,2,1,6,Markus,https://acleddata.com/,2026-09-03T23:16:15.228453+00:00,2026-01-16,RHM.DE,^GDAXI,5,1883.1763916015625,25297.130859375,0.001052641209949634,0.001404906154031993,-0.0002961684009685,2.1649445492907824,0.263298885573316,1.0308443261448317,https://finance.yahoo.com/,72487efcb9b362c52235612c05640aa498d71ff4c317616fbfcb1d4aec908e1e
a89f5938a2c0f18baa6d212cb6a937bc14e66264eeaa81831d31d8ec6dd4d77f,2026-08-22,2026-01-24,Israel,IL,13,6,36,0,1,0,0,0,0,0,0,0,1,0,31,1,3,Markus,https://acleddata.com/,2026-09-03T23:16:15.997809+00:00,2026-01-23,RHM.DE,^GDAXI,5,1811.888916015625,24900.7109375,-0.037854911469716535,-0.015670548730552403,-0.021705560137476695,2.045135853570817,0.2435022988256865,1.009138766007355,https://finance.yahoo.com/,15817939f0b5d1835983db7df77d848e35186a28a0a7684710ea2ef777fdd014
a8d6383888d36fe7ae99235773d1990f2a2ea22a361c7cb0eb98dd67c87b2ecb,2026-08-22,2026-01-24,Iran,IR,5,5,7,1,2,1,0,0,0,0,0,0,0,0,0,0,5,Markus,https://acleddata.com/,2026-09-03T23:16:15.259209+00:00,2026-01-23,RHM.DE,^GDAXI,5,1811.888916015625,24900.7109375,-0.037854911469716535,-0.015670548730552403,-0.021705560137476695,2.045135853570817,0.2435022988256865,1.009138766007355,https://finance.yahoo.com/,31107e86c9dbc77f43454a8935a5cb45a0402b3a06a3e3f70a3cf71bdf1b3ed0
0bde9896f8be646d21a3fdf2103bc70e2cea2b7b1606800cd5a7e9421b3cbfe9,2026-08-22,2026-01-31,Israel,IL,11,5,19,0,1,0,0,0,0,0,0,0,0,0,13,4,2,Markus,https://acleddata.com/,2026-09-03T23:16:16.007454+00:00,2026-01-30,RHM.DE,^GDAXI,5,1763.868896484375,24538.810546875,-0.026502739272144193,-0.014533737270929548,-0.011325090164775401,1.9644314119953716,0.2254295631187566,0.9978136758425794,https://finance.yahoo.com/,3d690e3022dcb5c5e94a5afd9164fd7235ba2b5243e32caa48330f4e436cdbe1
8322e6e16fcf16193bbb76ee5cb979979af112652f712551544492848bb3bb59,2026-08-22,2026-01-31,Iran,IR,31,21,48,8,2,1,0,0,0,0,0,0,0,0,22,0,24,Markus,https://acleddata.com/,2026-09-03T23:16:15.364623+00:00,2026-01-30,RHM.DE,^GDAXI,5,1763.868896484375,24538.810546875,-0.026502739272144193,-0.014533737270929548,-0.011325090164775401,1.9644314119953716,0.2254295631187566,0.9978136758425794,https://finance.yahoo.com/,1d9d2a57a4d817fd41ab5b83013e9715f6c715a359b1c1d1346f69fb826ee9e3
b78b93fe22ebec047f89f858bdff1ffff175ac82afda6d2ece65ef6ffe9ff37e,2026-08-22,2026-02-07,Israel,IL,16,6,41,0,1,0,0,0,0,0,0,0,0,0,35,3,3,Markus,https://acleddata.com/,2026-09-03T23:16:15.997939+00:00,2026-02-06,RHM.DE,^GDAXI,5,1588.62060546875,24721.4609375,-0.09935448794687496,0.007443326980991705,-0.1080905466023081,1.6699018470029396,0.2345508360492227,0.8897231292402713,https://finance.yahoo.com/,4491625c32d8a8afe5e053766bcaaf30fc5614123f970e78aff7e523df77d7b6
b80a7553941a0184a595c3356b545de0157a24a2f9e6d25ce282dae88894a3a3,2026-08-22,2026-02-07,Iran,IR,31,20,47,10,7,9,0,0,0,0,0,0,1,0,10,0,30,Markus,https://acleddata.com/,2026-09-03T23:16:15.342028+00:00,2026-02-06,RHM.DE,^GDAXI,5,1588.62060546875,24721.4609375,-0.09935448794687496,0.007443326980991705,-0.1080905466023081,1.6699018470029396,0.2345508360492227,0.8897231292402713,https://finance.yahoo.com/,780e2a62f7d5c2234a155402197d6bcb54a0e4c60d20cfeb65e2cce9ebf580ea
bd875ae9a109187a3a61a71f57e278220f98b496d98984eec81aa62d6e04246a,2026-08-22,2026-02-14,Israel,IL,13,5,37,1,6,1,0,0,0,0,0,0,1,1,28,5,3,Markus,https://acleddata.com/,2026-09-03T23:16:15.986787+00:00,2026-02-13,RHM.DE,^GDAXI,5,1593.076171875,24914.880859375,0.002804676202053269,0.007823968104635703,-0.004163338599908702,1.6773900571750473,0.2442099224140232,0.8855597906403626,https://finance.yahoo.com/,813f1b4a94723b8e07c3bcf6c95ef17442760ca1d9dc5af41319cade810a76ed
245de3d37411a26ca3ad4c73fda12500c419baf49916399cde517848ef2f8d01,2026-08-22,2026-02-14,Iran,IR,33,19,64,14,9,10,0,0,0,0,0,0,7,6,24,2,29,Markus,https://acleddata.com/,2026-09-03T23:16:15.362278+00:00,2026-02-13,RHM.DE,^GDAXI,5,1593.076171875,24914.880859375,0.002804676202053269,0.007823968104635703,-0.004163338599908702,1.6773900571750473,0.2442099224140232,0.8855597906403626,https://finance.yahoo.com/,40b0a5123178b9891d583c688d1a86c54eeafcf4af0ad5d78b2c8e0532563905
973e8eb83e7cc6e8fe00d05293ad2b45fa254ee3b34f30e735a033941b6f300f,2026-08-22,2026-02-21,Israel,IL,11,6,34,0,1,0,0,0,0,0,0,0,0,0,27,4,3,Markus,https://acleddata.com/,2026-09-03T23:16:15.982930+00:00,2026-02-20,RHM.DE,^GDAXI,5,1722.7796630859375,25260.689453125,0.08141700535152707,0.01387960053679671,0.0660283822056653,1.8953751377881936,0.2614790591210485,0.951588172846028,https://finance.yahoo.com/,d8610016b67f7ccfaefeebd491c5c55486d602b21dac03555f6b5b1037288a92
04653b1c795a2b867de01b47bee4fec93f24cc3436a60d88c75737a6b026fa91,2026-08-22,2026-02-21,Iran,IR,28,17,89,13,12,13,0,0,0,0,0,0,4,2,67,7,5,Markus,https://acleddata.com/,2026-09-03T23:16:15.256255+00:00,2026-02-20,RHM.DE,^GDAXI,5,1722.7796630859375,25260.689453125,0.08141700535152707,0.01387960053679671,0.0660283822056653,1.8953751377881936,0.2614790591210485,0.951588172846028,https://finance.yahoo.com/,65ca9597daa53e32a72c4732c400ecb1a53d98638e48138c4a260ca8e14393c4
9d21b2c92190f34cee2e6370ccbf5b3cb84861b9857cee39c617a183807312ab,2026-08-22,2026-02-28,Israel,IL,24,6,180,10,100,10,100,10,15,0,85,10,0,0,2,0,78,Markus,https://acleddata.com/,2026-09-03T23:16:16.007522+00:00,2026-02-27,RHM.DE,^GDAXI,5,1647.0367431640625,25284.259765625,-0.04396552939695142,0.0009330827071742931,-0.045310838263331904,1.768078437052564,0.2626561234165765,0.906277334582696,https://finance.yahoo.com/,f3ab8971826259ca1f875a46b68e60c81590cb396b244c50591314dff23fad2a
80db831fe48c219f067673a1c046e9b08d895c3caca52c9ae39c37ed619a9e25,2026-08-22,2026-02-28,Iran,IR,87,31,759,562,533,562,528,551,521,547,7,4,0,0,181,0,45,Markus,https://acleddata.com/,2026-09-03T23:16:15.343201+00:00,2026-02-27,RHM.DE,^GDAXI,5,1647.0367431640625,25284.259765625,-0.04396552939695142,0.0009330827071742931,-0.045310838263331904,1.768078437052564,0.2626561234165765,0.906277334582696,https://finance.yahoo.com/,8fc8d8c191cd6f893dad5f1b634a68e743e38ecf7635f6896426561c665e455f
06d95d1eabd16b03b328365c7b04a3f97c6cea328fd61a48b640330fcfe4f5b5,2026-08-22,2026-03-07,Israel,IL,20,6,236,2,156,2,155,2,30,0,125,2,1,0,3,1,76,Markus,https://acleddata.com/,2026-09-03T23:16:16.010526+00:00,2026-03-06,RHM.DE,^GDAXI,5,1576.7393798828125,23591.029296875,-0.042681114172476664,-0.066967769056542,0.0278182642876151,1.6499337652423525,0.1780988597457864,0.9340955988703112,https://finance.yahoo.com/,699871638ad67c53ff65d68d0ea586147cc964a2012cdf74d46e5f063ae0ed5f
ae0059d4c0bb8d2d5bdb205d73012b7067dbee32501f25be5135542b1a7dad29,2026-08-22,2026-03-07,Iran,IR,93,31,840,228,560,228,553,225,545,223,8,2,2,2,240,0,40,Markus,https://acleddata.com/,2026-09-03T23:16:15.362359+00:00,2026-03-06,RHM.DE,^GDAXI,5,1576.7393798828125,23591.029296875,-0.042681114172476664,-0.066967769056542,0.0278182642876151,1.6499337652423525,0.1780988597457864,0.9340955988703112,https://finance.yahoo.com/,4d1531ace710e4aff3ce237030870ae38ccdf326cd9cc65e6afd595b310e9446
e94620a355bd703924300cdf411db5cbe21e3aef0c813374feb9dc7bf09b32ac,2026-08-22,2026-03-14,Israel,IL,19,6,233,3,162,3,162,3,11,0,151,3,0,0,5,1,65,Markus,https://acleddata.com/,2026-09-03T23:16:16.003774+00:00,2026-03-13,RHM.DE,^GDAXI,5,1576.7393798828125,23447.2890625,0.0,-0.006093003936629149,0.009985550853438895,1.6499337652423525,0.1709206987556164,0.94408114972375,https://finance.yahoo.com/,e1ae173fc319c4ac3269ed7ae46c56e6a69d8bb91d5776c1d2d90e05a0e3a16d
acf895ac6e1ca531c3564707fe14912de076eab650ac39d77efed888001328fd,2026-08-22,2026-03-14,Iran,IR,95,31,733,264,434,264,425,242,419,242,6,0,2,10,265,1,35,Markus,https://acleddata.com/,2026-09-03T23:16:15.364758+00:00,2026-03-13,RHM.DE,^GDAXI,5,1576.7393798828125,23447.2890625,0.0,-0.006093003936629149,0.009985550853438895,1.6499337652423525,0.1709206987556164,0.94408114972375,https://finance.yahoo.com/,38ca3881f60abbca71fd0e380131c9a1e24b1d5a7c127f5d67b18e3bbb10df8c
e1bad8d540c40cb76ee9672dc7e55fd8ef03488401008b2613ef9e07074eb587,2026-08-22,2026-03-21,Israel,IL,16,6,252,4,190,4,190,4,46,1,144,3,0,0,2,0,60,Markus,https://acleddata.com/,2026-09-03T23:16:16.003892+00:00,2026-03-20,RHM.DE,^GDAXI,5,1488.1251220703125,22380.189453125,-0.056200954287756955,-0.04551057508314027,-0.0104918705241702,1.5010049588363832,0.1176314243784957,0.9335892791995798,https://finance.yahoo.com/,27a4f8d192b796f70e7ea58e6eb8a14a8569750dc06d6840a37bbff3884f6602
86879dfc9fc201e648d8bc15cc6b6b9cac1c4b7c8863d3ad4ad7476ea0deb499,2026-08-22,2026-03-21,Iran,IR,88,31,801,199,533,199,529,199,519,199,10,0,1,0,248,0,21,Markus,https://acleddata.com/,2026-09-03T23:16:15.362499+00:00,2026-03-20,RHM.DE,^GDAXI,5,1488.1251220703125,22380.189453125,-0.056200954287756955,-0.04551057508314027,-0.0104918705241702,1.5010049588363832,0.1176314243784957,0.9335892791995798,https://finance.yahoo.com/,795476f2e8713b04135abccae9bdc9202d3e6c8220dfcbd348b87c478d704eeb
b9957e61894693c8ae2c9cb5cec4fa29906f82fb2d0a5943187685fa15622684,2026-08-22,2026-03-28,Israel,IL,20,6,244,1,174,1,174,1,26,0,148,1,0,0,6,0,64,Markus,https://acleddata.com/,2026-09-03T23:16:16.003995+00:00,2026-03-27,RHM.DE,^GDAXI,5,1365.847412109375,22300.75,-0.08216897097390696,-0.003549543371443753,-0.0810127391617292,1.2954999549681587,0.1136643431643757,0.8525765400378502,https://finance.yahoo.com/,58049415c58070f16b5d4efa995de5175231b961a96b6ee25addab9d391114c2
95f62db01bb7df975fd35336e45153f7ecb4a16d5e03964009eb4fb944b06ed4,2026-08-22,2026-03-28,Iran,IR,92,31,918,139,572,139,567,129,562,128,5,1,3,7,303,0,43,Markus,https://acleddata.com/,2026-09-03T23:16:15.362567+00:00,2026-03-27,RHM.DE,^GDAXI,5,1365.847412109375,22300.75,-0.08216897097390696,-0.003549543371443753,-0.0810127391617292,1.2954999549681587,0.1136643431643757,0.8525765400378502,https://finance.yahoo.com/,a759bd081cf33ec61d42ee6cd96dd0e0ce43b2efb521b1013022e48905cc45a0
be0e1833a374d03340c08a98b55f6103402d5490afcc0a761591030e6e912bf3,2026-08-22,2026-04-04,Israel,IL,23,6,220,5,162,5,162,5,35,0,127,5,0,0,11,1,46,Markus,https://acleddata.com/,2026-09-03T23:16:16.004094+00:00,2026-04-02,RHM.DE,^GDAXI,4,1554.9571533203125,23168.080078125,0.1384559794412774,0.03889241743551208,0.0958470156420389,1.6133256495406831,0.1569774416817702,0.9484235556798892,https://finance.yahoo.com/,2a12b0df436cff8d2adacb473b492812d82bcc85ae6889d747c8c684293840f8
9bcb1ede44cc1a2e13907a5220aec601a4b4c3808130090fced60baa57f75bbe,2026-08-22,2026-04-04,Iran,IR,90,31,730,154,431,154,423,147,421,126,2,21,0,0,260,0,39,Markus,https://acleddata.com/,2026-09-03T23:16:15.362636+00:00,2026-04-02,RHM.DE,^GDAXI,4,1554.9571533203125,23168.080078125,0.1384559794412774,0.03889241743551208,0.0958470156420389,1.6133256495406831,0.1569774416817702,0.9484235556798892,https://finance.yahoo.com/,a904164b834f17b7648d66eca3eb3f0c9b0e9a8065d23bcd465d9468e8c97677
2d23e64599e442458de29a99ef283513c9a7617536bb0b215db8daf8f23da43d,2026-08-22,2026-04-11,Israel,IL,14,6,187,0,139,0,139,0,54,0,85,0,0,0,26,0,22,Markus,https://acleddata.com/,2026-09-03T23:16:15.983198+00:00,2026-04-10,RHM.DE,^GDAXI,4,1449.313232421875,23803.94921875,-0.06794008482668146,0.027445914313175113,-0.0962392563390182,1.435776083231146,0.1887317454084442,0.8521842993408707,https://finance.yahoo.com/,75fb8ee37a2eedd020bef1d72b95c1fef64fbc425a411b7a3328345e8adb679e
c7c1a7a11bdc89f99c77c0a605091c5b4037a92e0c3fdb5c4b75d67d785c7495,2026-08-22,2026-04-11,Iran,IR,46,31,245,7,6,7,0,0,0,0,0,0,3,3,227,0,12,Markus,https://acleddata.com/,2026-09-03T23:16:15.362704+00:00,2026-04-10,RHM.DE,^GDAXI,4,1449.313232421875,23803.94921875,-0.06794008482668146,0.027445914313175113,-0.0962392563390182,1.435776083231146,0.1887317454084442,0.8521842993408707,https://finance.yahoo.com/,f1c76c6ce3c96e0acbf4f37ac7687721095d86bc12e8e9b35b0fab3e7023307b
acbc2fcfef606abd1b042271beff0e3ff518fb1db9cc69af3c36ae5b62583766,2026-08-22,2026-04-18,Israel,IL,15,6,33,0,1,0,1,0,1,0,0,0,0,0,27,2,3,Markus,https://acleddata.com/,2026-09-03T23:16:15.983264+00:00,2026-04-17,RHM.DE,^GDAXI,5,1480.40234375,24702.240234375,0.02145092629574208,0.037737058139807766,-0.015660343505500898,1.488025736465468,0.2335909843975576,0.8365239558353698,https://finance.yahoo.com/,be9407c9c03f3eab733a90654bf64201b6d7f2096b376d55e508d86b917673c3
061a2203a0d8a5a7102bab060e23d91b1d800303cdcf00ca1fb534accd8183fa,2026-08-22,2026-04-18,Iran,IR,50,31,280,4,7,4,2,0,0,0,2,0,3,1,245,0,28,Markus,https://acleddata.com/,2026-09-03T23:16:15.362773+00:00,2026-04-17,RHM.DE,^GDAXI,5,1480.40234375,24702.240234375,0.02145092629574208,0.037737058139807766,-0.015660343505500898,1.488025736465468,0.2335909843975576,0.8365239558353698,https://finance.yahoo.com/,c19ff6455b4dd3defeb5c156e41d7d53aaf6799b5dd2d39b24f20c5fe98b3f88
df9f42835c52813d1e0a20992da77094cf8123d68e8b2edb6229e891883877e1,2026-08-22,2026-04-25,Israel,IL,16,6,35,0,8,0,6,0,3,0,3,0,2,0,16,6,5,Markus,https://acleddata.com/,2026-09-03T23:16:15.998171+00:00,2026-04-24,RHM.DE,^GDAXI,5,1306.1441650390625,24128.98046875,-0.11771001271824832,-0.023206792589898773,-0.09918018581299701,1.1951601953827882,0.2049632942818742,0.7373437700223725,https://finance.yahoo.com/,15e338c975e24a1f044938997948bd5d334f71d198a979c09b0da17251343be8
3e3da2a01dedd0caf120ab2991daf2092a2c3b213ec9204f7cc4a59d8c33e979,2026-08-22,2026-04-25,Iran,IR,41,31,259,20,5,20,0,0,0,0,0,0,1,1,235,0,19,Markus,https://acleddata.com/,2026-09-03T23:16:15.362843+00:00,2026-04-24,RHM.DE,^GDAXI,5,1306.1441650390625,24128.98046875,-0.11771001271824832,-0.023206792589898773,-0.09918018581299701,1.1951601953827882,0.2049632942818742,0.7373437700223725,https://finance.yahoo.com/,e894548c7bfaf8e4208bf11cba9440b0fa563a1ec9eaca102f683a1885ecf31a
b4b60b4e531aa160e3ff5d4a18496155e8e881624345319e73b6e44549418129,2026-08-22,2026-05-02,Israel,IL,15,6,31,0,7,0,5,0,3,0,2,0,0,0,18,3,5,Markus,https://acleddata.com/,2026-09-03T23:16:15.986851+00:00,2026-04-30,RHM.DE,^GDAXI,4,1342.382080078125,24292.380859375,0.027744192416905955,0.006771955857671985,0.0208073651382806,1.2560631422294208,0.2131232525208659,0.7581511351606531,https://finance.yahoo.com/,31923b60ff019f945c5b482f01cc4a939d77376f30b3a0100d8b3f78a83daa3e
dd1381ae76c0309acf708941c8514f862314e3efbc43ec586116a5e84be6c7a7,2026-08-22,2026-05-02,Iran,IR,45,31,269,11,14,10,12,8,10,8,2,0,1,0,231,0,24,Markus,https://acleddata.com/,2026-09-03T23:16:15.362911+00:00,2026-04-30,RHM.DE,^GDAXI,4,1342.382080078125,24292.380859375,0.027744192416905955,0.006771955857671985,0.0208073651382806,1.2560631422294208,0.2131232525208659,0.7581511351606531,https://finance.yahoo.com/,63350f4beca1451f18e0ab42e9fbf18fb55a73a593782ad4865b106d4bed1016
957946eb768b73591cd8716f6ca86bce0d036b72bb98f27337ea55e662a27a85,2026-08-22,2026-05-09,Israel,IL,15,6,48,1,15,1,15,1,13,1,2,0,0,0,23,2,8,Markus,https://acleddata.com/,2026-09-03T23:16:15.983329+00:00,2026-05-08,RHM.DE,^GDAXI,5,1206.341796875,24338.630859375,-0.10134244580738705,0.0019038891357641141,-0.1014664248862264,1.0274281854999925,0.2154329047016829,0.6566847102744268,https://finance.yahoo.com/,a2d562e780546ebd780a284b16af9e7426854418fec9cd692e0dc6ec20d55f31
8286956a7f881edadcb93bbde673408b20ebc32548b33748e406a5d15e9af058,2026-08-22,2026-05-09,Iran,IR,41,31,250,3,3,3,0,0,0,0,0,0,3,3,236,0,11,Markus,https://acleddata.com/,2026-09-03T23:16:15.362978+00:00,2026-05-08,RHM.DE,^GDAXI,5,1206.341796875,24338.630859375,-0.10134244580738705,0.0019038891357641141,-0.1014664248862264,1.0274281854999925,0.2154329047016829,0.6566847102744268,https://finance.yahoo.com/,7c73ccb95dceff04d7098ff9544269754b02355b5bef3ac5691544c86912bfa5
ed042a5f5519f5b2b76b9dfced30019603be9cadf19c76a1b5ba6df06e1be1f1,2026-08-22,2026-05-16,Israel,IL,10,6,35,1,11,1,11,1,10,1,1,0,0,0,18,0,6,Markus,https://acleddata.com/,2026-09-03T23:16:15.972776+00:00,2026-05-15,RHM.DE,^GDAXI,5,1120.0,23950.5703125,-0.07157324491173722,-0.01594422254551431,-0.0573742116963153,0.8823185714382416,0.1960537719799784,0.5993104985781115,https://finance.yahoo.com/,e175fbb1b1f716569e0dc1fdcc0f2bb85067b690de44caf872672839f2a09eb9
26929aa0ca5802fa8ea78d34667f7dcb0181a0919e02d477db1014b03af96d60,2026-08-22,2026-05-16,Iran,IR,45,31,201,4,5,4,1,0,0,0,1,0,3,1,184,0,12,Markus,https://acleddata.com/,2026-09-03T23:16:15.363045+00:00,2026-05-15,RHM.DE,^GDAXI,5,1120.0,23950.5703125,-0.07157324491173722,-0.01594422254551431,-0.0573742116963153,0.8823185714382416,0.1960537719799784,0.5993104985781115,https://finance.yahoo.com/,a23d6e260ccd214626a32a3c65b1f9eed76d71258176edb9ec6f18205bd73d0c
e440e3f97cd392452f0c81d5886b6bdbeb13f89d4e1df9251d1abbe1ab0da9ab,2026-08-22,2026-05-23,Israel,IL,14,6,45,1,23,1,23,1,21,1,2,0,0,0,15,5,2,Markus,https://acleddata.com/,2026-09-03T23:16:15.998245+00:00,2026-05-22,RHM.DE,^GDAXI,5,1227.199951171875,24888.560546875,0.09571424211774571,0.0391635865925688,0.054723858633486604,1.0624832669276103,0.2428955274482849,0.6540343572115982,https://finance.yahoo.com/,22f760e415f7b27694c347eee58b6c5dae0784401fdb15a7b4bc521adb8fb213
cb838e5b5f5a76f62328a60ff638581980605b7da6dd3e97607c655bea5114ff,2026-08-22,2026-05-23,Iran,IR,47,31,211,12,11,12,4,3,4,3,0,0,7,9,187,0,13,Markus,https://acleddata.com/,2026-09-03T23:16:15.363113+00:00,2026-05-22,RHM.DE,^GDAXI,5,1227.199951171875,24888.560546875,0.09571424211774571,0.0391635865925688,0.054723858633486604,1.0624832669276103,0.2428955274482849,0.6540343572115982,https://finance.yahoo.com/,2e4488ae137e8b9bbd36998842141759ee6e28987213b1213d0a4394f11115b2
9e239857738d3edc78bb654374b25dabae9275cd244077183265a998eeaa506c,2026-08-22,2026-05-30,Israel,IL,15,6,84,0,29,0,28,0,11,0,17,0,0,0,18,8,29,Markus,https://acleddata.com/,2026-09-03T23:16:15.998313+00:00,2026-05-29,RHM.DE,^GDAXI,5,1293.4000244140625,25104.69921875,0.05394399924720661,0.008684257631851544,0.0446285955003211,1.1737418627261291,0.2536891524181217,0.6986629527119194,https://finance.yahoo.com/,51e5c670577720a85720eb71c4791e5fcb25de28f55bbb0cbcf438cd6f91645d
4314afaf2c9ef064c6adb10ee4e28ae5d50eef6a04b9662b1416d62b81de1454,2026-08-22,2026-05-30,Iran,IR,51,30,166,21,15,21,3,0,3,0,0,0,5,5,133,0,18,Markus,https://acleddata.com/,2026-09-03T23:16:15.363180+00:00,2026-05-29,RHM.DE,^GDAXI,5,1293.4000244140625,25104.69921875,0.05394399924720661,0.008684257631851544,0.0446285955003211,1.1737418627261291,0.2536891524181217,0.6986629527119194,https://finance.yahoo.com/,a12b6e63cae2268be8ddf6ea089b888a65315557ce542df69d6174cac4c2020b
0c9030afc80c25eacb7efae9cfc81a1ed8069c1e881b79af72aec7266e53d4d3,2026-08-22,2026-06-06,Israel,IL,26,6,54,3,14,3,9,0,3,0,6,0,3,1,16,13,11,Markus,https://acleddata.com/,2026-09-03T23:16:16.004169+00:00,2026-06-05,RHM.DE,^GDAXI,5,1209.800048828125,24759.05078125,-0.06463582341728358,-0.01376827638874245,-0.05046297562191761,1.0332402675322063,0.2364280136620606,0.6481999770900017,https://finance.yahoo.com/,85dab37f08d0545492a6b213259f7e52be5f005cc067602976be2375a912a6f8
b9a5e9c250c841a787f6cd80b205e35a8a29a6758d2eddfa14b9bdbe2a4c475e,2026-08-22,2026-06-06,Iran,IR,68,31,249,14,75,13,70,3,70,3,0,0,2,1,157,0,17,Markus,https://acleddata.com/,2026-09-03T23:16:15.363256+00:00,2026-06-05,RHM.DE,^GDAXI,5,1209.800048828125,24759.05078125,-0.06463582341728358,-0.01376827638874245,-0.05046297562191761,1.0332402675322063,0.2364280136620606,0.6481999770900017,https://finance.yahoo.com/,772b6dd06eef1727815aaaaa1320bba33f72520d7ebecbbc9b4a49430652d4e4
667f48b471c89ad16b799f5222e3657334666cb4aa03abe6fd7683054de6808b,2026-08-22,2026-06-13,Israel,IL,14,6,42,0,5,0,5,0,4,0,1,0,0,0,24,7,6,Markus,https://acleddata.com/,2026-09-03T23:16:15.998447+00:00,2026-06-12,RHM.DE,^GDAXI,5,1205.5999755859375,24635.30078125,-0.00347170860693502,-0.004998172227737907,0.0016249557306090012,1.0261814497954478,0.2302481335025776,0.6498249328206107,https://finance.yahoo.com/,8526c99d654d7a732aca47ea380fb7b3768621d98ada101859a1a1a965f5cd2a
caaf76bd01cf91132e25373e537048e555241154c41bef0af4a650e38a44c26f,2026-08-22,2026-06-13,Iran,IR,41,28,148,6,7,6,0,0,0,0,0,0,4,3,130,0,11,Markus,https://acleddata.com/,2026-09-03T23:16:15.363324+00:00,2026-06-12,RHM.DE,^GDAXI,5,1205.5999755859375,24635.30078125,-0.00347170860693502,-0.004998172227737907,0.0016249557306090012,1.0261814497954478,0.2302481335025776,0.6498249328206107,https://finance.yahoo.com/,a275d8677139f3a107e9d79fa47911735c11aed87c7230a2d6d23f3956692c19
f7e7d98792d91e113040272b47cd7e999b34fcf18545788b59bc2489d325ce74,2026-08-22,2026-06-20,Israel,IL,17,6,50,0,1,0,0,0,0,0,0,0,0,0,42,7,1,Markus,https://acleddata.com/,2026-09-03T23:16:15.998515+00:00,2026-06-19,RHM.DE,^GDAXI,5,1202.5999755859375,24985.8203125,-0.0024883875752746976,0.01422834388597316,-0.015128331907722701,1.0211395250505242,0.2477525270111289,0.634696600912888,https://finance.yahoo.com/,beb05ecaa6c270ff3ac098d3c462c34729c625ae6b840fb7e484c27db7e0bc36
61a428ed2fb6650cc47be4995e6c3b707d67537bcb663de347945e9ba3c8938b,2026-08-22,2026-06-20,Iran,IR,34,28,90,4,6,4,3,0,3,0,0,0,2,2,82,0,2,Markus,https://acleddata.com/,2026-09-03T23:16:15.339622+00:00,2026-06-19,RHM.DE,^GDAXI,5,1202.5999755859375,24985.8203125,-0.0024883875752746976,0.01422834388597316,-0.015128331907722701,1.0211395250505242,0.2477525270111289,0.634696600912888,https://finance.yahoo.com/,ac3f0277f62416582528bf181dabd6bc7cfd195554806862a946773cd5efeed7
23cac6323d22acae904d3718b86c30ecd6cf525b31355b0cf3609dd00127611f,2026-08-22,2026-06-27,Israel,IL,12,6,46,1,3,1,0,0,0,0,0,0,0,0,38,4,3,Markus,https://acleddata.com/,2026-09-03T23:16:15.986982+00:00,2026-06-26,RHM.DE,^GDAXI,5,946.5999755859376,24671.220703125,-0.21287211474893808,-0.012591125904223621,-0.20675163228343021,0.5908952801503549,0.2320419178462187,0.4279449686294577,https://finance.yahoo.com/,1e6c6474397733e52ea999c1d184c79748800a71e27a7f9c2976c5e3439fcea4
eab922371c7bfea99b90b05e5973749af90d4008f6939fb019d57b961a8e6c0a,2026-08-22,2026-06-27,Iran,IR,33,26,101,32,22,32,5,0,5,0,0,0,7,8,78,0,1,Markus,https://acleddata.com/,2026-09-03T23:16:15.363399+00:00,2026-06-26,RHM.DE,^GDAXI,5,946.5999755859376,24671.220703125,-0.21287211474893808,-0.012591125904223621,-0.20675163228343021,0.5908952801503549,0.2320419178462187,0.4279449686294577,https://finance.yahoo.com/,c879d9ef29237427c6267c584643580544135c72522f1ba24ae9a1a7174c43f8
a2201d2a0fb8e1c4cfcb5d4fdd75785e198d06700f0f577cc39e3735d24ff9c1,2026-08-22,2026-07-04,Israel,IL,12,6,32,0,2,0,0,0,0,0,0,0,1,0,23,7,1,Markus,https://acleddata.com/,2026-09-03T23:16:16.007592+00:00,2026-07-03,RHM.DE,^GDAXI,5,1093.4000244140625,25779.310546875,0.15508139933899412,0.044914269021542275,0.1041520443893264,0.8376135463978731,0.2873781799901806,0.5320970130187843,https://finance.yahoo.com/,e63069a0aa12f003f731c4fa3f838250432195b5019dcb165ecc427c2afebccc
586c0abf01b8f1b5df0840c81b9c37475eee25427e4fd11531728dd3257bf196,2026-08-22,2026-07-04,Iran,IR,19,12,44,26,31,26,21,18,20,18,1,0,6,4,12,0,1,Markus,https://acleddata.com/,2026-09-03T23:16:15.302097+00:00,2026-07-03,RHM.DE,^GDAXI,5,1093.4000244140625,25779.310546875,0.15508139933899412,0.044914269021542275,0.1041520443893264,0.8376135463978731,0.2873781799901806,0.5320970130187843,https://finance.yahoo.com/,c4a7d677278948ccf1f832ee03d0fe00fab583a341edcedd37ad89bb82d3a4f1
2a089db0bedd7d266fc3b50104404dc0008b4b16758cba9b4737a305835a86df,2026-08-22,2026-07-11,Israel,IL,12,6,29,0,2,0,0,0,0,0,0,0,0,0,21,8,0,Markus,https://acleddata.com/,2026-09-03T23:16:15.998580+00:00,2026-07-10,RHM.DE,^GDAXI,5,992.0,25067.08984375,-0.0927382679256854,-0.02762760865268099,-0.066672516803091,0.6671964489881577,0.2518109994454109,0.4654244962156931,https://finance.yahoo.com/,844691999c0f86729bab0b1bd11048fab14a61bbf89907e6434273b9309a0973
2a6ecd2f22746cff1359c9deeadacd3272b371f61796cbd451a301711cb3de71,2026-08-22,2026-07-11,Iran,IR,53,30,249,37,147,37,145,35,145,35,0,0,2,2,96,0,6,Markus,https://acleddata.com/,2026-09-03T23:16:15.363513+00:00,2026-07-10,RHM.DE,^GDAXI,5,992.0,25067.08984375,-0.0927382679256854,-0.02762760865268099,-0.066672516803091,0.6671964489881577,0.2518109994454109,0.4654244962156931,https://finance.yahoo.com/,f4088af593127baa0247d1ef41c4aedf5cfdf4e95b3246fd4100ce4178a87b7d
67b8ab87de3f7b2c311f1c68d5a3dd1bf5e20321428a0fa1eda243264b79cf55,2026-08-22,2026-07-18,Israel,IL,12,6,33,0,1,0,0,0,0,0,0,0,0,0,25,5,3,Markus,https://acleddata.com/,2026-09-03T23:16:15.973473+00:00,2026-07-17,RHM.DE,^GDAXI,5,984.2000122070312,24830.98046875,-0.007862890920331322,-0.00941909796756335,0.0019276865085996013,0.6540874651669999,0.2400200690047609,0.4673521827242927,https://finance.yahoo.com/,47c03a1b40fc439a3c3513a770945a71e8e9ee7883c315aa56fc9a71ec2bb50a
4bbb5d8cc47c9d74d89dcb7c3ae06a6463af16d7f7480022453334a40f1a00b7,2026-08-22,2026-07-18,Iran,IR,65,27,225,15,142,15,137,10,133,10,4,0,4,3,68,0,15,Markus,https://acleddata.com/,2026-09-03T23:16:15.363592+00:00,2026-07-17,RHM.DE,^GDAXI,5,984.2000122070312,24830.98046875,-0.007862890920331322,-0.00941909796756335,0.0019276865085996013,0.6540874651669999,0.2400200690047609,0.4673521827242927,https://finance.yahoo.com/,12dab2cdc8d46871195f78e90cd69d6eaa05700017c1d1d4a1f6d6498c23fcee
e06ded7f6d75c9e32e4698343bf509e7bf2c1ee53aff3e487deb82e775476ba0,2026-08-22,2026-07-25,Israel,IL,16,6,33,0,1,0,0,0,0,0,0,0,0,0,25,3,5,Markus,https://acleddata.com/,2026-09-03T23:16:16.007669+00:00,2026-07-24,RHM.DE,^GDAXI,5,1037.5999755859375,25099.0,0.05425722690163215,0.010793755469595823,0.0422010518956842,0.7438336640797114,0.2534045424069899,0.509553234619977,https://finance.yahoo.com/,e7c6ce95d9a37c46b56aacfd1faae4b88d198eed8cb797a8e8cb28b7f807c6c4
a361fc1a6314e1c1479f8432c8c6b6b87a34da70be7aa1196eaf7a17b9d11584,2026-08-22,2026-07-25,Iran,IR,43,21,106,39,43,39,24,6,24,6,0,0,13,17,58,1,4,Markus,https://acleddata.com/,2026-09-03T23:16:15.363662+00:00,2026-07-24,RHM.DE,^GDAXI,5,1037.5999755859375,25099.0,0.05425722690163215,0.010793755469595823,0.0422010518956842,0.7438336640797114,0.2534045424069899,0.509553234619977,https://finance.yahoo.com/,f2f9db830c91a7ebf8df314dccdcf3beb7cbc9721530a6d6a0162eb0303b19a1
b4b444c616051d95f5bd71f7775a2da9f9a721f4830314ff93ee4c891b9e43fb,2026-08-22,2026-08-01,Israel,IL,13,6,27,0,0,0,0,0,0,0,0,0,0,0,22,2,3,Markus,https://acleddata.com/,2026-09-03T23:16:15.973619+00:00,2026-07-31,RHM.DE,^GDAXI,5,1140.0,25629.240234375,0.09868930881213323,0.02112595061058209,0.0756665247779734,0.915931403071068,0.2798839048649593,0.5852197593979506,https://finance.yahoo.com/,87c35a16e6fe516184673af79704c8c1fd55ae9ad7dbd346030536e00299ef0d
1a0193bfed07ef62998c9ae0f94b80e47522ff3af9352ae92cdca845117f6381,2026-08-22,2026-08-01,Iran,IR,31,24,63,9,7,6,0,0,0,0,0,0,6,5,51,0,5,Markus,https://acleddata.com/,2026-09-03T23:16:15.316285+00:00,2026-07-31,RHM.DE,^GDAXI,5,1140.0,25629.240234375,0.09868930881213323,0.02112595061058209,0.0756665247779734,0.915931403071068,0.2798839048649593,0.5852197593979506,https://finance.yahoo.com/,3bb0c610df2890670dcbe9bef71310201bf62b85f136823289914a68dbb27c5b
d1ee48972d488ac23fe9da649654d1e36b0a10e8815f27cf59b133318d0f7a81,2026-08-22,2026-08-08,Israel,IL,8,5,16,0,0,0,0,0,0,0,0,0,0,0,12,4,0,Markus,https://acleddata.com/,2026-09-03T23:16:15.998646+00:00,2026-08-07,RHM.DE,^GDAXI,5,1146.4000244140625,26319.44921875,0.005614056503563392,0.026930528492579597,-0.0197642882816505,0.9266875502248602,0.3143518548321191,0.5654554711163001,https://finance.yahoo.com/,4f1658dc60a3c7d514fae87c64021d5bd61416e245f63062442bfd37030f4387
bbfca608f10855124d9a8d659fb90a96a05886f9b525564d5748ca7d445ab292,2026-08-22,2026-08-08,Iran,IR,38,29,138,9,13,9,0,0,0,0,0,0,11,6,120,1,4,Markus,https://acleddata.com/,2026-09-03T23:16:15.308733+00:00,2026-08-07,RHM.DE,^GDAXI,5,1146.4000244140625,26319.44921875,0.005614056503563392,0.026930528492579597,-0.0197642882816505,0.9266875502248602,0.3143518548321191,0.5654554711163001,https://finance.yahoo.com/,6ea08c98917822e5597cc10d05e4bd391649242bd7eddf0f88b32ba8dca5fd65
c77f227f681e0a5f27532d690615a615a0ace4c541fc3705c444f29e0d4ea91c,2026-08-22,2026-08-15,Israel,IL,15,6,29,0,2,0,0,0,0,0,0,0,0,0,20,4,4,Markus,https://acleddata.com/,2026-09-03T23:16:15.983741+00:00,2026-08-14,RHM.DE,^GDAXI,5,1202.0,26440.310546875,0.0484996287524988,0.004592091845102342,0.043529351387764696,1.020131181132827,0.3203874792662886,0.6089848225040647,https://finance.yahoo.com/,38abe2ca3c9966f3eb997b6940ebb0cda5c30d85291c78c4b67969c9f42138f1
dec1f7e9d074efab88f5532cc5c1b0ff0493757bc07a33c3c803594945e96ed9,2026-08-22,2026-08-15,Iran,IR,33,28,128,4,7,4,0,0,0,0,0,0,3,0,121,0,0,Markus,https://acleddata.com/,2026-09-03T23:16:15.339826+00:00,2026-08-14,RHM.DE,^GDAXI,5,1202.0,26440.310546875,0.0484996287524988,0.004592091845102342,0.043529351387764696,1.020131181132827,0.3203874792662886,0.6089848225040647,https://finance.yahoo.com/,8d4b96f519bec6f9dcda07d54d336f7ad791535e7affd23a0d70fb99202d7cdf
0127f649975f14852d4fc0c307b5d8fc61a284fbf0d952e4a247cb23fcf108b0,2026-08-22,2026-08-22,Israel,IL,9,6,20,0,2,0,0,0,0,0,0,0,0,0,17,3,0,Markus,https://acleddata.com/,2026-09-03T23:16:15.987122+00:00,2026-08-21,RHM.DE,^GDAXI,5,1155.4000244140625,26136.560546875,-0.03876869849079656,-0.011488140408241199,-0.027461353029153,0.9418133244596318,0.305218682511194,0.5815234694749117,https://finance.yahoo.com/,1b2d5a4fc29f47ce4fc4197d54d766685ba6e82e7c3ceb8cb3592bd8a581433a
aee24f7b3f9aaf8e77edec0c4efc100e395ffb0f499fe50d5704b412a26172c6,2026-08-22,2026-08-22,Iran,IR,34,30,133,8,7,8,0,0,0,0,0,0,6,7,124,0,2,Markus,https://acleddata.com/,2026-09-03T23:16:15.363730+00:00,2026-08-21,RHM.DE,^GDAXI,5,1155.4000244140625,26136.560546875,-0.03876869849079656,-0.011488140408241199,-0.027461353029153,0.9418133244596318,0.305218682511194,0.5815234694749117,https://finance.yahoo.com/,711c1ec9b7424ac54191f16c027d8c5820f5efd1aa4f3729ea52548f29eae261
