event_id,event_calendar_date,event_title,sample_group,relative_trading_day,company_count,aar,aar_standard_deviation,ols_aar,ols_aar_standard_deviation,aar_standard_error,caar,ols_aar_standard_error,ols_caar
EVT_PRIMARY_20260228,2026-02-28,Primary conflict event specified in the approved research design,CONFIRMATORY,0,8,0.03663273989203321,0.03360371298954953,0.036280323546453365,0.03376323226508352,0.011880706663978472,0.03663273989203321,0.011937105244708496,0.036280323546453365
EVT_PRIMARY_20260228,2026-02-28,Primary conflict event specified in the approved research design,CONFIRMATORY,1,8,0.017254099432007862,0.041083504084375916,0.01383452908254635,0.041078907856024034,0.014525212166483715,0.05388683932404107,0.014523587154365967,0.050114852628999715
EVT_PRIMARY_20260228,2026-02-28,Primary conflict event specified in the approved research design,CONFIRMATORY,2,8,-0.008614933448185876,0.020590049768421666,-0.007983403314389738,0.02124442444775047,0.00727968190810973,0.045271905875855195,0.0075110382947048155,0.04213144931460998
EVT_PRIMARY_20260228,2026-02-28,Primary conflict event specified in the approved research design,CONFIRMATORY,3,8,-0.017353691339869852,0.03369926696172783,-0.019067624441278037,0.03401747869509901,0.011914490094826764,0.027918214535985343,0.012026994932086707,0.023063824873331938
EVT_PRIMARY_20260228,2026-02-28,Primary conflict event specified in the approved research design,CONFIRMATORY,4,8,0.02106764380790029,0.02284847341092447,0.01742153076004889,0.020464715057079006,0.008078155244312608,0.048985858343885635,0.007235369395955504,0.04048535563338083
EVT_PRIMARY_20260228,2026-02-28,Primary conflict event specified in the approved research design,CONFIRMATORY,5,8,0.013423932841010665,0.029529830704629573,0.014288067155224174,0.02650951563335414,0.010440371769267147,0.0624097911848963,0.009372529135157752,0.054773422788605
EVT_PRIMARY_20260228,2026-02-28,Primary conflict event specified in the approved research design,CONFIRMATORY,6,8,-0.020305167136789374,0.021462671759766207,-0.02134808080338805,0.020224781235271966,0.007588200371855848,0.04210462404810692,0.007150539979737623,0.033425341985216954
EVT_PRIMARY_20260228,2026-02-28,Primary conflict event specified in the approved research design,CONFIRMATORY,7,8,-0.004654595214989787,0.02841199943055583,-0.00556407851009,0.029215852072123006,0.010045158732207177,0.037450028833117134,0.01032936355917061,0.027861263475126956
EVT_PRIMARY_20260228,2026-02-28,Primary conflict event specified in the approved research design,CONFIRMATORY,8,8,0.013256406604970374,0.02102602174388515,0.008890795937954388,0.02084229866415173,0.007433821278238493,0.050706435438087505,0.007368865360468504,0.036752059413081344
EVT_PRIMARY_20260228,2026-02-28,Primary conflict event specified in the approved research design,CONFIRMATORY,9,8,0.008144517247253449,0.016506305795177888,0.005569187287131287,0.016619042677657275,0.005835860380054546,0.058850952685340956,0.005875718887100048,0.04232124670021263
EVT_PRIMARY_20260228,2026-02-28,Primary conflict event specified in the approved research design,CONFIRMATORY,10,8,0.008101308523683112,0.018471885650852372,0.009571895902501138,0.0162282722608005,0.006530797802510097,0.06695226120902407,0.005737560681276789,0.05189314260271377
EVT_PRIMARY_20260228,2026-02-28,Primary conflict event specified in the approved research design,CONFIRMATORY,11,8,-0.005383030900619262,0.010999593653146733,-0.005967799830433638,0.010847130362126733,0.003888943631218282,0.061569230308404804,0.0038350397177371516,0.04592534277228013
EVT_PRIMARY_20260228,2026-02-28,Primary conflict event specified in the approved research design,CONFIRMATORY,12,8,0.005457186964031399,0.016230744606549767,0.0016565374623482001,0.013905605000159795,0.005738434787499161,0.0670264172724362,0.0049163737960572764,0.04758188023462833
EVT_PRIMARY_20260228,2026-02-28,Primary conflict event specified in the approved research design,CONFIRMATORY,13,8,0.0006493805059637377,0.02141820282559747,-0.0013414381423156006,0.02104968627613758,0.007572478229404421,0.06767579777839994,0.0074421879538531435,0.04624044209231273
EVT_PRIMARY_20260228,2026-02-28,Primary conflict event specified in the approved research design,CONFIRMATORY,14,8,-0.004139411287680925,0.018154528731712284,-0.008986437626803276,0.017612374722957142,0.006418595187719884,0.06353638649071902,0.0062269147997007675,0.03725400446550946
EVT_PRIMARY_20260228,2026-02-28,Primary conflict event specified in the approved research design,CONFIRMATORY,15,8,-0.009065978969795125,0.024358306558415217,-0.008763494026278363,0.020401367103958807,0.008611961872838076,0.05447040752092389,0.007212972512342714,0.028490510439231093
EVT_PRIMARY_20260228,2026-02-28,Primary conflict event specified in the approved research design,CONFIRMATORY,16,8,-0.00403548058745,0.02221931417217757,-0.004974060154148375,0.0208572301211201,0.00785571386223056,0.05043492693347389,0.007374144427706169,0.023516450285082716
EVT_PRIMARY_20260228,2026-02-28,Primary conflict event specified in the approved research design,CONFIRMATORY,17,8,-0.0042434155950966754,0.014024318622871285,-0.003185432732490525,0.014209908460093556,0.004958345399876534,0.04619151133837722,0.005023961316086122,0.02033101755259219
EVT_PRIMARY_20260228,2026-02-28,Primary conflict event specified in the approved research design,CONFIRMATORY,18,8,0.0016083687697339005,0.024468756703052704,-0.003770573970882913,0.022129360837937463,0.008651011895966178,0.04779988010811112,0.0078239105559148,0.01656044358170928
EVT_PRIMARY_20260228,2026-02-28,Primary conflict event specified in the approved research design,CONFIRMATORY,19,8,0.00017243877254438785,0.02225425492560489,-0.004369721718781713,0.020547214692876785,0.007868067284074671,0.04797231888065551,0.007264537421914519,0.012190721862927564
EVT_PRIMARY_20260228,2026-02-28,Primary conflict event specified in the approved research design,CONFIRMATORY,20,8,0.0039307975767152,0.023076594927402706,0.0021618470215775372,0.023619054010265712,0.008158808379930767,0.05190311645737071,0.008350596627935102,0.0143525688845051
EVT_PRIMARY_20260228,2026-02-28,Primary conflict event specified in the approved research design,CONFIRMATORY,21,8,0.0021067651232385748,0.02743908348673487,0.007861579732974387,0.02250388750737974,0.009701181001507022,0.05400988158060928,0.007956325729763722,0.022214148617479487
EVT_PRIMARY_20260228,2026-02-28,Primary conflict event specified in the approved research design,CONFIRMATORY,22,8,0.004275490012401024,0.046843856347658384,0.005832905643666462,0.04602038600074781,0.01656180424017887,0.0582853715930103,0.016270663506975615,0.02804705426114595
EVT_PRIMARY_20260228,2026-02-28,Primary conflict event specified in the approved research design,CONFIRMATORY,23,8,0.006771190272114799,0.012227298704859606,0.00578208697942365,0.011786073656860992,0.004323002914899858,0.06505656186512511,0.004167006303165268,0.0338291412405696
EVT_PRIMARY_20260228,2026-02-28,Primary conflict event specified in the approved research design,CONFIRMATORY,24,8,0.0005170585316803255,0.015162879711857622,0.0003838702280890376,0.017252152375785257,0.005360887533285224,0.06557362039680543,0.00609955696749068,0.034213011468658634
EVT_PRIMARY_20260228,2026-02-28,Primary conflict event specified in the approved research design,CONFIRMATORY,25,8,-0.012670882050634349,0.030821590985251893,-0.0133253262806926,0.030403167879219734,0.010897077996314888,0.05290273834617108,0.010749143088474649,0.020887685187966038
EVT_PRIMARY_20260228,2026-02-28,Primary conflict event specified in the approved research design,CONFIRMATORY,26,8,-0.0183500180983481,0.026322239504755235,-0.011955645291004364,0.023484019860265725,0.009306317024914428,0.03455272024782298,0.008302854846356726,0.008932039896961674
EVT_PRIMARY_20260228,2026-02-28,Primary conflict event specified in the approved research design,CONFIRMATORY,27,8,-0.02233953164647896,0.025518996288229085,-0.021946539796834637,0.0265321123514802,0.009022327662240561,0.01221318860134402,0.009380518281467501,-0.013014499899872963
EVT_PRIMARY_20260228,2026-02-28,Primary conflict event specified in the approved research design,CONFIRMATORY,28,8,0.004140587801988463,0.018462278058886245,0.0033439344387341243,0.018081906488039153,0.006527401005795037,0.016353776403332482,0.006392919347236757,-0.009670565461138838
EVT_PRIMARY_20260228,2026-02-28,Primary conflict event specified in the approved research design,CONFIRMATORY,29,8,-0.009716983876673588,0.01131369415380818,-0.00807931949202195,0.012731830269897933,0.0039999949282141815,0.006636792526658894,0.00450138176038049,-0.01774988495316079
EVT_PRIMARY_20260228,2026-02-28,Primary conflict event specified in the approved research design,CONFIRMATORY,30,8,-0.005896375904857837,0.019335255791929837,-0.003229932547297313,0.016031830955429326,0.006836045243225028,0.0007404166218010575,0.005668108191710241,-0.020979817500458103
EVT_PRIMARY_20260228,2026-02-28,Primary conflict event specified in the approved research design,CONFIRMATORY,31,8,-0.0090660873134819,0.011817965619659754,-0.0079243452021792,0.011385101632370383,0.004178281814745445,-0.008325670691680843,0.004025241284373564,-0.028904162702637303
EVT_PRIMARY_20260228,2026-02-28,Primary conflict event specified in the approved research design,CONFIRMATORY,32,8,-0.014101456452476938,0.02771865739441637,-0.013912396281589938,0.027764839259148803,0.009800025304489226,-0.02242712714415778,0.009816353059349298,-0.04281655898422724
EVT_PRIMARY_20260228,2026-02-28,Primary conflict event specified in the approved research design,CONFIRMATORY,33,8,-0.007029307855084299,0.02858497551352534,-0.004952204451042225,0.025577349509835763,0.01010631501283259,-0.02945643499924208,0.009042958641591643,-0.047768763435269465
EVT_PRIMARY_20260228,2026-02-28,Primary conflict event specified in the approved research design,CONFIRMATORY,34,8,-0.0089579952755208,0.01637205422946071,-0.009767845960008575,0.017046337193316132,0.0057883952838027825,-0.03841443027476288,0.006026790311893148,-0.05753660939527804
EVT_PRIMARY_20260228,2026-02-28,Primary conflict event specified in the approved research design,CONFIRMATORY,35,8,-0.0076419521420845495,0.015260512904241734,-0.009813027992062774,0.01587533860026136,0.005395406079487072,-0.04605638241684743,0.00561277978893868,-0.06734963738734082
EVT_PRIMARY_20260228,2026-02-28,Primary conflict event specified in the approved research design,CONFIRMATORY,36,8,-0.011352518044642832,0.02114129314084565,-0.009543791898269337,0.018513194086751637,0.007474575871472301,-0.05740890046149026,0.006545402540082387,-0.07689342928561016
EVT_PRIMARY_20260228,2026-02-28,Primary conflict event specified in the approved research design,CONFIRMATORY,37,8,-0.016825052845301076,0.02934038776700266,-0.01868636008978771,0.030140966877030658,0.010373393576345202,-0.07423395330679133,0.010656441035133746,-0.09557978937539786
EVT_PRIMARY_20260228,2026-02-28,Primary conflict event specified in the approved research design,CONFIRMATORY,38,8,-0.009836147669952524,0.021365984940248883,-0.008784792882748626,0.018648253858480703,0.007554016418989818,-0.08407010097674386,0.006593153380309952,-0.10436458225814649
EVT_PRIMARY_20260228,2026-02-28,Primary conflict event specified in the approved research design,CONFIRMATORY,39,8,0.00034827523435182516,0.007875290397489578,-9.101367000476264e-05,0.007552018621775799,0.0027843356219390907,-0.08372182574239204,0.002670041789552376,-0.10445559592815125
EVT_PRIMARY_20260228,2026-02-28,Primary conflict event specified in the approved research design,CONFIRMATORY,40,8,0.01578586362605305,0.017875443446239078,0.013890124523800612,0.01858187883635045,0.00631992363877614,-0.06793596211633898,0.006569686266185097,-0.09056547140435064
EVT_PRIMARY_20260228,2026-02-28,Primary conflict event specified in the approved research design,CONFIRMATORY,41,8,0.001477861043614662,0.012605826078083516,0.0009076841841923373,0.012933342001549948,0.004456832551135537,-0.06645810107272432,0.004572626916350382,-0.0896577872201583
EVT_PRIMARY_20260228,2026-02-28,Primary conflict event specified in the approved research design,CONFIRMATORY,42,8,0.008648899101699213,0.017795691070137093,0.010475942998802163,0.01634661586381271,0.006291726915797413,-0.05780920197102511,0.0057794014633767805,-0.07918184422135614
EVT_PRIMARY_20260228,2026-02-28,Primary conflict event specified in the approved research design,CONFIRMATORY,43,8,-0.001635729896321775,0.014831049345741082,-0.0009307385313960374,0.013863490824634665,0.005243567782242914,-0.05944493186734689,0.004901484186508326,-0.08011258275275218
EVT_PRIMARY_20260228,2026-02-28,Primary conflict event specified in the approved research design,CONFIRMATORY,44,8,-0.0075060573721782,0.02607995270520878,-0.009333643341261851,0.025074671426618324,0.009220655705438787,-0.06695098923952508,0.008865235100893189,-0.08944622609401402
EVT_PRIMARY_20260228,2026-02-28,Primary conflict event specified in the approved research design,CONFIRMATORY,45,8,-0.019502184823095462,0.0187958536861824,-0.0181593048929487,0.02063060433138179,0.00664533779984487,-0.08645317406262054,0.007294020111348311,-0.10760553098696272
EVT_PRIMARY_20260228,2026-02-28,Primary conflict event specified in the approved research design,CONFIRMATORY,46,8,-0.0251920825707557,0.030232753313280045,-0.021959523858986925,0.03285261209704515,0.01068889244088019,-0.11164525663337625,0.011615152396755915,-0.12956505484594966
EVT_PRIMARY_20260228,2026-02-28,Primary conflict event specified in the approved research design,CONFIRMATORY,47,8,-0.010589297161760575,0.015993831709624887,-0.012294008076618661,0.015805359115363207,0.005654673429516094,-0.12223455379513683,0.005588038304780967,-0.1418590629225683
EVT_PRIMARY_20260228,2026-02-28,Primary conflict event specified in the approved research design,CONFIRMATORY,48,8,-0.006288103878227112,0.013913460919817815,-0.00479629882073815,0.011494549728676282,0.004919151283088598,-0.12852265767336393,0.004063937029916494,-0.14665536174330646
EVT_PRIMARY_20260228,2026-02-28,Primary conflict event specified in the approved research design,CONFIRMATORY,49,8,0.006630647251812413,0.020806185403433396,0.005589420506312049,0.02133285238860287,0.007356097394696158,-0.12189201042155152,0.007542302293016364,-0.14106594123699442
EVT_PRIMARY_20260228,2026-02-28,Primary conflict event specified in the approved research design,CONFIRMATORY,50,8,0.0033678982895252374,0.009267837144854416,0.0017334928338256625,0.00893018169070505,0.003276675246029564,-0.11852411213202628,0.003157296015362744,-0.13933244840316875
EVT_PRIMARY_20260228,2026-02-28,Primary conflict event specified in the approved research design,CONFIRMATORY,51,8,9.744660613827542e-05,0.013975647786603061,0.0008136882026657879,0.014001981374026319,0.0049411376606908934,-0.11842666552588801,0.004950447989810871,-0.13851876020050297
EVT_PRIMARY_20260228,2026-02-28,Primary conflict event specified in the approved research design,CONFIRMATORY,52,8,0.001544578716232238,0.01736887329912857,0.0029419192326984624,0.01573073265600123,0.006140824045691886,-0.11688208680965577,0.00556165386704557,-0.1355768409678045
EVT_PRIMARY_20260228,2026-02-28,Primary conflict event specified in the approved research design,CONFIRMATORY,53,8,0.017738810854421937,0.03484052537390694,0.013939562276755527,0.03506664211393171,0.012317985875995785,-0.09914327595523384,0.012397930216101442,-0.12163727869104897
EVT_PRIMARY_20260228,2026-02-28,Primary conflict event specified in the approved research design,CONFIRMATORY,54,8,0.01993834029608109,0.030442928874483206,0.01789517296596316,0.03106425766949526,0.010763200723163412,-0.07920493565915275,0.010982873625313156,-0.10374210572508581
EVT_PRIMARY_20260228,2026-02-28,Primary conflict event specified in the approved research design,CONFIRMATORY,55,8,-0.0067992060070940245,0.018131276358344918,-0.00875061647577325,0.016409120714337328,0.0064103742322765105,-0.08600414166624677,0.005801500265208284,-0.11249272220085907
EVT_PRIMARY_20260228,2026-02-28,Primary conflict event specified in the approved research design,CONFIRMATORY,56,8,-0.010588475028468212,0.01985451523810147,-0.008291662960157837,0.017464874372028913,0.007019631181016594,-0.09659261669471499,0.006174765550516394,-0.1207843851610169
EVT_PRIMARY_20260228,2026-02-28,Primary conflict event specified in the approved research design,CONFIRMATORY,57,8,-0.0038607809193754,0.008250599151852058,-0.004306483821867438,0.008153416404738564,0.0029170273045632834,-0.10045339761409039,0.002882668014814139,-0.12509086898288432
EVT_PRIMARY_20260228,2026-02-28,Primary conflict event specified in the approved research design,CONFIRMATORY,58,8,-0.0040536293634663755,0.01588404024758056,-0.0044940501017713,0.016518582539315194,0.00561585628585213,-0.10450702697755676,0.005840200864569736,-0.12958491908465564
EVT_PRIMARY_20260228,2026-02-28,Primary conflict event specified in the approved research design,CONFIRMATORY,59,8,-0.006536642208414938,0.01682016691012137,-0.005725733899977799,0.016492957671847074,0.0059468270414182,-0.1110436691859717,0.005831141105792879,-0.13531065298463343
EVT_PRIMARY_20260228,2026-02-28,Primary conflict event specified in the approved research design,CONFIRMATORY,60,8,0.012735894099016475,0.025891347741647933,0.011713757541216325,0.02527378449283833,0.009153973781089127,-0.09830777508695522,0.008935632200566694,-0.1235968954434171
EVT_PRIMARY_20260228,2026-02-28,Primary conflict event specified in the approved research design,CONFIRMATORY,61,8,0.004698661022233999,0.015785605991081402,0.005257976891582913,0.016019433847816685,0.005581054520716325,-0.09360911406472122,0.005663725152280242,-0.1183389185518342
EVT_PRIMARY_20260228,2026-02-28,Primary conflict event specified in the approved research design,CONFIRMATORY,62,8,-0.022222334495577364,0.022708198896849326,-0.0223601015813042,0.02385699314326084,0.008028560714247518,-0.11583144856029859,0.008434720815160354,-0.1406990201331384
EVT_PRIMARY_20260228,2026-02-28,Primary conflict event specified in the approved research design,CONFIRMATORY,63,8,-0.008943052832224725,0.024166104182395665,-0.009007145368169012,0.02472221393014239,0.00854400807111628,-0.12477450139252332,0.008740622557974106,-0.14970616550130741
EVT_PRIMARY_20260228,2026-02-28,Primary conflict event specified in the approved research design,CONFIRMATORY,64,8,-0.0024852429466439736,0.011123742901810169,-0.0033088523470078497,0.010277438571685418,0.0039328370190228465,-0.12725974433916729,0.0036336232536334718,-0.15301501784831525
EVT_PRIMARY_20260228,2026-02-28,Primary conflict event specified in the approved research design,CONFIRMATORY,65,8,0.0077064439599683,0.017733633520895364,0.0047296345237718,0.017537021473863698,0.006269786258851091,-0.11955330037919898,0.006200273402991561,-0.14828538332454347
EVT_PRIMARY_20260228,2026-02-28,Primary conflict event specified in the approved research design,CONFIRMATORY,66,8,0.013660694903978076,0.01296857157373009,0.012973903034685175,0.01248865780647872,0.004585082451043821,-0.1058926054752209,0.004415407311439709,-0.1353114802898583
EVT_PRIMARY_20260228,2026-02-28,Primary conflict event specified in the approved research design,CONFIRMATORY,67,8,0.0037664016542939627,0.023602686124031422,-0.0026149183349870497,0.015410757998754819,0.008344809706260123,-0.10212620382092695,0.00544852574207218,-0.13792639862484535
EVT_PRIMARY_20260228,2026-02-28,Primary conflict event specified in the approved research design,CONFIRMATORY,68,8,0.0028167139350661124,0.012504210596381156,0.002392525157409299,0.011621377670298232,0.0044209060530428996,-0.09930948988586083,0.004108777478698901,-0.13553387346743603
EVT_PRIMARY_20260228,2026-02-28,Primary conflict event specified in the approved research design,CONFIRMATORY,69,8,0.0060648854102278126,0.011916645925667236,0.004499295161724813,0.01167721342857949,0.004213170571519172,-0.09324460447563301,0.004128518400355586,-0.13103457830571122
EVT_PRIMARY_20260228,2026-02-28,Primary conflict event specified in the approved research design,CONFIRMATORY,70,8,0.004657850967917862,0.019251190800058174,0.0003823507495071877,0.01960321634436214,0.006806323780318605,-0.08858675350771517,0.006930783605082715,-0.13065222755620404
EVT_PRIMARY_20260228,2026-02-28,Primary conflict event specified in the approved research design,CONFIRMATORY,71,8,-0.01592435323519324,0.03241481279380856,-0.011734115940548039,0.03585033000278706,0.011460366968697245,-0.1045111067429084,0.012675005726373135,-0.14238634349675208
EVT_PRIMARY_20260228,2026-02-28,Primary conflict event specified in the approved research design,CONFIRMATORY,72,8,-0.01837422672842101,0.029239165075568577,-0.01797127683027839,0.02987951099468668,0.010337605950583705,-0.1228853334713294,0.010564002421440477,-0.16035762032703046
EVT_PRIMARY_20260228,2026-02-28,Primary conflict event specified in the approved research design,CONFIRMATORY,73,8,-0.018143920119954624,0.019399792496846247,-0.014897469547650012,0.015407329465510542,0.006858862414065942,-0.14102925359128404,0.005447313572518904,-0.17525508987468047
EVT_PRIMARY_20260228,2026-02-28,Primary conflict event specified in the approved research design,CONFIRMATORY,74,8,0.007074982742677125,0.016945947206220606,0.004917906714880838,0.016119633520535928,0.0059912970915739095,-0.1339542708486069,0.005699151086306468,-0.17033718315979965
EVT_PRIMARY_20260228,2026-02-28,Primary conflict event specified in the approved research design,CONFIRMATORY,75,8,0.010779937320825663,0.015612386598968289,0.007929419740626774,0.014730356077538432,0.005519812217318228,-0.12317433352778125,0.005207967335859949,-0.16240776341917287
EVT_PRIMARY_20260228,2026-02-28,Primary conflict event specified in the approved research design,CONFIRMATORY,76,8,-0.012392238266820937,0.027615509856169507,-0.011261685102951875,0.023390397366817948,0.009763557142610698,-0.1355665717946022,0.008269754296362468,-0.17366944852212474
EVT_PRIMARY_20260228,2026-02-28,Primary conflict event specified in the approved research design,CONFIRMATORY,77,8,-0.014157767388697425,0.017679606334972134,-0.0157069552562049,0.018244636216983485,0.006250684764083719,-0.1497243391832996,0.00645045299465535,-0.18937640377832965
EVT_PRIMARY_20260228,2026-02-28,Primary conflict event specified in the approved research design,CONFIRMATORY,78,8,0.014031877703322801,0.02876485204540018,0.009871092530050226,0.026311714929086728,0.0101699109705651,-0.1356924614799768,0.009302596025502272,-0.17950531124827943
EVT_PRIMARY_20260228,2026-02-28,Primary conflict event specified in the approved research design,CONFIRMATORY,79,8,-0.03106306603666389,0.061988314564860654,-0.03334015971340036,0.06169767590428283,0.0219161787915689,-0.1667555275166407,0.02181342250768412,-0.21284547096167977
EVT_PRIMARY_20260228,2026-02-28,Primary conflict event specified in the approved research design,CONFIRMATORY,80,8,-0.005377149363476713,0.028243168760649317,-0.005607112103542251,0.028934274852462933,0.009985468076425594,-0.1721326768801174,0.010229810978445966,-0.21845258306522203
EVT_PRIMARY_20260228,2026-02-28,Primary conflict event specified in the approved research design,CONFIRMATORY,81,8,-0.0009723684134452749,0.01774679067697695,-0.00167192282096455,0.016645234566701278,0.0062744380159943,-0.1731050452935627,0.005884979118277599,-0.22012450588618657
EVT_PRIMARY_20260228,2026-02-28,Primary conflict event specified in the approved research design,CONFIRMATORY,82,8,0.005365687680197375,0.02308823392242125,0.0075749948622372,0.019444761029152397,0.008162923386082674,-0.1677393576133653,0.006874761191132785,-0.21254951102394937
EVT_PRIMARY_20260228,2026-02-28,Primary conflict event specified in the approved research design,CONFIRMATORY,83,8,0.00402668259580445,0.015273635095480293,0.004268359862534012,0.013429776283927853,0.005400045474691478,-0.16371267501756087,0.0047481429400918285,-0.20828115116141535
EVT_PRIMARY_20260228,2026-02-28,Primary conflict event specified in the approved research design,CONFIRMATORY,84,8,0.021656462623081324,0.021292152489157876,0.02052302475950655,0.02113052091501087,0.00752791270557078,-0.14205621239447952,0.007470767314504178,-0.1877581264019088
EVT_PRIMARY_20260228,2026-02-28,Primary conflict event specified in the approved research design,CONFIRMATORY,85,8,0.029281409923307838,0.02446809706993447,0.028463295891765814,0.02435028889437828,0.008650778680440677,-0.11277480247117169,0.00860912720053318,-0.159294830510143
EVT_PRIMARY_20260228,2026-02-28,Primary conflict event specified in the approved research design,CONFIRMATORY,86,8,-0.007973855869246487,0.017241906908616635,-0.007530833860680475,0.016856589482766,0.006095934647835002,-0.12074865834041819,0.005959704365470837,-0.16682566437082347
EVT_PRIMARY_20260228,2026-02-28,Primary conflict event specified in the approved research design,CONFIRMATORY,87,8,0.023863771054948236,0.019074692091531047,0.02188044341620875,0.019789584200634203,0.006743922063483506,-0.09688488728546996,0.006996674592565303,-0.14494522095461473
EVT_PRIMARY_20260228,2026-02-28,Primary conflict event specified in the approved research design,CONFIRMATORY,88,8,-0.0018265817418653,0.024148862568958325,-0.00245034728794485,0.024029348457501126,0.00853791224022621,-0.09871146902733526,0.008495657620896775,-0.14739556824255956
EVT_PRIMARY_20260228,2026-02-28,Primary conflict event specified in the approved research design,CONFIRMATORY,89,8,-0.01350239650894945,0.013945666441585384,-0.012868952624500737,0.012080027879020589,0.004930537654505347,-0.11221386553628471,0.004270934815089002,-0.1602645208670603
EVT_PRIMARY_20260228,2026-02-28,Primary conflict event specified in the approved research design,CONFIRMATORY,90,8,-0.009797487397813822,0.03535968464034615,-0.010575348742575638,0.03461483154646813,0.012501536394903286,-0.12201135293409852,0.012238191058068821,-0.17083986960963596
EVT_PRIMARY_20260228,2026-02-28,Primary conflict event specified in the approved research design,CONFIRMATORY,91,8,0.010524453308040225,0.01988518429593649,0.008498644002992387,0.02014853132805759,0.0070304743304004675,-0.1114868996260583,0.0071235815665095575,-0.16234122560664357
EVT_PRIMARY_20260228,2026-02-28,Primary conflict event specified in the approved research design,CONFIRMATORY,92,8,-0.007773098436299137,0.010338910750834337,-0.007837727036086501,0.010342265099693443,0.0036553569509987296,-0.11925999806235743,0.003656542892411099,-0.17017895264273006
EVT_PRIMARY_20260228,2026-02-28,Primary conflict event specified in the approved research design,CONFIRMATORY,93,8,-0.0003893141390801753,0.007325296592063466,-0.0011012475750759,0.006270567038198548,0.0025898834472253916,-0.11964931220143761,0.0022169802372975188,-0.17128020021780596
EVT_PRIMARY_20260228,2026-02-28,Primary conflict event specified in the approved research design,CONFIRMATORY,94,8,0.008064984955103539,0.013769732522886742,0.00452339932968475,0.010710964127808434,0.004868335621029081,-0.11158432724633408,0.0037868976839095987,-0.16675680088812123
EVT_PRIMARY_20260228,2026-02-28,Primary conflict event specified in the approved research design,CONFIRMATORY,95,8,0.008552396761869788,0.014698777756332533,0.005733331990661212,0.016523684980461705,0.005196802713328359,-0.10303193048446428,0.005842004849937388,-0.16102346889746
EVT_PRIMARY_20260228,2026-02-28,Primary conflict event specified in the approved research design,CONFIRMATORY,96,8,0.0062089770223778635,0.02479440590015089,0.005899174956322837,0.022443433240683357,0.008766146273744219,-0.09682295346208641,0.007934951918797386,-0.15512429394113716
EVT_PRIMARY_20260228,2026-02-28,Primary conflict event specified in the approved research design,CONFIRMATORY,97,8,-0.0016921476404767248,0.011623822097292557,-0.00041932444888191254,0.011417995885572069,0.004109641714150802,-0.09851510110256315,0.004036871159124054,-0.15554361839001907
EVT_PRIMARY_20260228,2026-02-28,Primary conflict event specified in the approved research design,CONFIRMATORY,98,8,0.007595916409940088,0.00796719552828868,0.00652046549414955,0.007838443884844316,0.0028168289925460314,-0.09091918469262306,0.0027713084124618204,-0.14902315289586954
EVT_PRIMARY_20260228,2026-02-28,Primary conflict event specified in the approved research design,CONFIRMATORY,99,8,0.04340684181005998,0.04053392472204596,0.03901737117736183,0.03826954506020265,0.014330906519531868,-0.04751234288256308,0.013530327412496717,-0.1100057817185077
EVT_PRIMARY_20260228,2026-02-28,Primary conflict event specified in the approved research design,CONFIRMATORY,100,8,0.007164675915633888,0.020654245262210456,0.007017589073339675,0.019295629170704785,0.007302378442599567,-0.04034766696692919,0.006822035116933156,-0.10298819264516802
EVT_PRIMARY_20260228,2026-02-28,Primary conflict event specified in the approved research design,CONFIRMATORY,101,8,0.0021397007657564127,0.014088834928657623,0.000827685731661437,0.013325701367235269,0.004981155358535846,-0.038207966201172776,0.0047113469004194525,-0.10216050691350659
EVT_PRIMARY_20260228,2026-02-28,Primary conflict event specified in the approved research design,CONFIRMATORY,102,8,0.0006785482529738875,0.016900297385074252,0.0005428120038903872,0.016372650284937073,0.00597515744252764,-0.03752941794819889,0.005788606021237432,-0.1016176949096162
EVT_PRIMARY_20260228,2026-02-28,Primary conflict event specified in the approved research design,CONFIRMATORY,103,8,0.016296482766699764,0.01583855958092254,0.011588160918678987,0.017973287598784884,0.005599776441948745,-0.021232935181499126,0.006354516770658435,-0.09002953399093722
EVT_PRIMARY_20260228,2026-02-28,Primary conflict event specified in the approved research design,CONFIRMATORY,104,8,0.0014626233897602498,0.02572371885987947,0.005026752481816213,0.022741767826344364,0.009094708021578529,-0.019770311791738875,0.008040429123089075,-0.085002781509121
EVT_PRIMARY_20260228,2026-02-28,Primary conflict event specified in the approved research design,CONFIRMATORY,105,8,-0.0052429219458685495,0.018807164370837178,-0.004687938369808063,0.019551753301971096,0.006649336730754498,-0.025013233737607426,0.0069125886719551164,-0.08969071987892906
EVT_PRIMARY_20260228,2026-02-28,Primary conflict event specified in the approved research design,CONFIRMATORY,106,8,-0.014864940926720787,0.017337406305627797,-0.012029531290931664,0.018948705865912515,0.006129698783447912,-0.03987817466432821,0.006699379206248025,-0.10172025116986072
EVT_PRIMARY_20260228,2026-02-28,Primary conflict event specified in the approved research design,CONFIRMATORY,107,8,-0.002005320081592499,0.033689233515564944,0.0021826183663540485,0.030904989021581238,0.011910942735916542,-0.041883494745920714,0.010926563654827947,-0.09953763280350668
EVT_PRIMARY_20260228,2026-02-28,Primary conflict event specified in the approved research design,CONFIRMATORY,108,8,0.00500253329049145,0.017052429344174284,0.004066518052378537,0.017181021936668695,0.0060289442124850535,-0.03688096145542926,0.006074408559566632,-0.09547111475112814
EVT_PRIMARY_20260228,2026-02-28,Primary conflict event specified in the approved research design,CONFIRMATORY,109,8,0.007109551609799062,0.008527776372113504,0.00637503342266105,0.007801642742612796,0.0030150242505819365,-0.0297714098456302,0.002758297243848161,-0.0890960813284671
EVT_PRIMARY_20260228,2026-02-28,Primary conflict event specified in the approved research design,CONFIRMATORY,110,8,-0.007142696206195725,0.01972024020129076,-0.006194335156116737,0.02004740589675427,0.006972157786480131,-0.03691410605182592,0.007087828327397061,-0.09529041648458382
EVT_PRIMARY_20260228,2026-02-28,Primary conflict event specified in the approved research design,CONFIRMATORY,111,8,0.00985977057583175,0.01856267296987218,0.008598706926119125,0.018995876334293577,0.006562895966972424,-0.027054335475994173,0.006716056485280022,-0.0866917095584647
EVT_PRIMARY_20260228,2026-02-28,Primary conflict event specified in the approved research design,CONFIRMATORY,112,8,0.003450619825110312,0.012785148466662805,0.002037142748675675,0.0128817355647196,0.004520232589627029,-0.02360371565088386,0.004554381285632574,-0.08465456680978903
EVT_PRIMARY_20260228,2026-02-28,Primary conflict event specified in the approved research design,CONFIRMATORY,113,8,-0.005152320786140687,0.008192694487891814,-0.005510428550823962,0.00911456373763334,0.0028965549142889752,-0.028756036437024547,0.0032224849132187696,-0.09016499536061298
EVT_PRIMARY_20260228,2026-02-28,Primary conflict event specified in the approved research design,CONFIRMATORY,114,8,-0.0005635904305877125,0.016314998300482785,0.00032496710315292523,0.013963328581298728,0.0057682229666591875,-0.02931962686761226,0.004936782163886132,-0.08984002825746007
EVT_PRIMARY_20260228,2026-02-28,Primary conflict event specified in the approved research design,CONFIRMATORY,115,8,0.006190275405834687,0.010597104768360906,0.005715617628722425,0.009235094124055383,0.003746642321326147,-0.023129351461777574,0.0032650988400078,-0.08412441062873764
EVT_PRIMARY_20260228,2026-02-28,Primary conflict event specified in the approved research design,CONFIRMATORY,116,8,0.0109262591438449,0.016632955538284776,0.009105035240170138,0.017462926730053948,0.005880637826147753,-0.012203092317932674,0.006174076955092484,-0.0750193753885675
EVT_PRIMARY_20260228,2026-02-28,Primary conflict event specified in the approved research design,CONFIRMATORY,117,7,0.016674754819425958,0.0131171459557738,0.014027943640554,0.011422259690543852,0.0049578151585591606,0.004471662501493284,0.004317208364510945,-0.0609914317480135
EVT_PRIMARY_20260228,2026-02-28,Primary conflict event specified in the approved research design,CONFIRMATORY,118,3,-0.0014888754556937663,0.010317427103569062,-0.003017043664864233,0.008777172573663563,0.005956769315589939,0.0029827870457995176,0.005067502948128458,-0.06400847541287773
EVT_PRIMARY_20260228,2026-02-28,Primary conflict event specified in the approved research design,EXPLORATORY,0,37,0.02350831211122496,0.028962660168568313,0.021237980185116304,0.027836254689869135,0.004761432001381839,0.02350831211122496,0.004576252081388488,0.021237980185116304
EVT_PRIMARY_20260228,2026-02-28,Primary conflict event specified in the approved research design,EXPLORATORY,1,37,0.01154380714163839,0.024290225765606976,0.009498675287411225,0.025340404464628704,0.003993288517284284,0.03505211925286335,0.004165936831893114,0.03073665547252753
EVT_PRIMARY_20260228,2026-02-28,Primary conflict event specified in the approved research design,EXPLORATORY,2,37,-0.0033384923716935464,0.018864643820783907,-0.0035690249250138486,0.01710988020516752,0.0031013283400131405,0.031713626881169805,0.002812846978645519,0.027167630547513682
EVT_PRIMARY_20260228,2026-02-28,Primary conflict event specified in the approved research design,EXPLORATORY,3,37,-0.0011131194327634,0.02398110480295722,-0.0021711737317646916,0.02458634118845847,0.003942469344069807,0.030600507448406405,0.004041969592926567,0.02499645681574899
EVT_PRIMARY_20260228,2026-02-28,Primary conflict event specified in the approved research design,EXPLORATORY,4,37,0.0062996988777392834,0.024173682659317332,0.005568987740764484,0.02332219896324266,0.003974128948632846,0.036900206326145685,0.0038341458912911474,0.03056544455651347
EVT_PRIMARY_20260228,2026-02-28,Primary conflict event specified in the approved research design,EXPLORATORY,5,37,0.008899626253927862,0.021138779498460776,0.008338591111894543,0.020240951443464987,0.0034751939424182,0.04579983258007355,0.003327591919402554,0.03890403566840801
EVT_PRIMARY_20260228,2026-02-28,Primary conflict event specified in the approved research design,EXPLORATORY,6,37,-0.008405550006711542,0.022525886450399605,-0.00806877006373882,0.022297138988395214,0.0037032329206011646,0.037394282573362005,0.003665627069498972,0.030835265604669197
EVT_PRIMARY_20260228,2026-02-28,Primary conflict event specified in the approved research design,EXPLORATORY,7,37,0.010389831194504224,0.018540158847115913,0.009771034189370906,0.01843387730950807,0.003047983338946317,0.04778411376786623,0.0030305107617943313,0.0406062997940401
EVT_PRIMARY_20260228,2026-02-28,Primary conflict event specified in the approved research design,EXPLORATORY,8,37,0.01372587813349388,0.020017269278433895,0.012679828664489686,0.018695178409163668,0.0032908187979931725,0.06150999190136011,0.0030734683979594876,0.053286128458529786
EVT_PRIMARY_20260228,2026-02-28,Primary conflict event specified in the approved research design,EXPLORATORY,9,37,0.005031736928447009,0.01420290269686665,0.0037391568587065785,0.013031761841622861,0.0023349428201614054,0.06654172882980712,0.0021424084495673965,0.05702528531723637
EVT_PRIMARY_20260228,2026-02-28,Primary conflict event specified in the approved research design,EXPLORATORY,10,37,-0.001053004421731363,0.015051557991714285,-0.0014999244028160135,0.014911948657887208,0.002474460891205686,0.06548872440807575,0.002451509258106139,0.055525360914420355
EVT_PRIMARY_20260228,2026-02-28,Primary conflict event specified in the approved research design,EXPLORATORY,11,37,0.0012127875081123676,0.01612828918041156,0.0010805348920909406,0.015861706598419404,0.002651474408227612,0.06670151191618812,0.002607648501714854,0.05660589580651129
EVT_PRIMARY_20260228,2026-02-28,Primary conflict event specified in the approved research design,EXPLORATORY,12,37,0.004621240730390754,0.01506044914158818,0.003999312751989665,0.016597636426656168,0.0024759225872409345,0.07132275264657888,0.002728634620204783,0.06060520855850096
EVT_PRIMARY_20260228,2026-02-28,Primary conflict event specified in the approved research design,EXPLORATORY,13,37,0.01802967711015775,0.026901534056341936,0.01666940384971006,0.026393024244410406,0.004422584955823195,0.08935242975673663,0.004338986457706814,0.07727461240821101
EVT_PRIMARY_20260228,2026-02-28,Primary conflict event specified in the approved research design,EXPLORATORY,14,37,0.0012050427498322108,0.015392339191822556,-0.00016908357323568117,0.016149237520732756,0.00253048497539619,0.09055747250656884,0.002654918294162144,0.07710552883497535
EVT_PRIMARY_20260228,2026-02-28,Primary conflict event specified in the approved research design,EXPLORATORY,15,37,-0.005429188517822405,0.02320456080930572,-0.005383198522561824,0.019756298225426256,0.0038148062979154423,0.08512828398874643,0.003247915421162704,0.07172233031241351
EVT_PRIMARY_20260228,2026-02-28,Primary conflict event specified in the approved research design,EXPLORATORY,16,37,0.0005832800208623705,0.023419249687097167,0.0002563264451920841,0.022525423751564945,0.00385010093201008,0.0857115640096088,0.003703156853381319,0.0719786567576056
EVT_PRIMARY_20260228,2026-02-28,Primary conflict event specified in the approved research design,EXPLORATORY,17,37,-0.00380535867467792,0.013721489985681394,-0.0038153204179721947,0.014408866525267247,0.002255799057966623,0.08190620533493088,0.002368803064971998,0.06816333633963341
EVT_PRIMARY_20260228,2026-02-28,Primary conflict event specified in the approved research design,EXPLORATORY,18,37,0.011569768114488682,0.022170018149322557,0.01032817744795007,0.019774300370873858,0.00364472853229002,0.09347597344941956,0.0032508749556436132,0.07849151378758347
EVT_PRIMARY_20260228,2026-02-28,Primary conflict event specified in the approved research design,EXPLORATORY,19,37,0.002599973724080465,0.015859801324033706,0.0013460755097365973,0.014604350488372048,0.002607335276535306,0.09607594717350003,0.002400940430540865,0.07983758929732007
EVT_PRIMARY_20260228,2026-02-28,Primary conflict event specified in the approved research design,EXPLORATORY,20,37,0.0016885824749544593,0.018538134408765818,0.0010264859439200406,0.01909785345454244,0.003047650523331699,0.09776452964845449,0.0031396677676328965,0.0808640752412401
EVT_PRIMARY_20260228,2026-02-28,Primary conflict event specified in the approved research design,EXPLORATORY,21,37,-0.0032576514519674486,0.023243022340771118,-0.003507697777512833,0.017374678369745763,0.003821129334738567,0.09450687819648704,0.0028563795287425,0.07735637746372728
EVT_PRIMARY_20260228,2026-02-28,Primary conflict event specified in the approved research design,EXPLORATORY,22,37,-0.008548604408867733,0.027336303763670494,-0.007613222639251748,0.027055716435962142,0.004494060655419057,0.0859582737876193,0.004447932382893087,0.06974315482447553
EVT_PRIMARY_20260228,2026-02-28,Primary conflict event specified in the approved research design,EXPLORATORY,23,37,0.004927102260676415,0.013133896961549674,0.004194316894066105,0.012057089808108584,0.0021591993598516755,0.09088537604829572,0.0019821733543027957,0.07393747171854163
EVT_PRIMARY_20260228,2026-02-28,Primary conflict event specified in the approved research design,EXPLORATORY,24,37,-0.0071762073760025585,0.01970161798355891,-0.007276952508637871,0.016988266352010572,0.0032389260447741003,0.08370916867229317,0.0027928537843442147,0.06666051920990376
EVT_PRIMARY_20260228,2026-02-28,Primary conflict event specified in the approved research design,EXPLORATORY,25,37,-0.0039006613188443382,0.028352814757624464,-0.002568348630723078,0.024927401967363857,0.004661174033409851,0.07980850735344883,0.004098039639588189,0.06409217057918068
EVT_PRIMARY_20260228,2026-02-28,Primary conflict event specified in the approved research design,EXPLORATORY,26,37,-0.0130381568081435,0.034222114499208645,-0.013665497933317944,0.03515960898934676,0.005626080967117886,0.06677035054530532,0.005780204111900944,0.050426672645862744
EVT_PRIMARY_20260228,2026-02-28,Primary conflict event specified in the approved research design,EXPLORATORY,27,37,-0.007714788791538063,0.023347144110667854,-0.008346535449598638,0.02385286593941767,0.003838246848266032,0.05905556175376726,0.003921387004770715,0.042080137196264106
EVT_PRIMARY_20260228,2026-02-28,Primary conflict event specified in the approved research design,EXPLORATORY,28,37,0.0009298485250550246,0.01881113368155502,0.00035908715093875413,0.018029578456525364,0.003092531327313343,0.05998541027882229,0.0029640444397952565,0.042439224347202854
EVT_PRIMARY_20260228,2026-02-28,Primary conflict event specified in the approved research design,EXPLORATORY,29,37,-0.004763060354154457,0.017955432036959245,-0.0044234539557472755,0.016986295247039908,0.0029518548435062686,0.05522234992466783,0.0027925297366831647,0.03801577039145558
EVT_PRIMARY_20260228,2026-02-28,Primary conflict event specified in the approved research design,EXPLORATORY,30,37,-0.006679472279564189,0.017493488563601115,-0.007457767075583179,0.015945528779127367,0.002875911804293873,0.04854287764510364,0.0026214287833369694,0.0305580033158724
EVT_PRIMARY_20260228,2026-02-28,Primary conflict event specified in the approved research design,EXPLORATORY,31,37,-0.004452502676365549,0.018678304251994182,-0.004462460346563865,0.016145673954243975,0.003070694303609193,0.04409037496873809,0.002654332447440193,0.026095542969308536
EVT_PRIMARY_20260228,2026-02-28,Primary conflict event specified in the approved research design,EXPLORATORY,32,37,-0.00658430746285617,0.02590071448010078,-0.006029497386386862,0.024123894278371024,0.004258051231013772,0.037506067505881924,0.0039659437892257,0.020066045582921674
EVT_PRIMARY_20260228,2026-02-28,Primary conflict event specified in the approved research design,EXPLORATORY,33,37,-0.0014592401229271087,0.026199410346246052,-0.002694252563137769,0.024365355128117164,0.0043071565289203514,0.03604682738295481,0.004005639708397856,0.017371793019783907
EVT_PRIMARY_20260228,2026-02-28,Primary conflict event specified in the approved research design,EXPLORATORY,34,37,-0.00040894118938325665,0.016334873201860646,-0.0017015807865514185,0.017059387532588965,0.0026854366121473097,0.035637886193571555,0.0028045460344072637,0.015670212233232488
EVT_PRIMARY_20260228,2026-02-28,Primary conflict event specified in the approved research design,EXPLORATORY,35,37,0.00761996983947594,0.02288128922945655,0.006354717506638634,0.0237335048971964,0.003761660777563636,0.0432578560330475,0.003901764170305826,0.02202492973987112
EVT_PRIMARY_20260228,2026-02-28,Primary conflict event specified in the approved research design,EXPLORATORY,36,37,0.0006662418244163244,0.027846943048727726,0.00046491010232644085,0.02505559902830505,0.004578009236760797,0.043924097857463824,0.004119115106582445,0.022489839842197563
EVT_PRIMARY_20260228,2026-02-28,Primary conflict event specified in the approved research design,EXPLORATORY,37,37,0.004827200388172108,0.025633613714597044,0.003907263162197286,0.025301621472017102,0.004214140135656472,0.04875129824563593,0.0041595609471830955,0.026397103004394847
EVT_PRIMARY_20260228,2026-02-28,Primary conflict event specified in the approved research design,EXPLORATORY,38,37,-0.004309466070607697,0.017365887094704022,-0.0045661155386653805,0.015734116222123708,0.0028549342520285148,0.044441832175028236,0.0025866727730619317,0.02183098746572947
EVT_PRIMARY_20260228,2026-02-28,Primary conflict event specified in the approved research design,EXPLORATORY,39,37,0.0019752541877883596,0.017278570112832965,0.0012799699550865243,0.01672884642380202,0.0028405794286343526,0.04641708636281659,0.0027502054108599003,0.02311095742081599
EVT_PRIMARY_20260228,2026-02-28,Primary conflict event specified in the approved research design,EXPLORATORY,40,37,0.004165717877287106,0.015085011750025629,0.0029000005375231517,0.014652564830167863,0.002479960655193629,0.050582804240103696,0.0024088668195056916,0.026010957958339145
EVT_PRIMARY_20260228,2026-02-28,Primary conflict event specified in the approved research design,EXPLORATORY,41,37,0.005137436018599256,0.024634575927812617,0.005048573476080014,0.024943324602796482,0.004049899335229327,0.05572024025870295,0.004100657304728545,0.031059531434419158
EVT_PRIMARY_20260228,2026-02-28,Primary conflict event specified in the approved research design,EXPLORATORY,42,37,0.005004819701225224,0.028026149146628796,0.00337334265506095,0.029768890509953294,0.004607470537774678,0.060725059959928177,0.004893975453040383,0.034432874089480106
EVT_PRIMARY_20260228,2026-02-28,Primary conflict event specified in the approved research design,EXPLORATORY,43,37,-0.0015643301819421107,0.032396007611031244,-0.0015484991967808295,0.030804840286309455,0.005325870843990184,0.05916072977798607,0.005064284547172547,0.03288437489269928
EVT_PRIMARY_20260228,2026-02-28,Primary conflict event specified in the approved research design,EXPLORATORY,44,37,-0.008081273568072716,0.02906321965558275,-0.006557490909903922,0.02828589782682876,0.004777963879210959,0.05107945620991335,0.004650172957753455,0.026326883982795354
EVT_PRIMARY_20260228,2026-02-28,Primary conflict event specified in the approved research design,EXPLORATORY,45,37,-0.003171474314788712,0.019022677349186015,-0.003963683376665783,0.020639361740802435,0.0031273088920427397,0.04790798189512464,0.003393090168816857,0.022363200606129573
EVT_PRIMARY_20260228,2026-02-28,Primary conflict event specified in the approved research design,EXPLORATORY,46,37,-0.009072680569978257,0.02600990292866199,-0.010351009427060041,0.02398085337142613,0.004276001701382678,0.038835301325146385,0.003942428008980719,0.012012191179069532
EVT_PRIMARY_20260228,2026-02-28,Primary conflict event specified in the approved research design,EXPLORATORY,47,37,-0.0009886762801239618,0.022271625716356314,-0.001964449355561216,0.022391811522601748,0.0036614327134129308,0.037846625045022425,0.003681191138248158,0.010047741823508316
EVT_PRIMARY_20260228,2026-02-28,Primary conflict event specified in the approved research design,EXPLORATORY,48,37,-0.001138390823184676,0.017990271664121055,-0.002266053947458651,0.01726275526436911,0.0029575824429297665,0.03670823422183775,0.0028379794835625073,0.007781687876049665
EVT_PRIMARY_20260228,2026-02-28,Primary conflict event specified in the approved research design,EXPLORATORY,49,37,0.0020017266397925025,0.01892347796369604,0.0017249299839415435,0.018128671859654714,0.003111000613526874,0.03870996086163025,0.0029803352949183634,0.009506617859991209
EVT_PRIMARY_20260228,2026-02-28,Primary conflict event specified in the approved research design,EXPLORATORY,50,37,0.005064753998149382,0.01350661293260154,0.004917447868619863,0.012532038150455671,0.0022204734880451353,0.04377471485977963,0.0020602543808070153,0.01442406572861107
EVT_PRIMARY_20260228,2026-02-28,Primary conflict event specified in the approved research design,EXPLORATORY,51,37,0.0007435626494857711,0.018682067927829418,-0.0008368933036971379,0.01954340343474814,0.003071313048105051,0.0445182775092654,0.0032129157331726357,0.013587172424913934
EVT_PRIMARY_20260228,2026-02-28,Primary conflict event specified in the approved research design,EXPLORATORY,52,37,0.0015556161339021894,0.017519437195094398,0.001440993171894011,0.01685021521259641,0.0028801777330333283,0.04607389364316759,0.0027701583168281757,0.015028165596807945
EVT_PRIMARY_20260228,2026-02-28,Primary conflict event specified in the approved research design,EXPLORATORY,53,37,0.005313320661652202,0.02233316873236474,0.004585801204246259,0.022423302824109315,0.0036715503229204334,0.051387214304819795,0.0036863682763249297,0.019613966801054206
EVT_PRIMARY_20260228,2026-02-28,Primary conflict event specified in the approved research design,EXPLORATORY,54,37,0.0004301842527448486,0.020982901851447768,0.000878137791072594,0.021173154077959732,0.0034495678151057196,0.05181739855756464,0.003480845088476876,0.0204921045921268
EVT_PRIMARY_20260228,2026-02-28,Primary conflict event specified in the approved research design,EXPLORATORY,55,37,0.002016235050750716,0.0164579678885564,0.001438103059324027,0.01587954916776078,0.0027056732539827615,0.053833633608315355,0.0026105818020455015,0.021930207651450824
EVT_PRIMARY_20260228,2026-02-28,Primary conflict event specified in the approved research design,EXPLORATORY,56,37,-0.006977179677467243,0.020587609329509027,-0.007294598111770373,0.01902419233026479,0.0033845821248096103,0.04685645393084811,0.0031275579533978767,0.014635609539680452
EVT_PRIMARY_20260228,2026-02-28,Primary conflict event specified in the approved research design,EXPLORATORY,57,37,-0.004118071197072544,0.01490126083014353,-0.004093305015937081,0.01456616755654903,0.002449752190048584,0.04273838273377557,0.0023946631952168115,0.01054230452374337
EVT_PRIMARY_20260228,2026-02-28,Primary conflict event specified in the approved research design,EXPLORATORY,58,37,-0.00013670054309966492,0.015085306149668857,-0.0008342732206571218,0.01551719103594638,0.002480009054196839,0.04260168219067591,0.002551010492133353,0.00970803130308625
EVT_PRIMARY_20260228,2026-02-28,Primary conflict event specified in the approved research design,EXPLORATORY,59,37,-0.0034816666945458566,0.019652243495615968,-0.0036445254402032484,0.018981042900961483,0.00323080892895756,0.03912001549613005,0.003120464230917609,0.0060635058628830014
EVT_PRIMARY_20260228,2026-02-28,Primary conflict event specified in the approved research design,EXPLORATORY,60,37,-0.0014680285385261433,0.015350737426144954,-0.0020797030864881405,0.015671475803765704,0.0025236456872486774,0.037651986957603904,0.002576374751719492,0.0039838027763948606
EVT_PRIMARY_20260228,2026-02-28,Primary conflict event specified in the approved research design,EXPLORATORY,61,37,0.0005859816053903489,0.02310237507108011,0.0004068952749415349,0.02247239182270406,0.0037980070660341017,0.03823796856299425,0.0036944384579817397,0.004390698051336395
EVT_PRIMARY_20260228,2026-02-28,Primary conflict event specified in the approved research design,EXPLORATORY,62,37,-0.0003002443164397029,0.02971499258845601,-0.001138118964592527,0.02903232843066251,0.0048851146893283655,0.037937724246554554,0.004772885393117449,0.0032525790867438684
EVT_PRIMARY_20260228,2026-02-28,Primary conflict event specified in the approved research design,EXPLORATORY,63,37,-0.0017463297247708918,0.02621591180130276,-0.002181277752277746,0.025384550348167497,0.004309869351420739,0.03619139452178366,0.004173194370440591,0.0010713013344661225
EVT_PRIMARY_20260228,2026-02-28,Primary conflict event specified in the approved research design,EXPLORATORY,64,37,0.00539325522189547,0.022943079435357006,0.004442163638047956,0.022668502273937515,0.0037718190248390605,0.041584649743679133,0.0037266788175645167,0.005513464972514079
EVT_PRIMARY_20260228,2026-02-28,Primary conflict event specified in the approved research design,EXPLORATORY,65,37,0.0008729755478028274,0.021330512118798155,0.000881132329071049,0.020459526526043183,0.003506714591035068,0.042457625291481955,0.0033635254416285944,0.006394597301585128
EVT_PRIMARY_20260228,2026-02-28,Primary conflict event specified in the approved research design,EXPLORATORY,66,37,0.00735156854700315,0.01634472703510412,0.0066966073607933,0.01630382840477027,0.0026870565723536126,0.04980919383848511,0.002680332878944551,0.013091204662378429
EVT_PRIMARY_20260228,2026-02-28,Primary conflict event specified in the approved research design,EXPLORATORY,67,37,0.0015882840506584272,0.024667211662597513,0.00016010163745981592,0.01909805187332423,0.00405526461697793,0.051397477889143534,0.003139700387479685,0.013251306299838244
EVT_PRIMARY_20260228,2026-02-28,Primary conflict event specified in the approved research design,EXPLORATORY,68,37,-0.005316194100457246,0.01685330368093627,-0.005609124319275549,0.01661230713184408,0.002770666057895573,0.04608128378868629,0.0027310464692807315,0.007642181980562695
EVT_PRIMARY_20260228,2026-02-28,Primary conflict event specified in the approved research design,EXPLORATORY,69,37,-0.0027887673307231,0.01702190953592635,-0.0032346091177342675,0.015600011880568745,0.0027983846897096966,0.04329251645796319,0.002564626155117044,0.004407572862828427
EVT_PRIMARY_20260228,2026-02-28,Primary conflict event specified in the approved research design,EXPLORATORY,70,37,0.0034482855243577757,0.026438294493086205,0.0033720867636782754,0.024342496184912053,0.004346428840744177,0.046740801982320966,0.004001881721284065,0.007779659626506703
EVT_PRIMARY_20260228,2026-02-28,Primary conflict event specified in the approved research design,EXPLORATORY,71,37,-0.008858034923543603,0.02461650161920274,-0.009264573891192016,0.02204798600676538,0.004046927937197619,0.03788276705877736,0.003624666571634917,-0.001484914264685313
EVT_PRIMARY_20260228,2026-02-28,Primary conflict event specified in the approved research design,EXPLORATORY,72,37,-0.004371365571343068,0.017342684088398858,-0.004394414726031659,0.017226354102268106,0.002851119701289506,0.03351140148743429,0.002831995169376364,-0.0058793289907169725
EVT_PRIMARY_20260228,2026-02-28,Primary conflict event specified in the approved research design,EXPLORATORY,73,37,-0.01027344887231411,0.0209234395379365,-0.01076712644508109,0.0171609741100003,0.0034397922709816335,0.023237952615120183,0.0028212467648575045,-0.016646455435798062
EVT_PRIMARY_20260228,2026-02-28,Primary conflict event specified in the approved research design,EXPLORATORY,74,37,0.0015737079360879215,0.013953738704084825,0.0006677381984485891,0.013426848025740467,0.002293980512075114,0.024811660551208106,0.0022073602181346685,-0.015978717237349473
EVT_PRIMARY_20260228,2026-02-28,Primary conflict event specified in the approved research design,EXPLORATORY,75,37,0.0022688824095827976,0.020635683351388177,0.0013820338303467462,0.02198652954347894,0.003392485445322238,0.027080542960790904,0.0036145631913072577,-0.014596683407002728
EVT_PRIMARY_20260228,2026-02-28,Primary conflict event specified in the approved research design,EXPLORATORY,76,37,-0.008089327033848865,0.021288614905785996,-0.008359205960321333,0.019684046378928278,0.0034998267316449522,0.018991215926942036,0.003236037290767494,-0.02295588936732406
EVT_PRIMARY_20260228,2026-02-28,Primary conflict event specified in the approved research design,EXPLORATORY,77,37,3.290276945173511e-05,0.017459698298183716,-0.0008202711966738864,0.01748202704525316,0.0028703567188784734,0.019024118696393772,0.002874027542284487,-0.023776160563997947
EVT_PRIMARY_20260228,2026-02-28,Primary conflict event specified in the approved research design,EXPLORATORY,78,37,0.0021772903092119895,0.024195261451314412,0.0006861129460529272,0.022188926364917715,0.0039776764801844385,0.021201409005605763,0.0036478370237856155,-0.02309004761794502
EVT_PRIMARY_20260228,2026-02-28,Primary conflict event specified in the approved research design,EXPLORATORY,79,37,-0.0026112840276395917,0.017063374229255086,-0.0031729897047000676,0.016477626917317148,0.0028052014433018677,0.01859012497796617,0.0027089051784024354,-0.026263037322645087
EVT_PRIMARY_20260228,2026-02-28,Primary conflict event specified in the approved research design,EXPLORATORY,80,37,0.0017364278980037473,0.0380904896751851,0.0013166393069809486,0.03821506565609573,0.006262037928565598,0.02032655287596992,0.006282518093669878,-0.024946398015664138
EVT_PRIMARY_20260228,2026-02-28,Primary conflict event specified in the approved research design,EXPLORATORY,81,37,0.0021690134472614297,0.025152491002120896,0.0013602350471475487,0.025557665472614455,0.0041350440489557865,0.022495566323231346,0.0042016543215869125,-0.02358616296851659
EVT_PRIMARY_20260228,2026-02-28,Primary conflict event specified in the approved research design,EXPLORATORY,82,37,0.0013324360728601188,0.01846754381447824,0.0010999230844579838,0.016398804216468995,0.003036045501117538,0.023828002396091466,0.002695946806206326,-0.022486239884058606
EVT_PRIMARY_20260228,2026-02-28,Primary conflict event specified in the approved research design,EXPLORATORY,83,37,0.0002765102488206539,0.022304084510467625,0.00030642351259206775,0.021682623552915628,0.0036667689062939834,0.02410451264491212,0.0035646013542226175,-0.02217981637146654
EVT_PRIMARY_20260228,2026-02-28,Primary conflict event specified in the approved research design,EXPLORATORY,84,37,0.004144935962052673,0.025898668267590286,0.003459753936066416,0.026574867201129917,0.0042577148357492356,0.028249448606964794,0.004368881255640113,-0.01872006243540012
EVT_PRIMARY_20260228,2026-02-28,Primary conflict event specified in the approved research design,EXPLORATORY,85,37,0.009002188335750378,0.02344194834941649,0.00927478744498324,0.0246420469830462,0.003853832569108563,0.037251636942715174,0.004051127569143831,-0.00944527499041688
EVT_PRIMARY_20260228,2026-02-28,Primary conflict event specified in the approved research design,EXPLORATORY,86,37,-0.00032648432032365143,0.01600171198973887,-0.0005130134768752976,0.014045308975822755,0.002630665246265064,0.036925152622391516,0.002309034572016106,-0.009958288467292178
EVT_PRIMARY_20260228,2026-02-28,Primary conflict event specified in the approved research design,EXPLORATORY,87,37,0.0017170369517850621,0.022048585692333634,0.0011360251380082946,0.021323667978694158,0.00362476515933504,0.03864218957417658,0.003505589421332995,-0.008822263329283883
EVT_PRIMARY_20260228,2026-02-28,Primary conflict event specified in the approved research design,EXPLORATORY,88,37,0.007218103331259465,0.02081731850242352,0.006240086312366069,0.021744689325048576,0.003422346080211504,0.04586029290543605,0.0035748049043075993,-0.002582177016917814
EVT_PRIMARY_20260228,2026-02-28,Primary conflict event specified in the approved research design,EXPLORATORY,89,37,-0.002456945785041339,0.023305761698670817,-0.0038603654677788974,0.021525554877964287,0.003831443621641466,0.04340334712039471,0.003538779423123223,-0.0064425424846967115
EVT_PRIMARY_20260228,2026-02-28,Primary conflict event specified in the approved research design,EXPLORATORY,90,36,0.0007922062753517113,0.02175393552749215,0.001135303088750119,0.021824397528212615,0.0036256559212486917,0.04419555339574642,0.003637399588035436,-0.005307239395946592
EVT_PRIMARY_20260228,2026-02-28,Primary conflict event specified in the approved research design,EXPLORATORY,91,36,0.003628716986076514,0.02101786124746242,0.0031097758235994638,0.02070948771690284,0.00350297687457707,0.047824270381822936,0.0034515812861504735,-0.0021974635723471287
EVT_PRIMARY_20260228,2026-02-28,Primary conflict event specified in the approved research design,EXPLORATORY,92,36,0.009926289122179998,0.02723597028009658,0.00984266714411208,0.026137253131521144,0.004539328380016096,0.05775055950400293,0.004356208855253524,0.007645203571764951
EVT_PRIMARY_20260228,2026-02-28,Primary conflict event specified in the approved research design,EXPLORATORY,93,36,-0.0010716071353045363,0.019421893567608525,-0.0009526166037649623,0.019785079900324683,0.0032369822612680877,0.056678952368698396,0.0032975133167207804,0.006692586967999989
EVT_PRIMARY_20260228,2026-02-28,Primary conflict event specified in the approved research design,EXPLORATORY,94,35,0.0038420725906752446,0.019440079483587273,0.003662258395693769,0.0193001144674185,0.0032859731775628656,0.06052102495937364,0.0032623147717772286,0.010354845363693757
EVT_PRIMARY_20260228,2026-02-28,Primary conflict event specified in the approved research design,EXPLORATORY,95,34,0.008627662540832897,0.01708261638928397,0.0079068401957711,0.01678502556704934,0.002929644541294434,0.06914868750020653,0.002878608136329799,0.018261685559464856
EVT_PRIMARY_20260228,2026-02-28,Primary conflict event specified in the approved research design,EXPLORATORY,96,34,0.0018923039181519502,0.016797756002635434,0.0011813506584174294,0.016324643696309954,0.0028807913880210616,0.07104099141835848,0.0027996532968727326,0.019443036217882285
EVT_PRIMARY_20260228,2026-02-28,Primary conflict event specified in the approved research design,EXPLORATORY,97,34,-0.001326514911766497,0.018585826310439604,-0.0021065721082373563,0.01959295582887277,0.0031874429159448074,0.06971447650659199,0.0033601642034113517,0.01733646410964493
EVT_PRIMARY_20260228,2026-02-28,Primary conflict event specified in the approved research design,EXPLORATORY,98,34,-0.0009493985576787159,0.023386599033058585,-0.00113969702333175,0.023507565153171508,0.0040107686454647126,0.06876507794891328,0.004031514163914257,0.01619676708631318
EVT_PRIMARY_20260228,2026-02-28,Primary conflict event specified in the approved research design,EXPLORATORY,99,34,0.0060542271977883436,0.023125191849907745,0.006147302795533812,0.021466040625335053,0.003965937683408255,0.07481930514670161,0.0036813955958565773,0.022344069881846992
EVT_PRIMARY_20260228,2026-02-28,Primary conflict event specified in the approved research design,EXPLORATORY,100,34,0.004432740209224027,0.018973439450013545,0.003312704783878785,0.018216841251075887,0.003253918020964384,0.07925204535592564,0.003124162500325205,0.025656774665725777
EVT_PRIMARY_20260228,2026-02-28,Primary conflict event specified in the approved research design,EXPLORATORY,101,34,-0.002812581117635947,0.026042574175072348,-0.0028650833953607012,0.025587164612755856,0.004466264624493747,0.07643946423828969,0.004388162528896099,0.022791691270365077
EVT_PRIMARY_20260228,2026-02-28,Primary conflict event specified in the approved research design,EXPLORATORY,102,34,-0.008861432047343605,0.027299809188831785,-0.008939994592683189,0.028252855286736794,0.004681878650545113,0.06757803219094609,0.004845324707911411,0.013851696677681886
EVT_PRIMARY_20260228,2026-02-28,Primary conflict event specified in the approved research design,EXPLORATORY,103,34,0.0014639962838641444,0.023040801882401575,0.0013775938976704739,0.02169853777495726,0.003951464923380724,0.06904202847481024,0.0037212685280664515,0.01522929057535236
EVT_PRIMARY_20260228,2026-02-28,Primary conflict event specified in the approved research design,EXPLORATORY,104,34,0.00012294182124659308,0.026710261247859916,-0.0012238391651019016,0.024143580533629957,0.004580772012794758,0.06916497029605682,0.004140589901791756,0.014005451410250459
EVT_PRIMARY_20260228,2026-02-28,Primary conflict event specified in the approved research design,EXPLORATORY,105,34,-0.006114474571484988,0.026519773833465748,-0.005858353973394977,0.025966007765355747,0.004548103690738704,0.06305049572457185,0.004453133593557908,0.008147097436855481
EVT_PRIMARY_20260228,2026-02-28,Primary conflict event specified in the approved research design,EXPLORATORY,106,34,-0.003578079428292038,0.019977962045744722,-0.004225091861322298,0.017764896541419023,0.003426192224875961,0.059472416296279806,0.003046654622056411,0.003922005575533185
EVT_PRIMARY_20260228,2026-02-28,Primary conflict event specified in the approved research design,EXPLORATORY,107,34,-0.0018438990608631361,0.05356227204822222,-0.0019235511956510617,0.04902398017170986,0.009185853873288258,0.05762851723541667,0.00840754323750265,0.001998454379882123
EVT_PRIMARY_20260228,2026-02-28,Primary conflict event specified in the approved research design,EXPLORATORY,108,34,-0.005789164514705146,0.02051547626510313,-0.006128828059851656,0.020409275505328287,0.0035183751529899083,0.05183935272071152,0.0035001618729474633,-0.0041303736799695335
EVT_PRIMARY_20260228,2026-02-28,Primary conflict event specified in the approved research design,EXPLORATORY,109,34,0.0034338049586879523,0.015837895225185538,0.002939000604916394,0.015217643747895956,0.002716176622754616,0.05527315767939947,0.002609804371966902,-0.0011913730750531394
EVT_PRIMARY_20260228,2026-02-28,Primary conflict event specified in the approved research design,EXPLORATORY,110,34,0.0019970588016991592,0.01996432795690799,0.0017264445782346916,0.01826205106960565,0.0034238539979307542,0.05727021648109863,0.0031319159202376086,0.0005350715031815522
EVT_PRIMARY_20260228,2026-02-28,Primary conflict event specified in the approved research design,EXPLORATORY,111,34,0.010090480576621787,0.02382224150896215,0.009755322773934285,0.023961582278041325,0.004085480713710153,0.06736069705772042,0.004109377458459901,0.010290394277115837
EVT_PRIMARY_20260228,2026-02-28,Primary conflict event specified in the approved research design,EXPLORATORY,112,33,0.0049853624913367214,0.01589295815784768,0.004322164336201143,0.015863543849457453,0.00276660890232011,0.07234605954905714,0.0027614885284639812,0.01461255861331698
EVT_PRIMARY_20260228,2026-02-28,Primary conflict event specified in the approved research design,EXPLORATORY,113,33,0.002850013693164097,0.012234754699487314,0.0024573223394167153,0.012191524469226276,0.00212979741927971,0.07519607324222125,0.0021222720021294435,0.017069880952733697
EVT_PRIMARY_20260228,2026-02-28,Primary conflict event specified in the approved research design,EXPLORATORY,114,33,0.000823219029040691,0.014306420071208541,0.00017276873201858587,0.01303997248809413,0.0024904280711135307,0.07601929227126193,0.0022699678444542152,0.01724264968475228
EVT_PRIMARY_20260228,2026-02-28,Primary conflict event specified in the approved research design,EXPLORATORY,115,32,0.000814630425506197,0.013523553341858676,0.00015904523607077495,0.013388935576649608,0.0023906490684415665,0.07683392269676813,0.002366851784779689,0.017401694920823055
EVT_PRIMARY_20260228,2026-02-28,Primary conflict event specified in the approved research design,EXPLORATORY,116,32,0.0034832486304030717,0.014007593295964906,0.002801556587324972,0.014388536600351663,0.0024762160519200016,0.0803171713271712,0.0025435579503648733,0.02020325150814803
EVT_PRIMARY_20260228,2026-02-28,Primary conflict event specified in the approved research design,EXPLORATORY,117,31,0.006372374204997651,0.02146195307596864,0.0052837454761808424,0.020433192112214487,0.0038546805642938184,0.08668954553216884,0.003669909640685398,0.02548699698432887
EVT_PRIMARY_20260228,2026-02-28,Primary conflict event specified in the approved research design,EXPLORATORY,118,9,0.012250779337316177,0.012630697069317545,0.010558952480655711,0.013947334717091342,0.0042102323564391815,0.09894032486948502,0.0046491115723637805,0.03604594946498458
EVT_PRIMARY_20260228,2026-02-28,Primary conflict event specified in the approved research design,POST_HOC_EXPLORATORY,0,1,-0.020609297598939,,-0.0202358783256766,,,-0.020609297598939,,-0.0202358783256766
EVT_PRIMARY_20260228,2026-02-28,Primary conflict event specified in the approved research design,POST_HOC_EXPLORATORY,1,1,0.0055558186501164,,0.0057482261450764,,,-0.015053478948822602,,-0.014487652180600198
EVT_PRIMARY_20260228,2026-02-28,Primary conflict event specified in the approved research design,POST_HOC_EXPLORATORY,2,1,-0.0036458522784781,,-0.0023913467217212,,,-0.018699331227300702,,-0.016878998902321397
EVT_PRIMARY_20260228,2026-02-28,Primary conflict event specified in the approved research design,POST_HOC_EXPLORATORY,3,1,0.0004055812480071,,0.0009729557143449,,,-0.018293749979293603,,-0.0159060431879765
EVT_PRIMARY_20260228,2026-02-28,Primary conflict event specified in the approved research design,POST_HOC_EXPLORATORY,4,1,-0.020319684355886,,-0.0196158125648999,,,-0.0386134343351796,,-0.035521855752876405
EVT_PRIMARY_20260228,2026-02-28,Primary conflict event specified in the approved research design,POST_HOC_EXPLORATORY,5,1,-0.0142054069382592,,-0.0134659687776211,,,-0.052818841273438805,,-0.0489878245304975
EVT_PRIMARY_20260228,2026-02-28,Primary conflict event specified in the approved research design,POST_HOC_EXPLORATORY,6,1,0.0018653174614988,,0.0032521951820152,,,-0.05095352381194,,-0.0457356293484823
EVT_PRIMARY_20260228,2026-02-28,Primary conflict event specified in the approved research design,POST_HOC_EXPLORATORY,7,1,0.0317227244104599,,0.0323390058225667,,,-0.0192307994014801,,-0.013396623525915599
EVT_PRIMARY_20260228,2026-02-28,Primary conflict event specified in the approved research design,POST_HOC_EXPLORATORY,8,1,0.0032034270101319,,0.0040570053013377,,,-0.0160273723913482,,-0.009339618224577899
EVT_PRIMARY_20260228,2026-02-28,Primary conflict event specified in the approved research design,POST_HOC_EXPLORATORY,9,1,-0.0212815737732002,,-0.02050800233577,,,-0.0373089461645484,,-0.0298476205603479
EVT_PRIMARY_20260228,2026-02-28,Primary conflict event specified in the approved research design,POST_HOC_EXPLORATORY,10,1,-0.0192952256921026,,-0.0182959502052232,,,-0.056604171856650995,,-0.0481435707655711
EVT_PRIMARY_20260228,2026-02-28,Primary conflict event specified in the approved research design,POST_HOC_EXPLORATORY,11,1,-0.0003793572059482,,0.0006630645670535,,,-0.0569835290625992,,-0.0474805061985176
EVT_PRIMARY_20260228,2026-02-28,Primary conflict event specified in the approved research design,POST_HOC_EXPLORATORY,12,1,0.0096359484852592,,0.0103357183763009,,,-0.047347580577339995,,-0.037144787822216696
EVT_PRIMARY_20260228,2026-02-28,Primary conflict event specified in the approved research design,POST_HOC_EXPLORATORY,13,1,-0.0006599677467952,,-0.0003405942099021,,,-0.0480075483241352,,-0.0374853820321188
EVT_PRIMARY_20260228,2026-02-28,Primary conflict event specified in the approved research design,POST_HOC_EXPLORATORY,14,1,0.0143987187922473,,0.0148837676781637,,,-0.0336088295318879,,-0.0226016143539551
EVT_PRIMARY_20260228,2026-02-28,Primary conflict event specified in the approved research design,POST_HOC_EXPLORATORY,15,1,-0.0007339722048833,,0.0004138928396936,,,-0.0343428017367712,,-0.022187721514261502
EVT_PRIMARY_20260228,2026-02-28,Primary conflict event specified in the approved research design,POST_HOC_EXPLORATORY,16,1,0.0104072475515462,,0.0112891677299479,,,-0.023935554185225,,-0.0108985537843136
EVT_PRIMARY_20260228,2026-02-28,Primary conflict event specified in the approved research design,POST_HOC_EXPLORATORY,17,1,-0.0006378058561622,,0.0005493161791799,,,-0.024573360041387198,,-0.0103492376051337
EVT_PRIMARY_20260228,2026-02-28,Primary conflict event specified in the approved research design,POST_HOC_EXPLORATORY,18,1,0.0044395338150486,,0.0050295905226823,,,-0.020133826226338598,,-0.0053196470824514
EVT_PRIMARY_20260228,2026-02-28,Primary conflict event specified in the approved research design,POST_HOC_EXPLORATORY,19,1,0.005950857276856,,0.0065651404724117,,,-0.014182968949482597,,0.0012454933899602996
EVT_PRIMARY_20260228,2026-02-28,Primary conflict event specified in the approved research design,POST_HOC_EXPLORATORY,20,1,-0.0123200313533318,,-0.0111818780382252,,,-0.026503000302814397,,-0.0099363846482649
EVT_PRIMARY_20260228,2026-02-28,Primary conflict event specified in the approved research design,POST_HOC_EXPLORATORY,21,1,-0.0040606120398904,,-0.0030569401658732,,,-0.0305636123427048,,-0.0129933248141381
EVT_PRIMARY_20260228,2026-02-28,Primary conflict event specified in the approved research design,POST_HOC_EXPLORATORY,22,1,-0.0058051656975421,,-0.0043486954482094,,,-0.036368778040246894,,-0.017342020262347498
EVT_PRIMARY_20260228,2026-02-28,Primary conflict event specified in the approved research design,POST_HOC_EXPLORATORY,23,1,-0.0049001417529974,,-0.0041179533565144,,,-0.0412689197932443,,-0.0214599736188619
EVT_PRIMARY_20260228,2026-02-28,Primary conflict event specified in the approved research design,POST_HOC_EXPLORATORY,24,1,-0.0055800859722567,,-0.0049008775664734,,,-0.046849005765500995,,-0.0263608511853353
EVT_PRIMARY_20260228,2026-02-28,Primary conflict event specified in the approved research design,POST_HOC_EXPLORATORY,25,1,0.0045795542733013,,0.0065131219463671,,,-0.0422694514921997,,-0.0198477292389682
EVT_PRIMARY_20260228,2026-02-28,Primary conflict event specified in the approved research design,POST_HOC_EXPLORATORY,26,1,-0.0031839162326612,,-0.002519551959577,,,-0.045453367724860895,,-0.0223672811985452
EVT_PRIMARY_20260228,2026-02-28,Primary conflict event specified in the approved research design,POST_HOC_EXPLORATORY,27,1,0.0012212741070252,,0.0021159100165321,,,-0.0442320936178357,,-0.0202513711820131
EVT_PRIMARY_20260228,2026-02-28,Primary conflict event specified in the approved research design,POST_HOC_EXPLORATORY,28,1,-0.0121621319150929,,-0.0113178362040988,,,-0.056394225532928596,,-0.0315692073861119
EVT_PRIMARY_20260228,2026-02-28,Primary conflict event specified in the approved research design,POST_HOC_EXPLORATORY,29,1,0.0105711021117989,,0.011728853770435,,,-0.045823123421129694,,-0.0198403536156769
EVT_PRIMARY_20260228,2026-02-28,Primary conflict event specified in the approved research design,POST_HOC_EXPLORATORY,30,1,0.001773653940521,,0.0026900676810944,,,-0.04404946948060869,,-0.0171502859345825
EVT_PRIMARY_20260228,2026-02-28,Primary conflict event specified in the approved research design,POST_HOC_EXPLORATORY,31,1,-0.0112105305814383,,-0.0102385331568174,,,-0.055260000062046996,,-0.0273888190913999
EVT_PRIMARY_20260228,2026-02-28,Primary conflict event specified in the approved research design,POST_HOC_EXPLORATORY,32,1,0.0072623645814626,,0.0086243878496641,,,-0.047997635480584395,,-0.0187644312417358
EVT_PRIMARY_20260228,2026-02-28,Primary conflict event specified in the approved research design,POST_HOC_EXPLORATORY,33,1,-0.009098401005901,,-0.0084371356512558,,,-0.057096036486485396,,-0.0272015668929916
EVT_PRIMARY_20260228,2026-02-28,Primary conflict event specified in the approved research design,POST_HOC_EXPLORATORY,34,1,-0.0026172458213525,,-0.0018433155741776,,,-0.059713282307837894,,-0.0290448824671692
EVT_PRIMARY_20260228,2026-02-28,Primary conflict event specified in the approved research design,POST_HOC_EXPLORATORY,35,1,-0.005579812602284,,-0.0047467073604292,,,-0.06529309491012189,,-0.033791589827598396
EVT_PRIMARY_20260228,2026-02-28,Primary conflict event specified in the approved research design,POST_HOC_EXPLORATORY,36,1,-0.0022135057789004,,-0.0013496694299033,,,-0.0675066006890223,,-0.0351412592575017
EVT_PRIMARY_20260228,2026-02-28,Primary conflict event specified in the approved research design,POST_HOC_EXPLORATORY,37,1,-0.0187498732967387,,-0.0178750766946609,,,-0.086256473985761,,-0.0530163359521626
EVT_PRIMARY_20260228,2026-02-28,Primary conflict event specified in the approved research design,POST_HOC_EXPLORATORY,38,1,0.0052582073245652,,0.0061168561418136,,,-0.08099826666119579,,-0.046899479810349
EVT_PRIMARY_20260228,2026-02-28,Primary conflict event specified in the approved research design,POST_HOC_EXPLORATORY,39,1,-0.0045767488605157,,-0.0037350378402693,,,-0.0855750155217115,,-0.0506345176506183
EVT_PRIMARY_20260228,2026-02-28,Primary conflict event specified in the approved research design,POST_HOC_EXPLORATORY,40,1,-0.0046884358922246,,-0.0038455358802489,,,-0.0902634514139361,,-0.0544800535308672
EVT_PRIMARY_20260228,2026-02-28,Primary conflict event specified in the approved research design,POST_HOC_EXPLORATORY,41,1,-0.0135337418757741,,-0.0123474634849019,,,-0.1037971932897102,,-0.0668275170157691
EVT_PRIMARY_20260228,2026-02-28,Primary conflict event specified in the approved research design,POST_HOC_EXPLORATORY,42,1,-0.0097763154184459,,-0.0091330970290613,,,-0.11357350870815609,,-0.0759606140448304
EVT_PRIMARY_20260228,2026-02-28,Primary conflict event specified in the approved research design,POST_HOC_EXPLORATORY,43,1,-0.008386603231957,,-0.00713874065728,,,-0.1219601119401131,,-0.0830993547021104
EVT_PRIMARY_20260228,2026-02-28,Primary conflict event specified in the approved research design,POST_HOC_EXPLORATORY,44,1,0.0180065200355716,,0.0193379835284688,,,-0.1039535919045415,,-0.0637613711736416
EVT_PRIMARY_20260228,2026-02-28,Primary conflict event specified in the approved research design,POST_HOC_EXPLORATORY,45,1,0.0135642375238426,,0.0142516994853271,,,-0.0903893543806989,,-0.049509671688314494
EVT_PRIMARY_20260228,2026-02-28,Primary conflict event specified in the approved research design,POST_HOC_EXPLORATORY,46,1,0.0104124131699826,,0.0110396225159802,,,-0.0799769412107163,,-0.03847004917233429
EVT_PRIMARY_20260228,2026-02-28,Primary conflict event specified in the approved research design,POST_HOC_EXPLORATORY,47,1,7.579245111388744e-05,,0.0009828548901993,,,-0.07990114875960241,,-0.037487194282135
EVT_PRIMARY_20260228,2026-02-28,Primary conflict event specified in the approved research design,POST_HOC_EXPLORATORY,48,1,0.0007234758261893,,0.0012879822710609,,,-0.07917767293341312,,-0.036199212011074094
EVT_PRIMARY_20260228,2026-02-28,Primary conflict event specified in the approved research design,POST_HOC_EXPLORATORY,49,1,-0.0070299043576955,,-0.0059770434823035,,,-0.0862075772911086,,-0.0421762554933776
EVT_PRIMARY_20260228,2026-02-28,Primary conflict event specified in the approved research design,POST_HOC_EXPLORATORY,50,1,0.0086998368427366,,0.0098683340508016,,,-0.07750774044837201,,-0.03230792144257599
EVT_PRIMARY_20260228,2026-02-28,Primary conflict event specified in the approved research design,POST_HOC_EXPLORATORY,51,1,0.0124219150411427,,0.0128953979690682,,,-0.0650858254072293,,-0.019412523473507796
EVT_PRIMARY_20260228,2026-02-28,Primary conflict event specified in the approved research design,POST_HOC_EXPLORATORY,52,1,-0.0188048006606331,,-0.0176017629037423,,,-0.0838906260678624,,-0.03701428637725009
EVT_PRIMARY_20260228,2026-02-28,Primary conflict event specified in the approved research design,POST_HOC_EXPLORATORY,53,1,-0.002700664788525,,-0.001725228066081,,,-0.0865912908563874,,-0.03873951444333109
EVT_PRIMARY_20260228,2026-02-28,Primary conflict event specified in the approved research design,POST_HOC_EXPLORATORY,54,1,-0.008785884229459,,-0.0076059232428073,,,-0.09537717508584641,,-0.04634543768613839
EVT_PRIMARY_20260228,2026-02-28,Primary conflict event specified in the approved research design,POST_HOC_EXPLORATORY,55,1,0.0091501629900104,,0.0099393234335906,,,-0.086227012095836,,-0.03640611425254779
EVT_PRIMARY_20260228,2026-02-28,Primary conflict event specified in the approved research design,POST_HOC_EXPLORATORY,56,1,-0.0026266184812346,,-0.0014946664674579,,,-0.0888536305770706,,-0.03790078072000569
EVT_PRIMARY_20260228,2026-02-28,Primary conflict event specified in the approved research design,POST_HOC_EXPLORATORY,57,1,-0.0080827374774652,,-0.0067733145676122,,,-0.0969363680545358,,-0.04467409528761789
EVT_PRIMARY_20260228,2026-02-28,Primary conflict event specified in the approved research design,POST_HOC_EXPLORATORY,58,1,0.0085834019345539,,0.0093158149049606,,,-0.0883529661199819,,-0.035358280382657294
EVT_PRIMARY_20260228,2026-02-28,Primary conflict event specified in the approved research design,POST_HOC_EXPLORATORY,59,1,0.025659409085855,,0.0265508934430435,,,-0.0626935570341269,,-0.00880738693961379
EVT_PRIMARY_20260228,2026-02-28,Primary conflict event specified in the approved research design,POST_HOC_EXPLORATORY,60,1,-0.0013414486684449,,-0.0005138324105753,,,-0.0640350057025718,,-0.00932121935018909
EVT_PRIMARY_20260228,2026-02-28,Primary conflict event specified in the approved research design,POST_HOC_EXPLORATORY,61,1,-0.0073744219111474,,-0.0064670000132769,,,-0.0714094276137192,,-0.01578821936346599
EVT_PRIMARY_20260228,2026-02-28,Primary conflict event specified in the approved research design,POST_HOC_EXPLORATORY,62,1,-0.0098023974502661,,-0.0089881350323714,,,-0.0812118250639853,,-0.02477635439583739
EVT_PRIMARY_20260228,2026-02-28,Primary conflict event specified in the approved research design,POST_HOC_EXPLORATORY,63,1,-0.0010628849837424,,-6.634261702011734e-05,,,-0.0822747100477277,,-0.024842697012857507
EVT_PRIMARY_20260228,2026-02-28,Primary conflict event specified in the approved research design,POST_HOC_EXPLORATORY,64,1,-0.0046967626411439,,-0.004067255719513,,,-0.0869714726888716,,-0.028909952732370507
EVT_PRIMARY_20260228,2026-02-28,Primary conflict event specified in the approved research design,POST_HOC_EXPLORATORY,65,1,-0.0180641892867614,,-0.0170437749969926,,,-0.10503566197563301,,-0.04595372772936311
EVT_PRIMARY_20260228,2026-02-28,Primary conflict event specified in the approved research design,POST_HOC_EXPLORATORY,66,1,-0.0003125313606343,,0.0004319903260479,,,-0.1053481933362673,,-0.045521737403315214
EVT_PRIMARY_20260228,2026-02-28,Primary conflict event specified in the approved research design,POST_HOC_EXPLORATORY,67,1,0.0063277513146364,,0.0071067764105584,,,-0.0990204420216309,,-0.03841496099275681
EVT_PRIMARY_20260228,2026-02-28,Primary conflict event specified in the approved research design,POST_HOC_EXPLORATORY,68,1,-0.0026151896405929,,-0.0018704277751407,,,-0.10163563166222381,,-0.040285388767897515
EVT_PRIMARY_20260228,2026-02-28,Primary conflict event specified in the approved research design,POST_HOC_EXPLORATORY,69,1,-0.0004273886083281,,0.0002704400543295,,,-0.1020630202705519,,-0.04001494871356801
EVT_PRIMARY_20260228,2026-02-28,Primary conflict event specified in the approved research design,POST_HOC_EXPLORATORY,70,1,-0.0137079851259283,,-0.0127985335598374,,,-0.1157710053964802,,-0.05281348227340541
EVT_PRIMARY_20260228,2026-02-28,Primary conflict event specified in the approved research design,POST_HOC_EXPLORATORY,71,1,0.0130387101604922,,0.0142962429162651,,,-0.10273229523598801,,-0.03851723935714031
EVT_PRIMARY_20260228,2026-02-28,Primary conflict event specified in the approved research design,POST_HOC_EXPLORATORY,72,1,0.0102384190944719,,0.0113508969870764,,,-0.09249387614151611,,-0.027166342370063913
EVT_PRIMARY_20260228,2026-02-28,Primary conflict event specified in the approved research design,POST_HOC_EXPLORATORY,73,1,-0.0088959720733677,,-0.0079852163211483,,,-0.10138984821488381,,-0.03515155869121221
EVT_PRIMARY_20260228,2026-02-28,Primary conflict event specified in the approved research design,POST_HOC_EXPLORATORY,74,1,-0.0303205612155482,,-0.0294033482234894,,,-0.131710409430432,,-0.06455490691470162
EVT_PRIMARY_20260228,2026-02-28,Primary conflict event specified in the approved research design,POST_HOC_EXPLORATORY,75,1,-0.027653764980777,,-0.0266807862751867,,,-0.159364174411209,,-0.0912356931898883
EVT_PRIMARY_20260228,2026-02-28,Primary conflict event specified in the approved research design,POST_HOC_EXPLORATORY,76,1,0.0203056930414741,,0.0211693878550557,,,-0.1390584813697349,,-0.07006630533483262
EVT_PRIMARY_20260228,2026-02-28,Primary conflict event specified in the approved research design,POST_HOC_EXPLORATORY,77,1,-0.0061582585122499,,-0.0051347943077197,,,-0.1452167398819848,,-0.07520109964255231
EVT_PRIMARY_20260228,2026-02-28,Primary conflict event specified in the approved research design,POST_HOC_EXPLORATORY,78,1,-0.0183104534294663,,-0.0176138340741833,,,-0.1635271933114511,,-0.0928149337167356
EVT_PRIMARY_20260228,2026-02-28,Primary conflict event specified in the approved research design,POST_HOC_EXPLORATORY,79,1,-0.0183579127492621,,-0.017586803164022,,,-0.1818851060607132,,-0.1104017368807576
EVT_PRIMARY_20260228,2026-02-28,Primary conflict event specified in the approved research design,POST_HOC_EXPLORATORY,80,1,0.0026009471519605,,0.0037090001864865,,,-0.1792841589087527,,-0.10669273669427111
EVT_PRIMARY_20260228,2026-02-28,Primary conflict event specified in the approved research design,POST_HOC_EXPLORATORY,81,1,-0.0258569613504983,,-0.0252250508658814,,,-0.205141120259251,,-0.13191778756015252
EVT_PRIMARY_20260228,2026-02-28,Primary conflict event specified in the approved research design,POST_HOC_EXPLORATORY,82,1,-0.0246757000834689,,-0.0238152714829397,,,-0.2298168203427199,,-0.1557330590430922
EVT_PRIMARY_20260228,2026-02-28,Primary conflict event specified in the approved research design,POST_HOC_EXPLORATORY,83,1,-0.0353746582801729,,-0.034170389355973,,,-0.26519147862289283,,-0.1899034483990652
EVT_PRIMARY_20260228,2026-02-28,Primary conflict event specified in the approved research design,POST_HOC_EXPLORATORY,84,1,0.0023846633160662,,0.0033183778105493,,,-0.2628068153068266,,-0.1865850705885159
EVT_PRIMARY_20260228,2026-02-28,Primary conflict event specified in the approved research design,POST_HOC_EXPLORATORY,85,1,0.0198758226200936,,0.0212155378025783,,,-0.24293099268673302,,-0.1653695327859376
EVT_PRIMARY_20260228,2026-02-28,Primary conflict event specified in the approved research design,POST_HOC_EXPLORATORY,86,1,0.0061780580408838,,0.0072342866809122,,,-0.2367529346458492,,-0.1581352461050254
EVT_PRIMARY_20260228,2026-02-28,Primary conflict event specified in the approved research design,POST_HOC_EXPLORATORY,87,1,0.008320201755176,,0.0092481266333348,,,-0.2284327328906732,,-0.14888711947169062
EVT_PRIMARY_20260228,2026-02-28,Primary conflict event specified in the approved research design,POST_HOC_EXPLORATORY,88,1,0.0181953669210721,,0.0188126911162412,,,-0.2102373659696011,,-0.1300744283554494
EVT_PRIMARY_20260228,2026-02-28,Primary conflict event specified in the approved research design,POST_HOC_EXPLORATORY,89,1,-0.020928704218994,,-0.0204884178903579,,,-0.2311660701885951,,-0.15056284624580732
EVT_PRIMARY_20260228,2026-02-28,Primary conflict event specified in the approved research design,POST_HOC_EXPLORATORY,90,1,-0.0203324235662305,,-0.0192534001006167,,,-0.2514984937548256,,-0.169816246346424
EVT_PRIMARY_20260228,2026-02-28,Primary conflict event specified in the approved research design,POST_HOC_EXPLORATORY,91,1,-0.0109229501685,,-0.0100674548946994,,,-0.2624214439233256,,-0.1798837012411234
EVT_PRIMARY_20260228,2026-02-28,Primary conflict event specified in the approved research design,POST_HOC_EXPLORATORY,92,1,0.007102768873735,,0.0080385801462041,,,-0.2553186750495906,,-0.1718451210949193
EVT_PRIMARY_20260228,2026-02-28,Primary conflict event specified in the approved research design,POST_HOC_EXPLORATORY,93,1,0.0075989234128412,,0.0085229267737614,,,-0.2477197516367494,,-0.1633221943211579
EVT_PRIMARY_20260228,2026-02-28,Primary conflict event specified in the approved research design,POST_HOC_EXPLORATORY,94,1,0.0418465151100555,,0.042623558361599,,,-0.2058732365266939,,-0.1206986359595589
EVT_PRIMARY_20260228,2026-02-28,Primary conflict event specified in the approved research design,POST_HOC_EXPLORATORY,95,1,-0.0045021498231054,,-0.0036737908502086,,,-0.2103753863497993,,-0.12437242680976751
EVT_PRIMARY_20260228,2026-02-28,Primary conflict event specified in the approved research design,POST_HOC_EXPLORATORY,96,1,-0.0045341475160189,,-0.0037064081046821,,,-0.2149095338658182,,-0.1280788349144496
EVT_PRIMARY_20260228,2026-02-28,Primary conflict event specified in the approved research design,POST_HOC_EXPLORATORY,97,1,-0.0039615313664931,,-0.0030513120008298,,,-0.21887106523231128,,-0.1311301469152794
EVT_PRIMARY_20260228,2026-02-28,Primary conflict event specified in the approved research design,POST_HOC_EXPLORATORY,98,1,-0.0106350010487221,,-0.009601929278965,,,-0.2295060662810334,,-0.1407320761942444
EVT_PRIMARY_20260228,2026-02-28,Primary conflict event specified in the approved research design,POST_HOC_EXPLORATORY,99,1,-0.0017357237117043,,-0.0007204255698739,,,-0.2312417899927377,,-0.1414525017641183
EVT_PRIMARY_20260228,2026-02-28,Primary conflict event specified in the approved research design,POST_HOC_EXPLORATORY,100,1,0.002234643936498,,0.0028122922661258,,,-0.2290071460562397,,-0.13864020949799252
EVT_PRIMARY_20260228,2026-02-28,Primary conflict event specified in the approved research design,POST_HOC_EXPLORATORY,101,1,-0.0237194753903641,,-0.0225442392849988,,,-0.2527266214466038,,-0.16118444878299132
EVT_PRIMARY_20260228,2026-02-28,Primary conflict event specified in the approved research design,POST_HOC_EXPLORATORY,102,1,-0.0200157119924009,,-0.0189044991347487,,,-0.27274233343900467,,-0.18008894791774
EVT_PRIMARY_20260228,2026-02-28,Primary conflict event specified in the approved research design,POST_HOC_EXPLORATORY,103,1,0.035994689622804,,0.0369751629474429,,,-0.2367476438162007,,-0.14311378497029711
EVT_PRIMARY_20260228,2026-02-28,Primary conflict event specified in the approved research design,POST_HOC_EXPLORATORY,104,1,0.0154107620966794,,0.0163051753710524,,,-0.2213368817195213,,-0.1268086095992447
EVT_PRIMARY_20260228,2026-02-28,Primary conflict event specified in the approved research design,POST_HOC_EXPLORATORY,105,1,-0.0039902293646894,,-0.0029709858458657,,,-0.2253271110842107,,-0.12977959544511042
EVT_PRIMARY_20260228,2026-02-28,Primary conflict event specified in the approved research design,POST_HOC_EXPLORATORY,106,1,-0.0104631093938468,,-0.0095520835699374,,,-0.2357902204780575,,-0.1393316790150478
EVT_PRIMARY_20260228,2026-02-28,Primary conflict event specified in the approved research design,POST_HOC_EXPLORATORY,107,1,0.0019624800208435,,0.003157260922,,,-0.233827740457214,,-0.1361744180930478
EVT_PRIMARY_20260228,2026-02-28,Primary conflict event specified in the approved research design,POST_HOC_EXPLORATORY,108,1,-0.0044893396868688,,-0.0034336248638941,,,-0.2383170801440828,,-0.1396080429569419
EVT_PRIMARY_20260228,2026-02-28,Primary conflict event specified in the approved research design,POST_HOC_EXPLORATORY,109,1,-0.0067938196138944,,-0.0059560483582164,,,-0.2451108997579772,,-0.14556409131515832
EVT_PRIMARY_20260228,2026-02-28,Primary conflict event specified in the approved research design,POST_HOC_EXPLORATORY,110,1,-0.0037930622607549,,-0.002884959604931,,,-0.2489039620187321,,-0.1484490509200893
EVT_PRIMARY_20260228,2026-02-28,Primary conflict event specified in the approved research design,POST_HOC_EXPLORATORY,111,1,0.0049279518808265,,0.0059657956198162,,,-0.2439760101379056,,-0.14248325530027312
EVT_PRIMARY_20260228,2026-02-28,Primary conflict event specified in the approved research design,POST_HOC_EXPLORATORY,112,1,-0.0118188841166109,,-0.01091817947579,,,-0.2557948942545165,,-0.1534014347760631
EVT_PRIMARY_20260228,2026-02-28,Primary conflict event specified in the approved research design,POST_HOC_EXPLORATORY,113,1,-0.0012559577581057,,-0.0003061213222953,,,-0.2570508520126222,,-0.1537075560983584
EVT_PRIMARY_20260228,2026-02-28,Primary conflict event specified in the approved research design,POST_HOC_EXPLORATORY,114,1,-0.0160258302828235,,-0.0151754415188278,,,-0.2730766822954457,,-0.1688829976171862
EVT_PRIMARY_20260228,2026-02-28,Primary conflict event specified in the approved research design,POST_HOC_EXPLORATORY,115,1,-0.0147995487288969,,-0.0139266803476278,,,-0.2878762310243426,,-0.182809677964814
EVT_PRIMARY_20260228,2026-02-28,Primary conflict event specified in the approved research design,POST_HOC_EXPLORATORY,116,1,0.0109042844169757,,0.011911079896169,,,-0.2769719466073669,,-0.17089859806864502
EVT_PRIMARY_20260228,2026-02-28,Primary conflict event specified in the approved research design,POST_HOC_EXPLORATORY,117,1,-0.0074794197520252,,-0.0066609968824323,,,-0.2844513663593921,,-0.17755959495107732
EVT_PRIMARY_20260228,2026-02-28,Primary conflict event specified in the approved research design,POST_HOC_EXPLORATORY,118,1,0.0106780574515561,,0.0114117123404522,,,-0.273773308907836,,-0.1661478826106251
