event_id,event_calendar_date,effective_market_date,event_date_shift_days,event_title,event_type,affected_country_codes,event_verification_status,event_source_name,event_source_url,event_notes,company_id,company_name,market_data_ticker,benchmark_ticker,trade_currency,primary_listing_exchange,analysis_tier,role_category,is_confirmatory,sample_group,ols_estimation_window_observations,ols_status,ols_alpha,ols_beta,ols_r_squared,pre_days,post_days,pre_event_car,event_day_abnormal_return,post_event_car_0_1,post_event_car_0_5,post_event_car_0_10,full_window_car,ols_pre_event_car,ols_event_day_abnormal_return,ols_post_event_car_0_1,ols_post_event_car_0_5,ols_post_event_car_0_10,ols_full_window_car
EVT_PRIMARY_20260228,2026-02-28,2026-03-02,2,Primary conflict event specified in the approved research design,CONFLICT_ONSET,IR | IL | US,RESEARCH_DESIGN_PRE_SPECIFIED,United Nations News,https://news.un.org/en/story/2026/03/1167065,Primary date fixed before the market-universe analysis; the event study remains descriptive and does not infer causality.,CMP001,Airbus SE,AIR.PA,^FCHI,EUR,Euronext Paris,PRIMARY_DIRECT,Defence Contractor,True,CONFIRMATORY,807,ok,0.000383206445101,1.0896334133963037,0.3894494594783263,5,10,-0.03627783653702751,0.000232810199617,0.0078791029888452,0.0312806380087495,-0.002397813117410697,-0.038675649654438204,-0.0388829625157336,0.0017970243470086,0.0121618217254704,0.0361207887562768,0.00027231830710120006,-0.0386106442086324
EVT_PRIMARY_20260228,2026-02-28,2026-03-02,2,Primary conflict event specified in the approved research design,CONFLICT_ONSET,IR | IL | US,RESEARCH_DESIGN_PRE_SPECIFIED,United Nations News,https://news.un.org/en/story/2026/03/1167065,Primary date fixed before the market-universe analysis; the event study remains descriptive and does not infer causality.,CMP002,Apple Inc.,AAPL,^GSPC,USD,Nasdaq,SECONDARY_INDIRECT,Technology & Component Supplier,False,EXPLORATORY,791,ok,0.0001765745024867,1.1687900265173508,0.460331711890569,5,10,0.0036227294322419036,0.0016455672526403,0.0074255036811881996,-0.004342358454528503,-0.017254675490036103,-0.013631946057794199,0.0034660955689591946,0.0014017544438159,0.0085991746289383,-0.0033916907387346994,-0.014802108470442096,-0.011336012901482902
EVT_PRIMARY_20260228,2026-02-28,2026-03-02,2,Primary conflict event specified in the approved research design,CONFLICT_ONSET,IR | IL | US,RESEARCH_DESIGN_PRE_SPECIFIED,United Nations News,https://news.un.org/en/story/2026/03/1167065,Primary date fixed before the market-universe analysis; the event study remains descriptive and does not infer causality.,CMP003,BAE Systems plc,BA.L,^FTSE,GBP,London Stock Exchange,PRIMARY_DIRECT,Defence Contractor,False,EXPLORATORY,799,ok,0.0009350778844304,0.6587198063848384,0.0776215957662972,5,10,-0.045352704169024,0.0730403898211953,0.09112754534146471,0.133255180044752,0.1545199370704447,0.1091672329014207,-0.042926335636669796,0.0680233121511151,0.0758045174415597,0.10654412474416289,0.1254568323479192,0.08253049671124937
EVT_PRIMARY_20260228,2026-02-28,2026-03-02,2,Primary conflict event specified in the approved research design,CONFLICT_ONSET,IR | IL | US,RESEARCH_DESIGN_PRE_SPECIFIED,United Nations News,https://news.un.org/en/story/2026/03/1167065,Primary date fixed before the market-universe analysis; the event study remains descriptive and does not infer causality.,CMP004,Bayer AG,BAYN.DE,^GDAXI,EUR,Xetra,SECONDARY_INDIRECT,Biotechnology & Components,False,EXPLORATORY,803,ok,-0.0006244105428906,0.9392067655838592,0.1500893120761101,5,10,-0.03957001905122261,-0.0077655413980002,-0.0300098991275937,-0.03162447672099429,0.028254910745253114,-0.011315108305969487,-0.0363854461396968,-0.0086949917072581,-0.032405738611274,-0.032483243282529495,0.0309433160937555,-0.005442130045941289
EVT_PRIMARY_20260228,2026-02-28,2026-03-02,2,Primary conflict event specified in the approved research design,CONFLICT_ONSET,IR | IL | US,RESEARCH_DESIGN_PRE_SPECIFIED,United Nations News,https://news.un.org/en/story/2026/03/1167065,Primary date fixed before the market-universe analysis; the event study remains descriptive and does not infer causality.,CMP005,BlackRock Inc.,BLK,^GSPC,USD,NYSE,CONTEXT_FINANCIAL,Investment & Finance,False,EXPLORATORY,791,ok,-0.0001676340379433,1.1112583607488418,0.5045726876764427,5,10,-0.0232501377711685,0.0043796619069866,-0.0008911971449920997,-0.0841795176499492,-0.08435642954241498,-0.10760656731358352,-0.021933265591268,0.004502975650082,0.0004504780546069993,-0.0818487413580575,-0.0796155548580051,-0.1015488204492731
EVT_PRIMARY_20260228,2026-02-28,2026-03-02,2,Primary conflict event specified in the approved research design,CONFLICT_ONSET,IR | IL | US,RESEARCH_DESIGN_PRE_SPECIFIED,United Nations News,https://news.un.org/en/story/2026/03/1167065,Primary date fixed before the market-universe analysis; the event study remains descriptive and does not infer causality.,CMP006,BP p.l.c.,BP.L,^FTSE,GBP,London Stock Exchange,PRIMARY_DIRECT,Raw Materials & Energy,False,EXPLORATORY,798,ok,-0.000468887211676,1.20668977371951,0.2705926228316225,5,10,0.0006340164123613003,0.0333154409814737,0.071329925683407,0.12851535806149342,0.18058231084317702,0.1812163272555383,-0.0013225904027954,0.0362565127142662,0.0804151729125746,0.14410784589903,0.197112148632422,0.19578955822962657
EVT_PRIMARY_20260228,2026-02-28,2026-03-02,2,Primary conflict event specified in the approved research design,CONFLICT_ONSET,IR | IL | US,RESEARCH_DESIGN_PRE_SPECIFIED,United Nations News,https://news.un.org/en/story/2026/03/1167065,Primary date fixed before the market-universe analysis; the event study remains descriptive and does not infer causality.,CMP007,Canadian Natural Resources Limited,CNQ.TO,^GSPTSE,CAD,Toronto Stock Exchange,PRIMARY_DIRECT,Raw Materials & Energy,False,EXPLORATORY,793,ok,0.0001194573116783,1.160524888809286,0.2658773123411061,5,10,0.013123375478759183,0.0093885920587399,0.027655452716641698,0.084939622155424,0.1566759600627185,0.16979933554147766,0.010049011038334799,0.0083281392453907,0.0299907953290404,0.0896220618390055,0.1622572291453648,0.1723062401836996
EVT_PRIMARY_20260228,2026-02-28,2026-03-02,2,Primary conflict event specified in the approved research design,CONFLICT_ONSET,IR | IL | US,RESEARCH_DESIGN_PRE_SPECIFIED,United Nations News,https://news.un.org/en/story/2026/03/1167065,Primary date fixed before the market-universe analysis; the event study remains descriptive and does not infer causality.,CMP008,Caterpillar Inc.,CAT,^DJI,USD,NYSE,PRIMARY_DIRECT,Military Heavy Equipment Supplier,False,EXPLORATORY,791,ok,0.0009120939780675,1.439173211466121,0.4261911012939892,5,10,-0.0092240400911753,0.0142687758173378,-0.0175430142166405,-0.024285855491751804,-0.01451243690325733,-0.02373647699443263,-0.008118341773323002,0.0140125161813616,-0.015087764312620199,-0.01862656940093029,-0.006123222958331796,-0.014241564731654797
EVT_PRIMARY_20260228,2026-02-28,2026-03-02,2,Primary conflict event specified in the approved research design,CONFLICT_ONSET,IR | IL | US,RESEARCH_DESIGN_PRE_SPECIFIED,United Nations News,https://news.un.org/en/story/2026/03/1167065,Primary date fixed before the market-universe analysis; the event study remains descriptive and does not infer causality.,CMP009,"Contemporary Amperex Technology Co., Limited (CATL)",300750.SZ,000300.SS,CNY,Shenzhen Stock Exchange,SECONDARY_INDIRECT,Technology & Component Supplier,False,EXPLORATORY,761,ok,0.0005040000682585,1.5150065990448114,0.4469563549899958,5,10,-0.09112610434066531,-0.0090592246902386,0.0176461479314642,0.0652705119726329,0.1893696205896892,0.0982435162490239,-0.09275095964935229,-0.0115333200035063,0.0225935455300766,0.0726100981924812,0.1879072036805276,0.0951562440311753
EVT_PRIMARY_20260228,2026-02-28,2026-03-02,2,Primary conflict event specified in the approved research design,CONFLICT_ONSET,IR | IL | US,RESEARCH_DESIGN_PRE_SPECIFIED,United Nations News,https://news.un.org/en/story/2026/03/1167065,Primary date fixed before the market-universe analysis; the event study remains descriptive and does not infer causality.,CMP010,Chevron Corporation,CVX,^GSPC,USD,NYSE,PRIMARY_DIRECT,Raw Materials & Energy,False,EXPLORATORY,791,ok,-7.623944484697927e-05,0.5569517439977848,0.1369116345682374,5,10,0.019705736666524303,0.0148082999736411,0.0198747638035141,0.026604264120384698,0.0799775773887993,0.0996833140553236,0.018180667427113502,0.0150610297892408,0.0160195715574133,0.0217854540574607,0.0692802997112216,0.0874609671383351
EVT_PRIMARY_20260228,2026-02-28,2026-03-02,2,Primary conflict event specified in the approved research design,CONFLICT_ONSET,IR | IL | US,RESEARCH_DESIGN_PRE_SPECIFIED,United Nations News,https://news.un.org/en/story/2026/03/1167065,Primary date fixed before the market-universe analysis; the event study remains descriptive and does not infer causality.,CMP011,CNOOC Limited,0883.HK,^HSI,HKD,Hong Kong Stock Exchange,PRIMARY_DIRECT,Raw Materials & Energy,False,EXPLORATORY,773,ok,0.0013803484793415,0.6528800868549396,0.2727185949539,5,10,-0.022783208406503802,0.0775119951168409,0.1208697039021851,0.1316335793065691,0.1845583351422394,0.1617751267357356,-0.0266159620622121,0.06869290598953,0.1067838657266882,0.1073034675812756,0.1592349423943153,0.13261898033210318
EVT_PRIMARY_20260228,2026-02-28,2026-03-02,2,Primary conflict event specified in the approved research design,CONFLICT_ONSET,IR | IL | US,RESEARCH_DESIGN_PRE_SPECIFIED,United Nations News,https://news.un.org/en/story/2026/03/1167065,Primary date fixed before the market-universe analysis; the event study remains descriptive and does not infer causality.,CMP012,ConocoPhillips,COP,^GSPC,USD,NYSE,PRIMARY_DIRECT,Raw Materials & Energy,False,EXPLORATORY,791,ok,-0.0002584556346088,0.7136084104531073,0.1360209045767469,5,10,0.030843250020518402,0.0417309696287899,0.0535430618694449,0.04410620545299951,0.09533305016495638,0.12617630018547482,0.0309032951913392,0.0421035107092499,0.051469367507307295,0.0422463114837694,0.09071911359230138,0.12162240878364057
EVT_PRIMARY_20260228,2026-02-28,2026-03-02,2,Primary conflict event specified in the approved research design,CONFLICT_ONSET,IR | IL | US,RESEARCH_DESIGN_PRE_SPECIFIED,United Nations News,https://news.un.org/en/story/2026/03/1167065,Primary date fixed before the market-universe analysis; the event study remains descriptive and does not infer causality.,CMP013,"CrowdStrike Holdings, Inc.",CRWD,^NDX,USD,Nasdaq,SECONDARY_INDIRECT,Technical Infrastructure & Software,False,EXPLORATORY,791,ok,0.0004545785010132,1.3933417134734507,0.3749221296093638,5,10,-0.034586085368692704,0.0333209405159378,0.0612701824020985,0.1564960695148457,0.1457915423963776,0.11120545702768489,-0.036150723584047,0.0323532449774321,0.06413690994913909,0.15350598679376842,0.14538153719966548,0.10923081361561848
EVT_PRIMARY_20260228,2026-02-28,2026-03-02,2,Primary conflict event specified in the approved research design,CONFLICT_ONSET,IR | IL | US,RESEARCH_DESIGN_PRE_SPECIFIED,United Nations News,https://news.un.org/en/story/2026/03/1167065,Primary date fixed before the market-universe analysis; the event study remains descriptive and does not infer causality.,CMP014,DHL AG,DHL.DE,^GDAXI,EUR,Xetra,SECONDARY_INDIRECT,Transport & Logistics,False,EXPLORATORY,803,ok,-8.363190646665187e-05,1.016804689639414,0.3682845331155203,5,10,0.0021096762246386,-0.0029831999290519,-0.0080404799129315,-0.017471027313131198,-0.0324203197171945,-0.0303106434925559,0.0025105536939579,-0.0024700440860161,-0.0068657456092596,-0.0156962412957784,-0.030344887180431,-0.027834333486473097
EVT_PRIMARY_20260228,2026-02-28,2026-03-02,2,Primary conflict event specified in the approved research design,CONFLICT_ONSET,IR | IL | US,RESEARCH_DESIGN_PRE_SPECIFIED,United Nations News,https://news.un.org/en/story/2026/03/1167065,Primary date fixed before the market-universe analysis; the event study remains descriptive and does not infer causality.,CMP015,Duke Energy Corporation,DUK,^GSPC,USD,NYSE,PRIMARY_DIRECT,Raw Materials & Energy,False,EXPLORATORY,791,ok,0.0004548501967699,0.07309641738017,0.0040991774613573,5,10,0.036033562565264396,0.0055626180857644,0.013487197259799698,0.013772575454011698,0.0461024435731667,0.08213600613843111,0.0297712015039142,0.0054770043203139,0.004193027040671,5.010782277098738e-06,0.0169647502415928,0.046735951745506994
EVT_PRIMARY_20260228,2026-02-28,2026-03-02,2,Primary conflict event specified in the approved research design,CONFLICT_ONSET,IR | IL | US,RESEARCH_DESIGN_PRE_SPECIFIED,United Nations News,https://news.un.org/en/story/2026/03/1167065,Primary date fixed before the market-universe analysis; the event study remains descriptive and does not infer causality.,CMP016,Eli Lilly and Company,LLY,^GSPC,USD,NYSE,SECONDARY_INDIRECT,Biotechnology & Components,False,EXPLORATORY,791,ok,0.0011055273166412,0.6329984102800116,0.0759103499274144,5,10,0.047301821837280496,-0.0327370871114853,-0.0333522803577827,-0.029428083676633302,-0.034268981271590795,0.013032840565689704,0.040195118384698504,-0.0336964176069925,-0.038883112595390595,-0.040431857125593496,-0.05598562093927349,-0.015790502554575
EVT_PRIMARY_20260228,2026-02-28,2026-03-02,2,Primary conflict event specified in the approved research design,CONFLICT_ONSET,IR | IL | US,RESEARCH_DESIGN_PRE_SPECIFIED,United Nations News,https://news.un.org/en/story/2026/03/1167065,Primary date fixed before the market-universe analysis; the event study remains descriptive and does not infer causality.,CMP017,Enbridge Inc.,ENB.TO,^GSPTSE,CAD,Toronto Stock Exchange,PRIMARY_DIRECT,Raw Materials & Energy,False,EXPLORATORY,793,ok,0.0002924176581626,0.5453665334921329,0.1955758340520533,5,10,0.011668372225894199,0.0113865794072554,0.041152753075527,0.045226896137590594,0.0728173643609896,0.0844857365868838,0.017221784850061,0.0137592191745565,0.0332771885803459,0.028180994857233202,0.05007212292762211,0.0672939077776831
EVT_PRIMARY_20260228,2026-02-28,2026-03-02,2,Primary conflict event specified in the approved research design,CONFLICT_ONSET,IR | IL | US,RESEARCH_DESIGN_PRE_SPECIFIED,United Nations News,https://news.un.org/en/story/2026/03/1167065,Primary date fixed before the market-universe analysis; the event study remains descriptive and does not infer causality.,CMP018,Equinor ASA,EQNR.OL,OBX.OL,NOK,Oslo Børs,PRIMARY_DIRECT,Raw Materials & Energy,False,EXPLORATORY,790,ok,-0.0008260834163516,1.4688154504978062,0.5103016241030873,5,10,0.0227534371541241,0.0651885339641917,0.0930345713932168,0.13201178170101072,0.16690098646461354,0.1896544236187376,0.024121174446766598,0.0582849366848765,0.0935474537668881,0.1288431591291049,0.1512980309168959,0.17541920536366248
EVT_PRIMARY_20260228,2026-02-28,2026-03-02,2,Primary conflict event specified in the approved research design,CONFLICT_ONSET,IR | IL | US,RESEARCH_DESIGN_PRE_SPECIFIED,United Nations News,https://news.un.org/en/story/2026/03/1167065,Primary date fixed before the market-universe analysis; the event study remains descriptive and does not infer causality.,CMP019,Exxon Mobil Corporation,XOM,^GSPC,USD,NYSE,PRIMARY_DIRECT,Raw Materials & Energy,True,CONFIRMATORY,791,ok,0.0003587217377171,0.4319505837071246,0.0779929992452213,5,10,0.039812552059965894,0.0108802646053736,0.004826973048113001,-0.0013814322887893988,0.057526672290740995,0.0973392243507069,0.0355748449299519,0.0107478280425312,-0.0010288616037683,-0.0102986440473825,0.038790091873293894,0.0743649368032458
EVT_PRIMARY_20260228,2026-02-28,2026-03-02,2,Primary conflict event specified in the approved research design,CONFLICT_ONSET,IR | IL | US,RESEARCH_DESIGN_PRE_SPECIFIED,United Nations News,https://news.un.org/en/story/2026/03/1167065,Primary date fixed before the market-universe analysis; the event study remains descriptive and does not infer causality.,CMP020,FedEx Corporation,FDX,^GSPC,USD,NYSE,SECONDARY_INDIRECT,Transport & Logistics,False,EXPLORATORY,791,ok,0.0005107062227176,0.9366403186805612,0.2184177621941119,5,10,0.0007314672192510006,0.0002475528106458,-0.002496844158979,-0.0520393470415133,-0.0621406506655435,-0.06140918344629251,-0.0020946762655862025,-0.00023791378299,-0.0040913877759221,-0.055858132684857204,-0.0694081529107051,-0.0715028291762913
EVT_PRIMARY_20260228,2026-02-28,2026-03-02,2,Primary conflict event specified in the approved research design,CONFLICT_ONSET,IR | IL | US,RESEARCH_DESIGN_PRE_SPECIFIED,United Nations News,https://news.un.org/en/story/2026/03/1167065,Primary date fixed before the market-universe analysis; the event study remains descriptive and does not infer causality.,CMP021,GE Vernova Inc.,GEV,^GSPC,USD,NYSE,PRIMARY_DIRECT,Raw Materials & Energy,False,EXPLORATORY,482,ok,0.0033738427577902,1.853025032481008,0.3176499199163503,5,10,0.056711627764069704,0.0082783656669287,-0.0267406730919562,-0.035805919616477506,-0.023771225465565794,0.03294040229850391,0.043512653029305494,0.0045647163481051,-0.0257721702364725,-0.04589032983299911,-0.03867277448784201,0.004839878541463512
EVT_PRIMARY_20260228,2026-02-28,2026-03-02,2,Primary conflict event specified in the approved research design,CONFLICT_ONSET,IR | IL | US,RESEARCH_DESIGN_PRE_SPECIFIED,United Nations News,https://news.un.org/en/story/2026/03/1167065,Primary date fixed before the market-universe analysis; the event study remains descriptive and does not infer causality.,CMP022,General Dynamics Corporation,GD,^GSPC,USD,NYSE,PRIMARY_DIRECT,Defence Contractor,False,EXPLORATORY,791,ok,0.0001951075143455,0.5395337268041889,0.1686210691132639,5,10,0.020907783608587,0.0212513813378558,0.0304760925833379,0.0260099015138152,0.019127451391233702,0.0400352349998207,0.017951036535769,0.0212397027438919,0.0259206486724805,0.0193555791166721,0.004991833864875299,0.0229428704006443
EVT_PRIMARY_20260228,2026-02-28,2026-03-02,2,Primary conflict event specified in the approved research design,CONFLICT_ONSET,IR | IL | US,RESEARCH_DESIGN_PRE_SPECIFIED,United Nations News,https://news.un.org/en/story/2026/03/1167065,Primary date fixed before the market-universe analysis; the event study remains descriptive and does not infer causality.,CMP023,"The Goldman Sachs Group, Inc.",GS,^DJI,USD,NYSE,CONTEXT_FINANCIAL,Investment & Finance,False,EXPLORATORY,791,ok,0.0005633052696696,1.5764226791528828,0.5759931435033658,5,10,-0.0536758310918296,0.0092471481815716,0.0185193736654874,-0.0010081889586134995,-0.029000759626968894,-0.0826765907187985,-0.049055410527609,0.0095446371923334,0.0230096017042209,0.010222731194872,-0.0110175886509465,-0.06007299917855549
EVT_PRIMARY_20260228,2026-02-28,2026-03-02,2,Primary conflict event specified in the approved research design,CONFLICT_ONSET,IR | IL | US,RESEARCH_DESIGN_PRE_SPECIFIED,United Nations News,https://news.un.org/en/story/2026/03/1167065,Primary date fixed before the market-universe analysis; the event study remains descriptive and does not infer causality.,CMP024,HENSOLDT AG,HAG.DE,^MDAXI,EUR,Xetra,PRIMARY_DIRECT,Defence Contractor,True,CONFIRMATORY,803,ok,0.0016228733462408,0.9538352466333798,0.1162928905936989,5,10,-0.1126097294871874,0.0711508503660626,0.0876268916874032,0.13072535548660857,0.194153830464159,0.08154410097697158,-0.1211024298674181,0.0685081203908621,0.08177261010262189,0.11695284196458959,0.172417449031062,0.05131501916364391
EVT_PRIMARY_20260228,2026-02-28,2026-03-02,2,Primary conflict event specified in the approved research design,CONFLICT_ONSET,IR | IL | US,RESEARCH_DESIGN_PRE_SPECIFIED,United Nations News,https://news.un.org/en/story/2026/03/1167065,Primary date fixed before the market-universe analysis; the event study remains descriptive and does not infer causality.,CMP025,HOCHTIEF Aktiengesellschaft,HOT.DE,^GDAXI,EUR,Xetra,SECONDARY_INDIRECT,Construction,False,EXPLORATORY,803,ok,0.0020281692428736,1.10384732000273,0.2642647212931763,5,10,0.019508743555311403,0.0148957449955148,0.0071514894353554,-0.0301391664416354,0.024655674473439294,0.04416441802875069,0.0092611000143261,0.0155218889620391,0.0093209791374521,-0.0344415043108154,0.009486299563442206,0.01874739957776831
EVT_PRIMARY_20260228,2026-02-28,2026-03-02,2,Primary conflict event specified in the approved research design,CONFLICT_ONSET,IR | IL | US,RESEARCH_DESIGN_PRE_SPECIFIED,United Nations News,https://news.un.org/en/story/2026/03/1167065,Primary date fixed before the market-universe analysis; the event study remains descriptive and does not infer causality.,CMP026,"Iberdrola, S.A.",IBE.MC,^IBEX,EUR,Bolsa de Madrid,PRIMARY_DIRECT,Raw Materials & Energy,False,EXPLORATORY,807,ok,0.0004366079653728,0.5286345034489274,0.2390280921372791,5,10,0.004860894170625313,0.0135279026992817,0.022318373335825502,0.0327582494773931,0.054558970687332294,0.05941986485795761,0.007266984806259201,0.0007197636867948,-0.0124528612629262,-0.007251805320707701,0.0170967409239455,0.024363725730204705
EVT_PRIMARY_20260228,2026-02-28,2026-03-02,2,Primary conflict event specified in the approved research design,CONFLICT_ONSET,IR | IL | US,RESEARCH_DESIGN_PRE_SPECIFIED,United Nations News,https://news.un.org/en/story/2026/03/1167065,Primary date fixed before the market-universe analysis; the event study remains descriptive and does not infer causality.,CMP027,Lockheed Martin Corporation,LMT,^GSPC,USD,NYSE,PRIMARY_DIRECT,Defence Contractor,True,CONFIRMATORY,791,ok,0.0004615748883313,0.1806997326693966,0.0153062707861983,5,10,0.0047468049542547,0.033315371269968,0.029636907108344802,0.02749203138741871,0.01293776126075831,0.017684566215013006,-0.0010862038313697031,0.0331801685227749,0.021302632271496,0.0149655628174926,-0.013472172008595101,-0.014558375839964798
EVT_PRIMARY_20260228,2026-02-28,2026-03-02,2,Primary conflict event specified in the approved research design,CONFLICT_ONSET,IR | IL | US,RESEARCH_DESIGN_PRE_SPECIFIED,United Nations News,https://news.un.org/en/story/2026/03/1167065,Primary date fixed before the market-universe analysis; the event study remains descriptive and does not infer causality.,CMP028,Marathon Petroleum Corporation,MPC,^GSPC,USD,NYSE,PRIMARY_DIRECT,Raw Materials & Energy,False,EXPLORATORY,791,ok,0.0003893298636761,0.8051787363221291,0.1443205489843295,5,10,0.012394707497697404,0.0581759357019928,0.0779143959780976,0.0996156150318281,0.17502415227834572,0.1874188597760431,0.009609817115678699,0.0578642138112433,0.0753734461514091,0.0949595159940224,0.1656688463901279,0.1752786635058066
EVT_PRIMARY_20260228,2026-02-28,2026-03-02,2,Primary conflict event specified in the approved research design,CONFLICT_ONSET,IR | IL | US,RESEARCH_DESIGN_PRE_SPECIFIED,United Nations News,https://news.un.org/en/story/2026/03/1167065,Primary date fixed before the market-universe analysis; the event study remains descriptive and does not infer causality.,CMP029,"NextEra Energy, Inc.",NEE,^GSPC,USD,NYSE,PRIMARY_DIRECT,Raw Materials & Energy,False,EXPLORATORY,791,ok,8.122983091375768e-05,0.4130622611434223,0.0521402901952502,5,10,0.029459488984557202,-0.0117025576600291,-0.0035529911601832,-0.0067866202529195,0.016186168564369698,0.0456456575489269,0.0265279721918756,-0.0115499780633327,-0.0090246996513581,-0.014263820966799602,1.0192606633102706e-05,0.0265381647985087
EVT_PRIMARY_20260228,2026-02-28,2026-03-02,2,Primary conflict event specified in the approved research design,CONFLICT_ONSET,IR | IL | US,RESEARCH_DESIGN_PRE_SPECIFIED,United Nations News,https://news.un.org/en/story/2026/03/1167065,Primary date fixed before the market-universe analysis; the event study remains descriptive and does not infer causality.,CMP030,Northrop Grumman Corporation,NOC,^GSPC,USD,NYSE,PRIMARY_DIRECT,Defence Contractor,False,EXPLORATORY,791,ok,0.0004702092544263,0.101214779988271,0.0040564688525868,5,10,0.009444593260168305,0.0598462821435048,0.05768903280365,0.0454224578579156,0.04436779708461221,0.05381239034478052,0.0032264194241256976,0.0597341082375037,0.0486184940771433,0.0318975994718115,0.015793288689197493,0.019019708113323187
EVT_PRIMARY_20260228,2026-02-28,2026-03-02,2,Primary conflict event specified in the approved research design,CONFLICT_ONSET,IR | IL | US,RESEARCH_DESIGN_PRE_SPECIFIED,United Nations News,https://news.un.org/en/story/2026/03/1167065,Primary date fixed before the market-universe analysis; the event study remains descriptive and does not infer causality.,CMP031,Novo Nordisk A/S,NOVO-B.CO,^OMXC25,DKK,Nasdaq Copenhagen,SECONDARY_INDIRECT,Biotechnology & Components,False,EXPLORATORY,766,ok,-0.0005485086685532,1.6129550660240306,0.3765285496361038,5,10,-0.17210817041515,0.0006226793608684,0.000667373564055268,0.10203790067910007,0.06956276011306907,-0.10254541030208096,-0.1404676203339002,0.002969911177966,0.018698156506800498,0.1250006089369656,0.0901172645153905,-0.050350355818509704
EVT_PRIMARY_20260228,2026-02-28,2026-03-02,2,Primary conflict event specified in the approved research design,CONFLICT_ONSET,IR | IL | US,RESEARCH_DESIGN_PRE_SPECIFIED,United Nations News,https://news.un.org/en/story/2026/03/1167065,Primary date fixed before the market-universe analysis; the event study remains descriptive and does not infer causality.,CMP032,NVIDIA Corporation,NVDA,^GSPC,USD,Nasdaq,SECONDARY_INDIRECT,Technology & Component Supplier,False,EXPLORATORY,791,ok,0.0019792778556959,2.147005693927168,0.4161086622947788,5,10,-0.061952072905287904,0.0294565940075413,0.0255839887620309,0.043747081291048304,0.061518211722630105,-0.0004338611826577958,-0.0669133372660588,0.027020401002233,0.0320008753413341,0.0455310662651637,0.06961142636611499,0.0026980891000561967
EVT_PRIMARY_20260228,2026-02-28,2026-03-02,2,Primary conflict event specified in the approved research design,CONFLICT_ONSET,IR | IL | US,RESEARCH_DESIGN_PRE_SPECIFIED,United Nations News,https://news.un.org/en/story/2026/03/1167065,Primary date fixed before the market-universe analysis; the event study remains descriptive and does not infer causality.,CMP033,Palantir Technologies Inc.,PLTR,^GSPC,USD,Nasdaq,PRIMARY_DIRECT,Defence AI & Decision Intelligence Supplier,False,EXPLORATORY,791,ok,0.0028977874659671,2.3283427005390047,0.2731542969318328,5,10,0.0202777712007917,0.0577691180070734,0.0813345452424993,0.1461197502355402,0.1371212675113562,0.15739903871214792,0.011504182273666699,0.0543421789362218,0.087554728475218,0.1445522138413453,0.1398324561895831,0.1513366384632498
EVT_PRIMARY_20260228,2026-02-28,2026-03-02,2,Primary conflict event specified in the approved research design,CONFLICT_ONSET,IR | IL | US,RESEARCH_DESIGN_PRE_SPECIFIED,United Nations News,https://news.un.org/en/story/2026/03/1167065,Primary date fixed before the market-universe analysis; the event study remains descriptive and does not infer causality.,CMP034,PetroChina Company Limited,601857.SS,000001.SS,CNY,Shanghai Stock Exchange,PRIMARY_DIRECT,Raw Materials & Energy,False,EXPLORATORY,761,ok,0.0010401932876419,0.8388089220241871,0.1903532255856113,5,10,-0.021087019513092106,0.0956335803641901,0.2103768441375653,0.2016002802892251,0.1326695513099403,0.11158253179684818,-0.025142215429389596,0.0953565772704788,0.2067506077022472,0.19280640255182058,0.11821894818513162,0.09307673275574203
EVT_PRIMARY_20260228,2026-02-28,2026-03-02,2,Primary conflict event specified in the approved research design,CONFLICT_ONSET,IR | IL | US,RESEARCH_DESIGN_PRE_SPECIFIED,United Nations News,https://news.un.org/en/story/2026/03/1167065,Primary date fixed before the market-universe analysis; the event study remains descriptive and does not infer causality.,CMP035,Rheinmetall AG,RHM.DE,^GDAXI,EUR,Xetra,PRIMARY_DIRECT,Defence Contractor,True,CONFIRMATORY,803,ok,0.0022557620434745,0.960083544701084,0.1257807662058546,5,10,-0.045310838263331904,0.0039186722352212,0.0091247833086511,0.05592681251152909,0.052920031986231894,0.007609193722899987,-0.0565485981125887,0.000642654930759,0.0022201980184637002,0.0393684753207193,0.0253620151676656,-0.031186582944923116
EVT_PRIMARY_20260228,2026-02-28,2026-03-02,2,Primary conflict event specified in the approved research design,CONFLICT_ONSET,IR | IL | US,RESEARCH_DESIGN_PRE_SPECIFIED,United Nations News,https://news.un.org/en/story/2026/03/1167065,Primary date fixed before the market-universe analysis; the event study remains descriptive and does not infer causality.,CMP036,RTX Corporation,RTX,^GSPC,USD,NYSE,PRIMARY_DIRECT,Defence Contractor,True,CONFIRMATORY,791,ok,0.0006992622453345,0.4855694121907245,0.0964835407848766,5,10,-0.006300570489842398,0.0466848970036568,0.0295452211347424,0.041440299646862105,0.04537611633752311,0.03907554584768069,-0.0120102789348293,0.0461905606189684,0.023493324036907903,0.03111838966184321,0.024289695739120702,0.012279416804291399
EVT_PRIMARY_20260228,2026-02-28,2026-03-02,2,Primary conflict event specified in the approved research design,CONFLICT_ONSET,IR | IL | US,RESEARCH_DESIGN_PRE_SPECIFIED,United Nations News,https://news.un.org/en/story/2026/03/1167065,Primary date fixed before the market-universe analysis; the event study remains descriptive and does not infer causality.,CMP037,RWE AG,RWE.DE,^GDAXI,EUR,Xetra,PRIMARY_DIRECT,Raw Materials & Energy,False,EXPLORATORY,803,ok,0.000163475360199,0.4965376583265026,0.0972468245357194,5,10,0.050545082069196806,0.0321604475869093,0.0355870111763042,0.0534159070309172,0.1193667997083965,0.1699118817775933,0.0502454695411905,0.0191285925332981,0.0050766138515411004,0.0142966039248937,0.0829507665929953,0.1331962361341858
EVT_PRIMARY_20260228,2026-02-28,2026-03-02,2,Primary conflict event specified in the approved research design,CONFLICT_ONSET,IR | IL | US,RESEARCH_DESIGN_PRE_SPECIFIED,United Nations News,https://news.un.org/en/story/2026/03/1167065,Primary date fixed before the market-universe analysis; the event study remains descriptive and does not infer causality.,CMP038,Sanofi,SAN.PA,^FCHI,EUR,Euronext Paris,SECONDARY_INDIRECT,Biotechnology & Components,False,EXPLORATORY,807,ok,-9.3607798177287e-05,0.601916487208971,0.128307072064691,5,10,0.0249499957616783,0.0126024003805981,0.027685683183570897,-0.0006470685429640034,0.005741525460985697,0.030691521222664,0.0284784655843549,0.0040470456884879,0.005448492764449701,-0.031793164559451595,-0.023808513874008303,0.004669951710346596
EVT_PRIMARY_20260228,2026-02-28,2026-03-02,2,Primary conflict event specified in the approved research design,CONFLICT_ONSET,IR | IL | US,RESEARCH_DESIGN_PRE_SPECIFIED,United Nations News,https://news.un.org/en/story/2026/03/1167065,Primary date fixed before the market-universe analysis; the event study remains descriptive and does not infer causality.,CMP039,SAP SE,SAP.DE,^GDAXI,EUR,Xetra,SECONDARY_INDIRECT,Technical Infrastructure & Software,False,EXPLORATORY,803,ok,-3.241785203339676e-05,1.1980345866871338,0.4115893793799215,5,10,-0.016269744355427097,0.0029814009823052,0.027678539778097602,0.0817838947141747,0.037187335614513,0.0209175912590859,-0.0163113152805719,0.0080755365498031,0.0396158947915928,0.09697998535026241,0.0511606853565761,0.034849370076004194
EVT_PRIMARY_20260228,2026-02-28,2026-03-01,1,Primary conflict event specified in the approved research design,CONFLICT_ONSET,IR | IL | US,RESEARCH_DESIGN_PRE_SPECIFIED,United Nations News,https://news.un.org/en/story/2026/03/1167065,Primary date fixed before the market-universe analysis; the event study remains descriptive and does not infer causality.,CMP040,Saudi Arabian Oil Company,2222.SR,^TASI.SR,SAR,Saudi Exchange (Tadawul),PRIMARY_DIRECT,Raw Materials & Energy,False,EXPLORATORY,780,ok,6.694219169961814e-06,0.5842877934262029,0.286491139668181,5,10,0.0157750325091856,0.0554570602728964,0.0704607239731619,0.050270504583230194,0.06722581413106861,0.0830008466402542,-0.0011096395070561982,0.0463865526594904,0.061913714954538596,0.061894183486746794,0.07431348351391978,0.07320384400686361
EVT_PRIMARY_20260228,2026-02-28,2026-03-02,2,Primary conflict event specified in the approved research design,CONFLICT_ONSET,IR | IL | US,RESEARCH_DESIGN_PRE_SPECIFIED,United Nations News,https://news.un.org/en/story/2026/03/1167065,Primary date fixed before the market-universe analysis; the event study remains descriptive and does not infer causality.,CMP041,Shell plc,SHEL.L,^FTSE,GBP,London Stock Exchange,PRIMARY_DIRECT,Raw Materials & Energy,True,CONFIRMATORY,799,ok,-0.0001099504083228,1.077722545016438,0.33361306457851,5,10,0.0236944282492935,0.0309945486090312,0.0523860810101407,0.1050831702978931,0.1618460266648003,0.18554045491409382,0.022626838550479998,0.0320341263969465,0.055669715027150596,0.1105482831728102,0.1673317782570498,0.18995861680752982
EVT_PRIMARY_20260228,2026-02-28,2026-03-02,2,Primary conflict event specified in the approved research design,CONFLICT_ONSET,IR | IL | US,RESEARCH_DESIGN_PRE_SPECIFIED,United Nations News,https://news.un.org/en/story/2026/03/1167065,Primary date fixed before the market-universe analysis; the event study remains descriptive and does not infer causality.,CMP042,China Petroleum & Chemical Corporation (Sinopec Corp.),600028.SS,000001.SS,CNY,Shanghai Stock Exchange,PRIMARY_DIRECT,Raw Materials & Energy,True,CONFIRMATORY,761,ok,0.00054504640714,0.6192684810099365,0.1626252591764958,5,10,-0.027331869443331498,0.0958845048473353,0.21006875430608818,0.10871145442889868,0.013255463785389679,-0.01407640565794177,-0.027350804352045895,0.0971421051217762,0.2053273814536555,0.0994116846624908,0.0001539644550120037,-0.027196839897033906
EVT_PRIMARY_20260228,2026-02-28,2026-03-02,2,Primary conflict event specified in the approved research design,CONFLICT_ONSET,IR | IL | US,RESEARCH_DESIGN_PRE_SPECIFIED,United Nations News,https://news.un.org/en/story/2026/03/1167065,Primary date fixed before the market-universe analysis; the event study remains descriptive and does not infer causality.,CMP043,The Southern Company,SO,^GSPC,USD,NYSE,PRIMARY_DIRECT,Raw Materials & Energy,False,EXPLORATORY,791,ok,0.0005087773956615,0.1093813759095305,0.0083361312109515,5,10,0.0365746414516627,-0.0019385802846152,0.0029799918236453997,0.0106386588215616,0.0439610677018717,0.08053570915353439,0.0301987646347729,-0.0020925755340082,-0.0060938108016626,-0.0030203526966734,0.015174948279501301,0.0453737129142742
EVT_PRIMARY_20260228,2026-02-28,2026-03-02,2,Primary conflict event specified in the approved research design,CONFLICT_ONSET,IR | IL | US,RESEARCH_DESIGN_PRE_SPECIFIED,United Nations News,https://news.un.org/en/story/2026/03/1167065,Primary date fixed before the market-universe analysis; the event study remains descriptive and does not infer causality.,CMP044,Thales S.A.,HO.PA,^FCHI,EUR,Euronext Paris,PRIMARY_DIRECT,Defence Contractor,False,EXPLORATORY,807,ok,0.0009632997775444,0.5466694848547928,0.0729829562496664,5,10,-0.043317558300894905,0.0256496208066419,0.0356351169900779,0.05274363796129541,0.0598783053497346,0.01656074704883969,-0.0446488922898888,0.0148370343964913,0.008171997573747602,0.010855618487402106,0.014458353729380605,-0.030190538560508177
EVT_PRIMARY_20260228,2026-02-28,2026-03-02,2,Primary conflict event specified in the approved research design,CONFLICT_ONSET,IR | IL | US,RESEARCH_DESIGN_PRE_SPECIFIED,United Nations News,https://news.un.org/en/story/2026/03/1167065,Primary date fixed before the market-universe analysis; the event study remains descriptive and does not infer causality.,CMP045,TotalEnergies SE,TTE.PA,^FCHI,EUR,Euronext Paris,PRIMARY_DIRECT,Raw Materials & Energy,False,EXPLORATORY,807,ok,0.0001670781656252,0.7236326121783546,0.2312042720476042,5,10,0.0201951525522229,0.0526421593516288,0.0690804060342884,0.1043555522150737,0.15177138987605118,0.17196654242827408,0.0214844497541551,0.0464705844057943,0.0531782236109795,0.0813401493234774,0.12870371651312,0.1501881662672751
EVT_PRIMARY_20260228,2026-02-28,2026-03-02,2,Primary conflict event specified in the approved research design,CONFLICT_ONSET,IR | IL | US,RESEARCH_DESIGN_PRE_SPECIFIED,United Nations News,https://news.un.org/en/story/2026/03/1167065,Primary date fixed before the market-universe analysis; the event study remains descriptive and does not infer causality.,CMP046,Volkswagen AG,VOW.DE,^GDAXI,EUR,Xetra,POST_HOC_EXPLORATORY_ROBUSTNESS_CASE,Automotive Manufacturer,False,POST_HOC_EXPLORATORY,803,ok,-0.0008972537995555,0.9795055039142164,0.2766042362786727,5,10,-0.012074358736519802,-0.020609297598939,-0.015053478948822602,-0.052818841273438805,-0.056604171856650995,-0.0686785305931708,-0.007567013052388496,-0.0202358783256766,-0.014487652180600198,-0.0489878245304975,-0.0481435707655711,-0.0557105838179596
