event_id,event_calendar_date,event_title,role_category,relative_trading_day,company_count,aar,aar_standard_deviation,aar_standard_error,caar,ols_aar,ols_aar_standard_deviation,ols_aar_standard_error,ols_caar
EVT_PRIMARY_20260228,2026-02-28,Primary conflict event specified in the approved research design,Automotive Manufacturer,-5,1,-0.014604889207459,,,-0.014604889207459,-0.0139256522352062,,,-0.0139256522352062
EVT_PRIMARY_20260228,2026-02-28,Primary conflict event specified in the approved research design,Automotive Manufacturer,-4,1,0.0171612089021541,,,0.002556319694695098,0.0180537714779084,,,0.0041281192427022
EVT_PRIMARY_20260228,2026-02-28,Primary conflict event specified in the approved research design,Automotive Manufacturer,-3,1,-0.0232626600974098,,,-0.020706340402714702,-0.0222098171336305,,,-0.018081697890928297
EVT_PRIMARY_20260228,2026-02-28,Primary conflict event specified in the approved research design,Automotive Manufacturer,-2,1,0.0084437669503529,,,-0.012262573452361801,0.0094330736888993,,,-0.008648624202029
EVT_PRIMARY_20260228,2026-02-28,Primary conflict event specified in the approved research design,Automotive Manufacturer,-1,1,0.000188214715842,,,-0.012074358736519802,0.0010816111496405,,,-0.0075670130523885
EVT_PRIMARY_20260228,2026-02-28,Primary conflict event specified in the approved research design,Automotive Manufacturer,0,1,-0.020609297598939,,,-0.032683656335458805,-0.0202358783256766,,,-0.0278028913780651
EVT_PRIMARY_20260228,2026-02-28,Primary conflict event specified in the approved research design,Automotive Manufacturer,1,1,0.0055558186501164,,,-0.027127837685342406,0.0057482261450764,,,-0.0220546652329887
EVT_PRIMARY_20260228,2026-02-28,Primary conflict event specified in the approved research design,Automotive Manufacturer,2,1,-0.0036458522784781,,,-0.030773689963820506,-0.0023913467217212,,,-0.024446011954709898
EVT_PRIMARY_20260228,2026-02-28,Primary conflict event specified in the approved research design,Automotive Manufacturer,3,1,0.0004055812480071,,,-0.030368108715813406,0.0009729557143449,,,-0.023473056240365
EVT_PRIMARY_20260228,2026-02-28,Primary conflict event specified in the approved research design,Automotive Manufacturer,4,1,-0.020319684355886,,,-0.050687793071699405,-0.0196158125648999,,,-0.0430888688052649
EVT_PRIMARY_20260228,2026-02-28,Primary conflict event specified in the approved research design,Automotive Manufacturer,5,1,-0.0142054069382592,,,-0.0648932000099586,-0.0134659687776211,,,-0.056554837582886
EVT_PRIMARY_20260228,2026-02-28,Primary conflict event specified in the approved research design,Automotive Manufacturer,6,1,0.0018653174614988,,,-0.0630278825484598,0.0032521951820152,,,-0.0533026424008708
EVT_PRIMARY_20260228,2026-02-28,Primary conflict event specified in the approved research design,Automotive Manufacturer,7,1,0.0317227244104599,,,-0.0313051581379999,0.0323390058225667,,,-0.0209636365783041
EVT_PRIMARY_20260228,2026-02-28,Primary conflict event specified in the approved research design,Automotive Manufacturer,8,1,0.0032034270101319,,,-0.028101731127868002,0.0040570053013377,,,-0.0169066312769664
EVT_PRIMARY_20260228,2026-02-28,Primary conflict event specified in the approved research design,Automotive Manufacturer,9,1,-0.0212815737732002,,,-0.0493833049010682,-0.02050800233577,,,-0.0374146336127364
EVT_PRIMARY_20260228,2026-02-28,Primary conflict event specified in the approved research design,Automotive Manufacturer,10,1,-0.0192952256921026,,,-0.0686785305931708,-0.0182959502052232,,,-0.0557105838179596
EVT_PRIMARY_20260228,2026-02-28,Primary conflict event specified in the approved research design,Biotechnology & Components,-5,4,-0.015210439177510254,0.07985195276622598,0.03992597638311299,-0.015210439177510254,-0.010751102937300649,0.0672646670045869,0.03363233350229345,-0.010751102937300649
EVT_PRIMARY_20260228,2026-02-28,Primary conflict event specified in the approved research design,Biotechnology & Components,-4,4,-0.015201131069485375,0.009249816995418868,0.004624908497709434,-0.03041157024699563,-0.012955831676382552,0.007993932796889676,0.003996966398444838,-0.0237069346136832
EVT_PRIMARY_20260228,2026-02-28,Primary conflict event specified in the approved research design,Biotechnology & Components,-3,4,-0.010415887914206076,0.009745169041577927,0.004872584520788963,-0.0408274581612017,-0.008273840752964725,0.009209555264458828,0.004604777632229414,-0.03198077536664792
EVT_PRIMARY_20260228,2026-02-28,Primary conflict event specified in the approved research design,Biotechnology & Components,-2,4,-0.0076368114335529005,0.00975733955869408,0.00487866977934704,-0.048464269594754604,-0.00763088999580325,0.008940700474029204,0.004470350237014602,-0.03961166536245118
EVT_PRIMARY_20260228,2026-02-28,Primary conflict event specified in the approved research design,Biotechnology & Components,-1,4,0.01360767662790115,0.01701688418203049,0.008508442091015245,-0.03485659296685346,0.012566794736315275,0.01571407223443015,0.007857036117215076,-0.0270448706261359
EVT_PRIMARY_20260228,2026-02-28,Primary conflict event specified in the approved research design,Biotechnology & Components,0,4,-0.00681938719200475,0.019193858080042765,0.009596929040021383,-0.041675980158858206,-0.008843613111949174,0.017544347808230432,0.008772173904115216,-0.03588848373808507
EVT_PRIMARY_20260228,2026-02-28,Primary conflict event specified in the approved research design,Biotechnology & Components,1,4,-0.0019328934924328078,0.015359611781186756,0.007679805890593378,-0.043608873651291014,-0.002941937371904426,0.016368904429627823,0.008184452214813911,-0.0388304211099895
EVT_PRIMARY_20260228,2026-02-28,Primary conflict event specified in the approved research design,Biotechnology & Components,2,4,-0.007757684838702501,0.033041324994761256,0.016520662497380628,-0.05136655848999351,-0.009396167231817925,0.02628367635246887,0.013141838176234434,-0.04822658834180742
EVT_PRIMARY_20260228,2026-02-28,Primary conflict event specified in the approved research design,Biotechnology & Components,3,4,0.0053082984343455,0.018133321749132583,0.009066660874566292,-0.04605826005564802,0.0032025378121862493,0.020419176061895406,0.010209588030947703,-0.045024050529621176
EVT_PRIMARY_20260228,2026-02-28,Primary conflict event specified in the approved research design,Biotechnology & Components,4,4,-0.001251239186432,0.021798005695494345,0.010899002847747172,-0.047309499242080014,-0.0008427290250300752,0.02330485076474267,0.011652425382371335,-0.04586677955465125
EVT_PRIMARY_20260228,2026-02-28,Primary conflict event specified in the approved research design,Biotechnology & Components,5,4,0.022537474209853674,0.019338817439823165,0.009669408719911583,-0.02477202503222634,0.0238949949208631,0.022407402176750305,0.011203701088375153,-0.021971784633788148
EVT_PRIMARY_20260228,2026-02-28,Primary conflict event specified in the approved research design,Biotechnology & Components,6,4,-0.007023110797457925,0.02969937343775847,0.014849686718879235,-0.03179513582968427,-0.0069429878983013745,0.033365586924204445,0.016682793462102222,-0.028914772532089524
EVT_PRIMARY_20260228,2026-02-28,Primary conflict event specified in the approved research design,Biotechnology & Components,7,4,0.01061603291103675,0.012188007283781116,0.006094003641890558,-0.021179102918647514,0.011236054898575425,0.013945352137896824,0.006972676068948412,-0.0176787176335141
EVT_PRIMARY_20260228,2026-02-28,Primary conflict event specified in the approved research design,Biotechnology & Components,8,4,-0.0044438697165803745,0.01277822606133356,0.00638911303066678,-0.02562297263522789,-0.00499387017539505,0.013815037631613182,0.006907518815806591,-0.02267258780890915
EVT_PRIMARY_20260228,2026-02-28,Primary conflict event specified in the approved research design,Biotechnology & Components,9,4,0.0036363591912817747,0.00902282028468275,0.004511410142341375,-0.021986613443946115,0.00203656157957545,0.007173586171550872,0.003586793085775436,-0.0206360262293337
EVT_PRIMARY_20260228,2026-02-28,Primary conflict event specified in the approved research design,Biotechnology & Components,10,4,0.0044525742390219255,0.018983553176978543,0.009491776588489272,-0.01753403920492419,0.00390776705216385,0.02070908927027823,0.010354544635139115,-0.01672825917716985
EVT_PRIMARY_20260228,2026-02-28,Primary conflict event specified in the approved research design,Construction,-5,1,0.0056946767622559,,,0.0056946767622559,0.0047712169563027,,,0.0047712169563027
EVT_PRIMARY_20260228,2026-02-28,Primary conflict event specified in the approved research design,Construction,-4,1,0.0171190750486166,,,0.0228137518108725,0.0151146766277849,,,0.0198858935840876
EVT_PRIMARY_20260228,2026-02-28,Primary conflict event specified in the approved research design,Construction,-3,1,0.005598254181681,,,0.028412005992553502,0.0027817016744193,,,0.0226675952585069
EVT_PRIMARY_20260228,2026-02-28,Primary conflict event specified in the approved research design,Construction,-2,1,-0.0334211572051195,,,-0.005009151212565996,-0.0359157663630098,,,-0.013248171104502899
EVT_PRIMARY_20260228,2026-02-28,Primary conflict event specified in the approved research design,Construction,-1,1,0.0245178947678774,,,0.019508743555311403,0.022509271118829,,,0.0092611000143261
EVT_PRIMARY_20260228,2026-02-28,Primary conflict event specified in the approved research design,Construction,0,1,0.0148957449955148,,,0.0344044885508262,0.0155218889620391,,,0.024782988976365203
EVT_PRIMARY_20260228,2026-02-28,Primary conflict event specified in the approved research design,Construction,1,1,-0.0077442555601594,,,0.026660232990666805,-0.006200909824587,,,0.018582079151778202
EVT_PRIMARY_20260228,2026-02-28,Primary conflict event specified in the approved research design,Construction,2,1,0.0096783475342334,,,0.0363385805249002,0.0058399538585982,,,0.0244220330103764
EVT_PRIMARY_20260228,2026-02-28,Primary conflict event specified in the approved research design,Construction,3,1,-0.0167724978689854,,,0.019566082655914804,-0.0171291410330736,,,0.0072928919773028004
EVT_PRIMARY_20260228,2026-02-28,Primary conflict event specified in the approved research design,Construction,4,1,-0.0235199291276048,,,-0.0039538464716899965,-0.0245682156135357,,,-0.0172753236362329
EVT_PRIMARY_20260228,2026-02-28,Primary conflict event specified in the approved research design,Construction,5,1,-0.006676576414634,,,-0.010630422886323997,-0.0079050806602564,,,-0.0251804042964893
EVT_PRIMARY_20260228,2026-02-28,Primary conflict event specified in the approved research design,Construction,6,1,0.0096048838358764,,,-0.0010255390504475964,0.0050957493724783,,,-0.020084654924011
EVT_PRIMARY_20260228,2026-02-28,Primary conflict event specified in the approved research design,Construction,7,1,0.046119463324958,,,0.0450939242745104,0.0455150045899788,,,0.0254303496659678
EVT_PRIMARY_20260228,2026-02-28,Primary conflict event specified in the approved research design,Construction,8,1,-0.0231853342079135,,,0.0219085900665969,-0.0249921960093695,,,0.0004381536565983002
EVT_PRIMARY_20260228,2026-02-28,Primary conflict event specified in the approved research design,Construction,9,1,-0.0064325915916521,,,0.0154759984749448,-0.0078340519959884,,,-0.007395898339390099
EVT_PRIMARY_20260228,2026-02-28,Primary conflict event specified in the approved research design,Construction,10,1,0.0286884195538059,,,0.0441644180287507,0.0261432979171584,,,0.018747399577768303
EVT_PRIMARY_20260228,2026-02-28,Primary conflict event specified in the approved research design,Defence AI & Decision Intelligence Supplier,-5,1,-0.0239237177703242,,,-0.0239237177703242,-0.013025799883274,,,-0.013025799883274
EVT_PRIMARY_20260228,2026-02-28,Primary conflict event specified in the approved research design,Defence AI & Decision Intelligence Supplier,-4,1,-0.0211279516312837,,,-0.0450516694016079,-0.0341897048161586,,,-0.0472155046994326
EVT_PRIMARY_20260228,2026-02-28,Primary conflict event specified in the approved research design,Defence AI & Decision Intelligence Supplier,-3,1,0.033388064209026,,,-0.011663605192581902,0.0196824080966421,,,-0.0275330966027905
EVT_PRIMARY_20260228,2026-02-28,Primary conflict event specified in the approved research design,Defence AI & Decision Intelligence Supplier,-2,1,0.0184067905563699,,,0.0067431853637879985,0.022636332873824,,,-0.0048967637289665
EVT_PRIMARY_20260228,2026-02-28,Primary conflict event specified in the approved research design,Defence AI & Decision Intelligence Supplier,-1,1,0.0135345858370037,,,0.0202777712007917,0.0164009460026332,,,0.011504182273666699
EVT_PRIMARY_20260228,2026-02-28,Primary conflict event specified in the approved research design,Defence AI & Decision Intelligence Supplier,0,1,0.0577691180070734,,,0.0780468892078651,0.0543421789362218,,,0.0658463612098885
EVT_PRIMARY_20260228,2026-02-28,Primary conflict event specified in the approved research design,Defence AI & Decision Intelligence Supplier,1,1,0.0235654272354259,,,0.101612316443291,0.0332125495389962,,,0.0990589107488847
EVT_PRIMARY_20260228,2026-02-28,Primary conflict event specified in the approved research design,Defence AI & Decision Intelligence Supplier,2,1,0.0327955141863434,,,0.1344078306296344,0.0195950352951406,,,0.11865394604402531
EVT_PRIMARY_20260228,2026-02-28,Primary conflict event specified in the approved research design,Defence AI & Decision Intelligence Supplier,3,1,0.0022521995817345,,,0.1366600302113689,0.0068551713038151,,,0.1255091173478404
EVT_PRIMARY_20260228,2026-02-28,Primary conflict event specified in the approved research design,Defence AI & Decision Intelligence Supplier,4,1,0.0426866703590758,,,0.1793467005704447,0.0574250176972818,,,0.1829341350451222
EVT_PRIMARY_20260228,2026-02-28,Primary conflict event specified in the approved research design,Defence AI & Decision Intelligence Supplier,5,1,-0.0129491791341128,,,0.1663975214363319,-0.0268777389301102,,,0.156056396115012
EVT_PRIMARY_20260228,2026-02-28,Primary conflict event specified in the approved research design,Defence AI & Decision Intelligence Supplier,6,1,-0.0316818815430411,,,0.1347156398932908,-0.0317434980913632,,,0.12431289802364881
EVT_PRIMARY_20260228,2026-02-28,Primary conflict event specified in the approved research design,Defence AI & Decision Intelligence Supplier,7,1,0.0038811814301745,,,0.1385968213234653,0.0020960154065079,,,0.1264089134301567
EVT_PRIMARY_20260228,2026-02-28,Primary conflict event specified in the approved research design,Defence AI & Decision Intelligence Supplier,8,1,0.0277606172718098,,,0.1663574385952751,0.0450904027396983,,,0.171499316169855
EVT_PRIMARY_20260228,2026-02-28,Primary conflict event specified in the approved research design,Defence AI & Decision Intelligence Supplier,9,1,-0.0105532822607569,,,0.1558041563345182,-0.0054024879196769,,,0.1660968282501781
EVT_PRIMARY_20260228,2026-02-28,Primary conflict event specified in the approved research design,Defence AI & Decision Intelligence Supplier,10,1,0.0015948823776297,,,0.1573990387121479,-0.0147601897869283,,,0.1513366384632498
EVT_PRIMARY_20260228,2026-02-28,Primary conflict event specified in the approved research design,Defence Contractor,-5,9,-0.010145341602893466,0.01953552065759105,0.006511840219197017,-0.010145341602893466,-0.014353804027209878,0.016558203428562616,0.005519401142854205,-0.014353804027209878
EVT_PRIMARY_20260228,2026-02-28,Primary conflict event specified in the approved research design,Defence Contractor,-4,9,-0.005622874488878711,0.011382348977844148,0.0037941163259480495,-0.015768216091772178,-0.004126563048081767,0.011269809589794663,0.003756603196598221,-0.018480367075291645
EVT_PRIMARY_20260228,2026-02-28,Primary conflict event specified in the approved research design,Defence Contractor,-3,9,-0.019072820589979687,0.018895832608882963,0.006298610869627654,-0.03484103668175187,-0.01685263425260082,0.0169180636519412,0.005639354550647066,-0.035333001327892466
EVT_PRIMARY_20260228,2026-02-28,Primary conflict event specified in the approved research design,Defence Contractor,-2,9,0.00034937394331504445,0.020144040862380325,0.0067146802874601084,-0.03449166273843682,-0.001686667123749578,0.019634001422747814,0.006544667140915938,-0.03701966845164204
EVT_PRIMARY_20260228,2026-02-28,Primary conflict event specified in the approved research design,Defence Contractor,-1,9,0.006261656580181478,0.021748920133062007,0.007249640044354002,-0.02823000615825534,0.0041276412040194554,0.020593070874871965,0.006864356958290655,-0.032892027247622586
EVT_PRIMARY_20260228,2026-02-28,Primary conflict event specified in the approved research design,Defence Contractor,0,9,0.03723225279819149,0.02719623531772255,0.009065411772574182,0.009002246639936151,0.03490585403770833,0.02700075407558133,0.00900025135852711,0.002013826790085743
EVT_PRIMARY_20260228,2026-02-28,Primary conflict event specified in the approved research design,Defence Contractor,1,9,0.004850046529199311,0.011006967680359782,0.003668989226786594,0.013852293169135462,-0.0016318269354982224,0.012086030377610416,0.004028676792536805,0.0003819998545875208
EVT_PRIMARY_20260228,2026-02-28,Primary conflict event specified in the approved research design,Defence Contractor,2,9,0.0013297178555494555,0.01142508756332529,0.00380836252110843,0.015182011024684918,0.003557138310997155,0.009146520205247784,0.003048840068415928,0.003939138165584676
EVT_PRIMARY_20260228,2026-02-28,Primary conflict event specified in the approved research design,Defence Contractor,3,9,-0.02503326783168271,0.022375648208863202,0.007458549402954401,-0.009851256806997792,-0.02894970676170739,0.023410430022186568,0.007803476674062189,-0.025010568596122714
EVT_PRIMARY_20260228,2026-02-28,Primary conflict event specified in the approved research design,Defence Contractor,4,9,0.03138275435128568,0.0123333734186005,0.004111124472866833,0.02153149754428789,0.025712399222316322,0.010790613316919585,0.0035968711056398616,0.0007018306261936079
EVT_PRIMARY_20260228,2026-02-28,Primary conflict event specified in the approved research design,Defence Contractor,5,9,0.010715864566228578,0.03040027330356539,0.010133424434521797,0.032247362110516466,0.011648251052958256,0.026629798378429537,0.008876599459476513,0.012350081679151864
EVT_PRIMARY_20260228,2026-02-28,Primary conflict event specified in the approved research design,Defence Contractor,6,9,-0.012421188971486755,0.007615365740175986,0.0025384552467253288,0.019826173139029714,-0.012363937431415988,0.008251851097435287,0.0027506170324784287,-1.3855752264124374e-05
EVT_PRIMARY_20260228,2026-02-28,Primary conflict event specified in the approved research design,Defence Contractor,7,9,-0.01069577656966441,0.02118283827753501,0.0070609460925116704,0.009130396569365302,-0.012238453004818255,0.021706745530122747,0.007235581843374249,-0.01225230875708238
EVT_PRIMARY_20260228,2026-02-28,Primary conflict event specified in the approved research design,Defence Contractor,8,9,0.018417795381863923,0.01968435075091692,0.00656145025030564,0.027548191951229227,0.012468363033555366,0.020197523162522567,0.006732507720840855,0.0002160542764729871
EVT_PRIMARY_20260228,2026-02-28,Primary conflict event specified in the approved research design,Defence Contractor,9,9,0.005468985588760966,0.013014588420120083,0.004338196140040028,0.03301717753999019,0.0021365533458400448,0.013014016100756007,0.004338005366918669,0.002352607622313032
EVT_PRIMARY_20260228,2026-02-28,Primary conflict event specified in the approved research design,Defence Contractor,10,9,0.0032954182825641215,0.01980010218854149,0.0066000340628471635,0.03631259582255431,0.005818655670922934,0.017844811409424934,0.0059482704698083115,0.008171263293235967
EVT_PRIMARY_20260228,2026-02-28,Primary conflict event specified in the approved research design,Investment & Finance,-5,2,-0.01309911258092995,0.003948975986582257,0.0027923476988551505,-0.01309911258092995,-0.0079458184327465,0.0014677016182803432,0.0010378217670445004,-0.0079458184327465
EVT_PRIMARY_20260228,2026-02-28,Primary conflict event specified in the approved research design,Investment & Finance,-4,2,0.0026471890066006,0.0013073610740579435,0.0009244438809257,-0.01045192357432935,-0.0001639335477157999,0.0017013083497635488,0.0012030066710070999,-0.0081097519804623
EVT_PRIMARY_20260228,2026-02-28,Primary conflict event specified in the approved research design,Investment & Finance,-3,2,0.0092814282430355,0.007979295226622048,0.0056422137638339,-0.0011704953312938506,0.0068278488718391496,0.005552538954598905,0.003926237947599349,-0.0012819031086231504
EVT_PRIMARY_20260228,2026-02-28,Primary conflict event specified in the approved research design,Investment & Finance,-2,2,0.00504105951266505,0.0040792954213351934,0.0028844974548893495,0.0038705641813711993,0.0050423935865113,0.0029998747694421845,0.0021212317921829992,0.003760490477888149
EVT_PRIMARY_20260228,2026-02-28,Primary conflict event specified in the approved research design,Investment & Finance,-1,2,-0.04233354861287025,0.030931189804774637,0.021871654061124346,-0.03846298443149905,-0.03925482853732665,0.02749705959736899,0.019443357303990248,-0.035494338059438496
EVT_PRIMARY_20260228,2026-02-28,Primary conflict event specified in the approved research design,Investment & Finance,0,2,0.0068134050442791,0.0034418325520914985,0.0024337431372924993,-0.03164957938721995,0.0070238064212077,0.0035649930649733932,0.0025208307711257006,-0.028470531638230795
EVT_PRIMARY_20260228,2026-02-28,Primary conflict event specified in the approved research design,Investment & Finance,1,2,0.00200068321596855,0.010283513694700215,0.007271542267947249,-0.0296488961712514,0.00470623345820625,0.012386716245294414,0.008758731053681251,-0.023764298180024547
EVT_PRIMARY_20260228,2026-02-28,Primary conflict event specified in the approved research design,Investment & Finance,2,2,-0.00522207411002065,0.00809786733468762,0.005726056905506649,-0.03487097028127205,-0.0072664864514058,0.0061899220452464945,0.0043769358532099,-0.031030784631430344
EVT_PRIMARY_20260228,2026-02-28,Primary conflict event specified in the approved research design,Investment & Finance,3,2,-0.01423622939041625,0.008938625753107962,0.00632056288451135,-0.0491071996716883,-0.0094799338182976,0.0033377483287102745,0.0023601444771251005,-0.040510718449727944
EVT_PRIMARY_20260228,2026-02-28,Primary conflict event specified in the approved research design,Investment & Finance,4,2,-0.032899373834222,0.036125469966142895,0.0255445647866106,-0.0820065735059103,-0.029634943529283,0.038415989265327515,0.0271642065155027,-0.07014566197901095
EVT_PRIMARY_20260228,2026-02-28,Primary conflict event specified in the approved research design,Investment & Finance,5,2,0.0009497357701299001,0.009800952723424466,0.0069303201328222005,-0.0810568377357804,-0.0011616811620202999,0.007884490303875996,0.005575176560070299,-0.07130734314103125
EVT_PRIMARY_20260228,2026-02-28,Primary conflict event specified in the approved research design,Investment & Finance,6,2,0.0075554554965467,0.006643908837371614,0.004697952992490699,-0.07350138223923369,0.007683398010317699,0.0070359874742339,0.004975194455374399,-0.06362394513071355
EVT_PRIMARY_20260228,2026-02-28,Primary conflict event specified in the approved research design,Investment & Finance,7,2,-0.0109444603530765,0.007006414607882358,0.0049542832810381,-0.0844458425923102,-0.00934829000599155,0.008894879275458444,0.00628962945351235,-0.0729722351367051
EVT_PRIMARY_20260228,2026-02-28,Primary conflict event specified in the approved research design,Investment & Finance,8,2,-0.02144649822583855,0.009833014543910059,0.006952991263504749,-0.10589234081814874,-0.01630290518525595,0.00519191540046483,0.0036712385870155506,-0.08927514032196104
EVT_PRIMARY_20260228,2026-02-28,Primary conflict event specified in the approved research design,Investment & Finance,9,2,0.0015924888647711002,0.008170832339978439,0.0057776509555371,-0.10429985195337765,0.0024688433541185002,0.008121910172235753,0.0057430577589759006,-0.08680629696784255
EVT_PRIMARY_20260228,2026-02-28,Primary conflict event specified in the approved research design,Investment & Finance,10,2,0.00915827293718665,0.0020272998302248812,0.00143351745745035,-0.095141579016191,0.00599538715392825,0.005143341743914732,0.00363689182508195,-0.0808109098139143
EVT_PRIMARY_20260228,2026-02-28,Primary conflict event specified in the approved research design,Military Heavy Equipment Supplier,-5,1,0.0122579825170594,,,0.0122579825170594,0.0186195182927069,,,0.0186195182927069
EVT_PRIMARY_20260228,2026-02-28,Primary conflict event specified in the approved research design,Military Heavy Equipment Supplier,-4,1,0.0079555406461515,,,0.0202135231632109,0.0037099546034778,,,0.0223294728961847
EVT_PRIMARY_20260228,2026-02-28,Primary conflict event specified in the approved research design,Military Heavy Equipment Supplier,-3,1,-0.0083650356947544,,,0.011848487468456499,-0.0120247112913317,,,0.010304761604852998
EVT_PRIMARY_20260228,2026-02-28,Primary conflict event specified in the approved research design,Military Heavy Equipment Supplier,-2,1,-0.0181893831069883,,,-0.006340895638531801,-0.019252809365404,,,-0.008948047760551003
EVT_PRIMARY_20260228,2026-02-28,Primary conflict event specified in the approved research design,Military Heavy Equipment Supplier,-1,1,-0.0028831444526435,,,-0.009224040091175301,0.000829705987228,,,-0.008118341773323002
EVT_PRIMARY_20260228,2026-02-28,Primary conflict event specified in the approved research design,Military Heavy Equipment Supplier,0,1,0.0142687758173378,,,0.0050447357261625,0.0140125161813616,,,0.005894174408038598
EVT_PRIMARY_20260228,2026-02-28,Primary conflict event specified in the approved research design,Military Heavy Equipment Supplier,1,1,-0.0318117900339783,,,-0.0267670543078158,-0.0291002804939818,,,-0.0232061060859432
EVT_PRIMARY_20260228,2026-02-28,Primary conflict event specified in the approved research design,Military Heavy Equipment Supplier,2,1,0.008646178785028,,,-0.0181208755227878,0.005577749847637,,,-0.0176283562383062
EVT_PRIMARY_20260228,2026-02-28,Primary conflict event specified in the approved research design,Military Heavy Equipment Supplier,3,1,-0.0192709064590518,,,-0.0373917819818396,-0.0131126057362778,,,-0.030740961974584
EVT_PRIMARY_20260228,2026-02-28,Primary conflict event specified in the approved research design,Military Heavy Equipment Supplier,4,1,-0.0262113840621294,,,-0.063603166043969,-0.0229731517762098,,,-0.053714113750793796
EVT_PRIMARY_20260228,2026-02-28,Primary conflict event specified in the approved research design,Military Heavy Equipment Supplier,5,1,0.0300932704610419,,,-0.0335098955829271,0.0269692025765405,,,-0.0267449111742533
EVT_PRIMARY_20260228,2026-02-28,Primary conflict event specified in the approved research design,Military Heavy Equipment Supplier,6,1,0.0175452351439258,,,-0.0159646604390013,0.0169485702631891,,,-0.0097963409110642
EVT_PRIMARY_20260228,2026-02-28,Primary conflict event specified in the approved research design,Military Heavy Equipment Supplier,7,1,-0.0066205077436596,,,-0.0225851681826609,-0.0048699165703847,,,-0.0146662574814489
EVT_PRIMARY_20260228,2026-02-28,Primary conflict event specified in the approved research design,Military Heavy Equipment Supplier,8,1,0.0058424316869217,,,-0.0167427364957392,0.0117787405621159,,,-0.002887516919333
EVT_PRIMARY_20260228,2026-02-28,Primary conflict event specified in the approved research design,Military Heavy Equipment Supplier,9,1,-0.0070044709344587,,,-0.0237472074301979,-0.0067933398410107,,,-0.0096808567603437
EVT_PRIMARY_20260228,2026-02-28,Primary conflict event specified in the approved research design,Military Heavy Equipment Supplier,10,1,1.0730435765271553e-05,,,-0.02373647699443263,-0.0045607079713111,,,-0.014241564731654801
EVT_PRIMARY_20260228,2026-02-28,Primary conflict event specified in the approved research design,Raw Materials & Energy,-5,20,0.007623903547548399,0.017459709702090785,0.0039041097761287596,0.007623903547548399,0.005288645706301095,0.016459074713094716,0.003680360990522763,0.005288645706301095
EVT_PRIMARY_20260228,2026-02-28,Primary conflict event specified in the approved research design,Raw Materials & Energy,-4,20,0.008061037935960538,0.016327743306647265,0.003650994395283048,0.01568494148350894,0.008775686124965786,0.014425422422379944,0.0032256225140591234,0.014064331831266881
EVT_PRIMARY_20260228,2026-02-28,Primary conflict event specified in the approved research design,Raw Materials & Energy,-3,20,-0.006135681115810889,0.009542475315425248,0.0021337623478904603,0.00954926036769805,-0.00464450934672122,0.01080611720847609,0.00241632126509828,0.009419822484545662
EVT_PRIMARY_20260228,2026-02-28,Primary conflict event specified in the approved research design,Raw Materials & Energy,-2,20,-0.0010718070746283748,0.01311970206265773,0.0029336545656646887,0.008477453293069676,-0.002165334885259005,0.013090450374447773,0.0029271136893352797,0.0072544875992866555
EVT_PRIMARY_20260228,2026-02-28,Primary conflict event specified in the approved research design,Raw Materials & Energy,-1,20,0.0092017097303801,0.013950917011656057,0.0031195198786521166,0.017679163023449775,0.00753319826359832,0.014093421087630753,0.003151384758747138,0.014787685862884975
EVT_PRIMARY_20260228,2026-02-28,Primary conflict event specified in the approved research design,Raw Materials & Energy,0,20,0.03494433304888103,0.03181465139031958,0.007113972318921278,0.05262349607233081,0.03223678826532712,0.03144760485934254,0.007031898219504263,0.04702447412821209
EVT_PRIMARY_20260228,2026-02-28,Primary conflict event specified in the approved research design,Raw Materials & Energy,1,20,0.023388332964860325,0.03524126982386225,0.007880187493956803,0.07601182903719113,0.01899389881548602,0.036336049873387545,0.008124987755071717,0.06601837294369811
EVT_PRIMARY_20260228,2026-02-28,Primary conflict event specified in the approved research design,Raw Materials & Energy,2,20,-0.01177878639488019,0.019107086557677906,0.0042724744394940254,0.06423304264231094,-0.010566481453317796,0.020268099916904654,0.004532084918895664,0.055451891490380316
EVT_PRIMARY_20260228,2026-02-28,Primary conflict event specified in the approved research design,Raw Materials & Energy,3,20,0.0012442503923958295,0.026568306002089787,0.005940853826768843,0.06547729303470677,-0.00036741702224547525,0.026211842505050018,0.005861146165681021,0.05508447446813484
EVT_PRIMARY_20260228,2026-02-28,Primary conflict event specified in the approved research design,Raw Materials & Energy,4,20,0.008459948266094834,0.020673082307046987,0.004622641734300524,0.0739372413008016,0.005963462048416969,0.01913368913576495,0.004278422956791963,0.06104793651655181
EVT_PRIMARY_20260228,2026-02-28,Primary conflict event specified in the approved research design,Raw Materials & Energy,5,20,0.010206206843014074,0.024029887713225978,0.005373246241846026,0.08414344814381568,0.010571058140375966,0.021448091136973203,0.004795938976988283,0.07161899465692778
EVT_PRIMARY_20260228,2026-02-28,Primary conflict event specified in the approved research design,Raw Materials & Energy,6,20,-0.01865876819794019,0.024007135823702615,0.005368158764686945,0.06548467994587548,-0.017628370398716606,0.023572187574656178,0.005270901379530711,0.05399062425821117
EVT_PRIMARY_20260228,2026-02-28,Primary conflict event specified in the approved research design,Raw Materials & Energy,7,20,0.015579552887630299,0.018701578197151864,0.004181800013535953,0.08106423283350578,0.014659803071766555,0.01900568594549052,0.004249800573312917,0.06865042732997773
EVT_PRIMARY_20260228,2026-02-28,Primary conflict event specified in the approved research design,Raw Materials & Energy,8,20,0.024375350019123124,0.015272627242298066,0.0034150632708793626,0.10543958285262892,0.020660219800839784,0.014469697406280683,0.0032355227014296,0.08931064713081752
EVT_PRIMARY_20260228,2026-02-28,Primary conflict event specified in the approved research design,Raw Materials & Energy,9,20,0.011420528293630714,0.01652592336670881,0.0036953088038913086,0.11686011114625962,0.009040496360010674,0.015883288816764776,0.0035516113500548238,0.09835114349082819
EVT_PRIMARY_20260228,2026-02-28,Primary conflict event specified in the approved research design,Raw Materials & Energy,10,20,-0.0015525041461397749,0.01012095787514322,0.002263114980623207,0.11530760700011985,-0.00022949059471200512,0.007943543616978108,0.0017762303509797602,0.09812165289611618
EVT_PRIMARY_20260228,2026-02-28,Primary conflict event specified in the approved research design,Technical Infrastructure & Software,-5,2,-0.05494005094110295,0.04440725047758931,0.03140066794655295,-0.05494005094110295,-0.05171001030165205,0.042864391771448455,0.030309702093028048,-0.05171001030165205
EVT_PRIMARY_20260228,2026-02-28,Primary conflict event specified in the approved research design,Technical Infrastructure & Software,-4,2,-0.01144180915921565,0.0005136184895369225,0.00036318311689434966,-0.0663818601003186,-0.01376416368031375,0.0028806394627398898,0.002036919698256949,-0.0654741739819658
EVT_PRIMARY_20260228,2026-02-28,Primary conflict event specified in the approved research design,Technical Infrastructure & Software,-3,2,0.010635543206480951,0.01776133159346243,0.012559158012640152,-0.05574631689383765,0.00690107672014515,0.014560323465313873,0.010295703458593049,-0.05857309726182065
EVT_PRIMARY_20260228,2026-02-28,Primary conflict event specified in the approved research design,Technical Infrastructure & Software,-2,2,0.04436319076722855,0.02296252896376827,0.01623695994347305,-0.011383126126609099,0.0459953707520003,0.026482864221936218,0.0187262128765737,-0.01257772650982035
EVT_PRIMARY_20260228,2026-02-28,Primary conflict event specified in the approved research design,Technical Infrastructure & Software,-1,2,-0.0140447887354508,0.009781837506183699,0.0069168036330874,-0.0254279148620599,-0.0136532929224891,0.009326736599177685,0.0065949986956192995,-0.02623101943230945
EVT_PRIMARY_20260228,2026-02-28,Primary conflict event specified in the approved research design,Technical Infrastructure & Software,0,2,0.0181511707491215,0.021453294142308958,0.015169769766816301,-0.0072767441129384,0.0202143907636176,0.017166932260846257,0.012138854213814497,-0.0060166286686918515
EVT_PRIMARY_20260228,2026-02-28,Primary conflict event specified in the approved research design,Technical Infrastructure & Software,1,2,0.02632319034097655,0.0022995841483171506,0.0016260515451841486,0.01904644622803815,0.03166201160674835,0.0001720438386328508,0.00012165336495865292,0.0256453829380565
EVT_PRIMARY_20260228,2026-02-28,Primary conflict event specified in the approved research design,Technical Infrastructure & Software,2,2,0.01023900829011025,0.022894405050796075,0.016188789062649447,0.029285454518148398,0.005329571852876751,0.02078751596231799,0.01469899350097865,0.03097495479093325
EVT_PRIMARY_20260228,2026-02-28,Primary conflict event specified in the approved research design,Technical Infrastructure & Software,3,2,0.0429267314060541,0.007527585493224606,0.0053228067482206,0.0722121859242025,0.044883680515595,0.005741387494316019,0.004059774030650497,0.07585863530652825
EVT_PRIMARY_20260228,2026-02-28,Primary conflict event specified in the approved research design,Technical Infrastructure & Software,4,2,0.02072671778670715,0.0014103384298897763,0.000997259867543049,0.09293890371090965,0.02441639271892005,0.003939860087679996,0.0027859017849247505,0.1002750280254483
EVT_PRIMARY_20260228,2026-02-28,Primary conflict event specified in the approved research design,Technical Infrastructure & Software,5,2,0.0007731635415406499,0.002755721825787408,0.00194858959007805,0.0937120672524503,-0.0012630613857423502,0.007837820709729446,0.0055421761735740495,0.09901196663970595
EVT_PRIMARY_20260228,2026-02-28,Primary conflict event specified in the approved research design,Technical Infrastructure & Software,6,2,-0.015828120103348803,0.030161529156007828,0.0213274217971689,0.0778839471491015,-0.018319863683845052,0.03328267788060436,0.023534407225422847,0.08069210295586089
EVT_PRIMARY_20260228,2026-02-28,Primary conflict event specified in the approved research design,Technical Infrastructure & Software,7,2,0.0009513570329619993,0.016645322009557786,0.011770020067992,0.0788353041820635,0.0020304766794444,0.01428601319410382,0.0101017368056713,0.0827225796353053
EVT_PRIMARY_20260228,2026-02-28,Primary conflict event specified in the approved research design,Technical Infrastructure & Software,8,2,0.0139271344352782,0.003175956364834427,0.002245740282327,0.0927624386173417,0.01732581111870915,0.007339726843835687,0.005189970623333149,0.10004839075401445
EVT_PRIMARY_20260228,2026-02-28,Primary conflict event specified in the approved research design,Technical Infrastructure & Software,9,2,0.00466798698494875,0.0029779990612627313,0.00210576333058605,0.09743042560229045,0.00627976951101225,0.0035214028626961236,0.00249000784350215,0.1063281602650267
EVT_PRIMARY_20260228,2026-02-28,Primary conflict event specified in the approved research design,Technical Infrastructure & Software,10,2,-0.03136890145890505,0.028995520949569437,0.02050292948747715,0.0660615241433854,-0.03428806841921535,0.03177553644788212,0.022468697298137746,0.07204009184581134
EVT_PRIMARY_20260228,2026-02-28,Primary conflict event specified in the approved research design,Technology & Component Supplier,-5,3,0.006818177475864699,0.019369746534687576,0.011183128375936694,0.006818177475864699,0.0126389247140413,0.020026458576352456,0.011562281249971981,0.0126389247140413
EVT_PRIMARY_20260228,2026-02-28,Primary conflict event specified in the approved research design,Technology & Component Supplier,-4,3,-0.0018390823703019002,0.017086469688254242,0.009864877874013968,0.004979095105562799,-0.007817742984600166,0.019468249928201616,0.011239999336698116,0.004821181729441133
EVT_PRIMARY_20260228,2026-02-28,Primary conflict event specified in the approved research design,Technology & Component Supplier,-3,3,2.4189812389466443e-05,0.005666718245765609,0.0032716813046145383,0.005003284917952266,-0.0054648586592406,0.0034934991082413917,0.0020169726505568854,-0.0006436769297994667
EVT_PRIMARY_20260228,2026-02-28,Primary conflict event specified in the approved research design,Technology & Component Supplier,-2,3,-0.030422351535472136,0.027141794167372637,0.01567032216882201,-0.02541906661751987,-0.028628670939402367,0.026064672843792724,0.015048445882703258,-0.029272347869201833
EVT_PRIMARY_20260228,2026-02-28,Primary conflict event specified in the approved research design,Technology & Component Supplier,-1,3,-0.02439941598705057,0.014895786731800335,0.00860008647939618,-0.04981848260457044,-0.022793719246282134,0.014264336677311293,0.008235518620457127,-0.05206606711548396
EVT_PRIMARY_20260228,2026-02-28,Primary conflict event specified in the approved research design,Technology & Component Supplier,0,3,0.007347645523314334,0.01988095432678554,0.011478274332316287,-0.0424708370812561,0.005629611814180867,0.019621504384353613,0.011328480838211981,-0.0464364553013031
EVT_PRIMARY_20260228,2026-02-28,Primary conflict event specified in the approved research design,Technology & Component Supplier,1,3,0.009537567934913432,0.015631475570628904,0.009024836628533657,-0.032933269146342675,0.0154349200192688,0.016225607309238475,0.009367858747753994,-0.0310015352820343
EVT_PRIMARY_20260228,2026-02-28,Primary conflict event specified in the approved research design,Technology & Component Supplier,2,3,-0.002384592409348034,0.01068576073877148,0.006169426839025649,-0.03531786155569071,-0.0047088696250048665,0.008191284201198162,0.0047292401385704876,-0.03571040490703917
EVT_PRIMARY_20260228,2026-02-28,Primary conflict event specified in the approved research design,Technology & Component Supplier,3,3,0.009379473808440035,0.013397466808788365,0.007735031068513039,-0.025938387747250675,0.0092888431910795,0.010341094832537062,0.005970433885280721,-0.026421561715959666
EVT_PRIMARY_20260228,2026-02-28,Primary conflict event specified in the approved research design,Technology & Component Supplier,4,3,-0.001421706225053,0.013897274038704851,0.008023594907248244,-0.027360093972303674,0.0030439210909158337,0.006040814797072251,0.003487666049214339,-0.023377640625043834
EVT_PRIMARY_20260228,2026-02-28,Primary conflict event specified in the approved research design,Technology & Component Supplier,5,3,0.012433356304117467,0.009847963944014737,0.005685724634046638,-0.014926737668186208,0.009561398082529933,0.011310699963599836,0.006530235668707456,-0.0138162425425139
EVT_PRIMARY_20260228,2026-02-28,Primary conflict event specified in the approved research design,Technology & Component Supplier,6,3,0.0197573475203903,0.017755712324943027,0.010251265290459412,0.00483060985220409,0.017601575035102898,0.013641612162810013,0.007875988454378834,0.003785332492588998
EVT_PRIMARY_20260228,2026-02-28,Primary conflict event specified in the approved research design,Technology & Component Supplier,7,3,0.0188627101996361,0.02557122834250268,0.014763555567053312,0.02369332005184019,0.017251327654111366,0.023644542321231407,0.013651182874028453,0.021036660146700366
EVT_PRIMARY_20260228,2026-02-28,Primary conflict event specified in the approved research design,Technology & Component Supplier,8,3,-0.0013725919905289003,0.0024131510720936202,0.0013932334210684856,0.02232072806131129,0.0050377721713599005,0.008947647753333402,0.005165926839000991,0.026074432318060267
EVT_PRIMARY_20260228,2026-02-28,Primary conflict event specified in the approved research design,Technology & Component Supplier,9,3,-0.005997291616804267,0.012288263250786923,0.007094632095714816,0.016323436444507025,-0.003551811217317733,0.012238427168720029,0.007065859220318139,0.022522621100742532
EVT_PRIMARY_20260228,2026-02-28,Primary conflict event specified in the approved research design,Technology & Component Supplier,10,3,0.0117357998916836,0.014536254188489603,0.008392510268733298,0.028059236336190625,0.006316818975840334,0.01852823497473554,0.010697281450272203,0.028839440076582866
EVT_PRIMARY_20260228,2026-02-28,Primary conflict event specified in the approved research design,Transport & Logistics,-5,2,-0.00013209942157235005,0.002490277567020666,0.0017608921546770498,-0.00013209942157235005,-0.00058526972882025,0.0035022428757841527,0.0024764596868292496,-0.00058526972882025
EVT_PRIMARY_20260228,2026-02-28,Primary conflict event specified in the approved research design,Transport & Logistics,-4,2,-0.0039369884658981,0.005250819362648529,0.0037128899781144,-0.00406908788747045,-0.0039062003984553,0.00517064694515796,0.0036561995180426996,-0.00449147012727555
EVT_PRIMARY_20260228,2026-02-28,Primary conflict event specified in the approved research design,Transport & Logistics,-3,2,-0.009639297793874249,0.012398573488665252,0.00876711539087495,-0.0137083856813447,-0.00965886503266945,0.012364097906933038,0.00874273747324675,-0.014150335159945
EVT_PRIMARY_20260228,2026-02-28,Primary conflict event specified in the approved research design,Transport & Logistics,-2,2,0.01093205976404855,0.01094249764502379,0.007737514287914148,-0.00277632591729615,0.0105108019536925,0.010335220358547502,0.007308104400586199,-0.0036395332062525
EVT_PRIMARY_20260228,2026-02-28,Primary conflict event specified in the approved research design,Transport & Logistics,-1,2,0.00419689763924095,0.0022790068855883406,0.0016115012231703498,0.0014205717219447998,0.00384747192043835,0.002895915854305354,0.0020477217383249495,0.00020793871418585018
EVT_PRIMARY_20260228,2026-02-28,Primary conflict event specified in the approved research design,Transport & Logistics,0,2,-0.00136782355920305,0.00228448717057726,0.0016153763698488496,5.2748162741749795e-05,-0.0013539789345030499,0.0015783544737617383,0.0011160651515130498,-0.0011460402203171997
EVT_PRIMARY_20260228,2026-02-28,Primary conflict event specified in the approved research design,Transport & Logistics,1,2,-0.0039008384767521996,0.0016354552634707511,0.0011564415071273998,-0.0038480903140104498,-0.0041245877580878,0.00038341276362922514,0.00027111376515569994,-0.005270627978404999
EVT_PRIMARY_20260228,2026-02-28,Primary conflict event specified in the approved research design,Transport & Logistics,2,2,0.0040975947882903,0.010996303389754747,0.0077755606948802,0.00024950447427985,0.003983301762359901,0.010861942335068812,0.007680553081984399,-0.0012873262160450986
EVT_PRIMARY_20260228,2026-02-28,Primary conflict event specified in the approved research design,Transport & Logistics,3,2,-0.026280980770825947,0.005608055837384313,0.0039654943118872495,-0.026031476296546098,-0.026538160528141952,0.004743547247808891,0.003354194425804451,-0.02782548674418705
EVT_PRIMARY_20260228,2026-02-28,Primary conflict event specified in the approved research design,Transport & Logistics,4,2,-0.00467685759866845,0.02858725382773506,0.02021424103709255,-0.03070833389521455,-0.00523171866997345,0.029714465055582163,0.021011299740132848,-0.0330572054141605
EVT_PRIMARY_20260228,2026-02-28,Primary conflict event specified in the approved research design,Transport & Logistics,5,2,-0.0026262815601629,0.0056120656518937875,0.003968329678918199,-0.03333461545537745,-0.00251204286197145,0.005472347158955893,0.0038695337851046498,-0.03556924827613195
EVT_PRIMARY_20260228,2026-02-28,Primary conflict event specified in the approved research design,Transport & Logistics,6,2,0.0007084348825232001,0.004366044332810783,0.0030872595546915997,-0.03262618057285425,0.00022652118114130002,0.004598078646957764,0.0032513325916928995,-0.03534272709499065
EVT_PRIMARY_20260228,2026-02-28,Primary conflict event specified in the approved research design,Transport & Logistics,7,2,0.00470586561840625,0.002083182037731353,0.0014730321453258499,-0.027920314954447998,0.0045809866021966,0.0014624874504345566,0.0010341347936024996,-0.030761740492794048
EVT_PRIMARY_20260228,2026-02-28,Primary conflict event specified in the approved research design,Transport & Logistics,8,2,-0.00642207368599515,0.0017063796503463727,0.00120659262203865,-0.034342388640443144,-0.00710011510044555,0.0028341945153510534,0.00200407816100645,-0.037861855593239596
EVT_PRIMARY_20260228,2026-02-28,Primary conflict event specified in the approved research design,Transport & Logistics,9,2,-0.0056926003340912,0.010812534819193947,0.0076456166924677,-0.04003498897453435,-0.00604738194175715,0.010049102400346963,0.007105788452123349,-0.043909237534996745
EVT_PRIMARY_20260228,2026-02-28,Primary conflict event specified in the approved research design,Transport & Logistics,10,2,-0.00582492449488985,0.003395247132290441,0.0024008022710467498,-0.045859913469424196,-0.005759343796385451,0.0033024710351463628,0.00233519966362415,-0.049668581331382196
