event_id,event_calendar_date,event_title,sample_group,relative_trading_day,company_count,aar,aar_standard_deviation,aar_standard_error,caar,ols_aar,ols_aar_standard_deviation,ols_aar_standard_error,ols_caar
EVT_PRIMARY_20260228,2026-02-28,Primary conflict event specified in the approved research design,CONFIRMATORY,-5,8,-0.004850823474831913,0.02254187349639209,0.007969755804974079,-0.004850823474831913,-0.008802269472640949,0.021121418612285513,0.0074675491645134215,-0.008802269472640949
EVT_PRIMARY_20260228,2026-02-28,Primary conflict event specified in the approved research design,CONFIRMATORY,-4,8,-0.0032669558228229745,0.016820351275460107,0.0059468922244088175,-0.008117779297654887,-0.001834026439690925,0.01659162397496555,0.00586602491179772,-0.010636295912331874
EVT_PRIMARY_20260228,2026-02-28,Primary conflict event specified in the approved research design,CONFIRMATORY,-3,8,-0.012459424109795038,0.015937900924490652,0.005634898910793342,-0.020577203407449923,-0.011082515753240013,0.01463550783507028,0.005174433418143521,-0.021718811665571887
EVT_PRIMARY_20260228,2026-02-28,Primary conflict event specified in the approved research design,CONFIRMATORY,-2,8,-0.004983796869278738,0.01712395842764888,0.006054233562473526,-0.02556100027672866,-0.007134194434507025,0.01690243569312787,0.00597591344859013,-0.02885300610007891
EVT_PRIMARY_20260228,2026-02-28,Primary conflict event specified in the approved research design,CONFIRMATORY,-1,8,0.005613867907077838,0.023462149329872044,0.008295122446181967,-0.019947132369650823,0.0040055568333847375,0.022450558601316842,0.007937471114208556,-0.024847449266694174
EVT_PRIMARY_20260228,2026-02-28,Primary conflict event specified in the approved research design,CONFIRMATORY,0,8,0.03663273989203321,0.03360371298954953,0.011880706663978472,0.016685607522382385,0.036280323546453365,0.03376323226508352,0.011937105244708496,0.01143287427975919
EVT_PRIMARY_20260228,2026-02-28,Primary conflict event specified in the approved research design,CONFIRMATORY,1,8,0.017254099432007862,0.041083504084375916,0.014525212166483715,0.03393970695439025,0.01383452908254635,0.041078907856024034,0.014523587154365967,0.02526740336230554
EVT_PRIMARY_20260228,2026-02-28,Primary conflict event specified in the approved research design,CONFIRMATORY,2,8,-0.008614933448185876,0.020590049768421666,0.00727968190810973,0.025324773506204372,-0.007983403314389738,0.02124442444775047,0.0075110382947048155,0.017284000047915804
EVT_PRIMARY_20260228,2026-02-28,Primary conflict event specified in the approved research design,CONFIRMATORY,3,8,-0.017353691339869852,0.03369926696172783,0.011914490094826764,0.00797108216633452,-0.019067624441278037,0.03401747869509901,0.012026994932086707,-0.0017836243933622362
EVT_PRIMARY_20260228,2026-02-28,Primary conflict event specified in the approved research design,CONFIRMATORY,4,8,0.02106764380790029,0.02284847341092447,0.008078155244312608,0.02903872597423481,0.01742153076004889,0.020464715057079006,0.007235369395955504,0.015637906366686653
EVT_PRIMARY_20260228,2026-02-28,Primary conflict event specified in the approved research design,CONFIRMATORY,5,8,0.013423932841010665,0.029529830704629573,0.010440371769267147,0.042462658815245476,0.014288067155224174,0.02650951563335414,0.009372529135157752,0.02992597352191083
EVT_PRIMARY_20260228,2026-02-28,Primary conflict event specified in the approved research design,CONFIRMATORY,6,8,-0.020305167136789374,0.021462671759766207,0.007588200371855848,0.022157491678456098,-0.02134808080338805,0.020224781235271966,0.007150539979737623,0.00857789271852278
EVT_PRIMARY_20260228,2026-02-28,Primary conflict event specified in the approved research design,CONFIRMATORY,7,8,-0.004654595214989787,0.02841199943055583,0.010045158732207177,0.01750289646346631,-0.00556407851009,0.029215852072123006,0.01032936355917061,0.00301381420843278
EVT_PRIMARY_20260228,2026-02-28,Primary conflict event specified in the approved research design,CONFIRMATORY,8,8,0.013256406604970374,0.02102602174388515,0.007433821278238493,0.030759303068436685,0.008890795937954388,0.02084229866415173,0.007368865360468504,0.011904610146387168
EVT_PRIMARY_20260228,2026-02-28,Primary conflict event specified in the approved research design,CONFIRMATORY,9,8,0.008144517247253449,0.016506305795177888,0.005835860380054546,0.03890382031569013,0.005569187287131287,0.016619042677657275,0.005875718887100048,0.017473797433518456
EVT_PRIMARY_20260228,2026-02-28,Primary conflict event specified in the approved research design,CONFIRMATORY,10,8,0.008101308523683112,0.018471885650852372,0.006530797802510097,0.047005128839373245,0.009571895902501138,0.0162282722608005,0.005737560681276789,0.027045693336019593
EVT_PRIMARY_20260228,2026-02-28,Primary conflict event specified in the approved research design,EXPLORATORY,-5,37,-0.0022357898469482227,0.03209226619537149,0.005275936062853025,-0.0022357898469482227,-0.0018431909596086514,0.028415985116657813,0.00467155917646265,-0.0018431909596086514
EVT_PRIMARY_20260228,2026-02-28,Primary conflict event specified in the approved research design,EXPLORATORY,-4,37,0.0013219516307972183,0.015338373270348819,0.002521613032556907,-0.0009138382161510044,0.0007226119482948891,0.015232636024837865,0.0025042299364744485,-0.0011205790113137624
EVT_PRIMARY_20260228,2026-02-28,Primary conflict event specified in the approved research design,EXPLORATORY,-3,37,-0.005002918025948475,0.014704220203418513,0.0024173589105569784,-0.005916756242099479,-0.005049032123598189,0.012935266678643156,0.0021265447424936674,-0.006169611134911952
EVT_PRIMARY_20260228,2026-02-28,Primary conflict event specified in the approved research design,EXPLORATORY,-2,37,-0.000345049488026589,0.02090331856034491,0.0034364844026419823,-0.006261805730126068,-0.0007366980922830218,0.02095992306901313,0.0034457901265439552,-0.006906309227194973
EVT_PRIMARY_20260228,2026-02-28,Primary conflict event specified in the approved research design,EXPLORATORY,-1,37,0.002905866915057916,0.02028539614941851,0.0033348985840523974,-0.003355938815068152,0.002142511531821992,0.019060291039606433,0.0031334925446566734,-0.004763797695372982
EVT_PRIMARY_20260228,2026-02-28,Primary conflict event specified in the approved research design,EXPLORATORY,0,37,0.02350831211122496,0.028962660168568313,0.004761432001381839,0.02015237329615681,0.021237980185116304,0.027836254689869135,0.004576252081388488,0.016474182489743323
EVT_PRIMARY_20260228,2026-02-28,Primary conflict event specified in the approved research design,EXPLORATORY,1,37,0.01154380714163839,0.024290225765606976,0.003993288517284284,0.0316961804377952,0.009498675287411225,0.025340404464628704,0.004165936831893114,0.025972857777154548
EVT_PRIMARY_20260228,2026-02-28,Primary conflict event specified in the approved research design,EXPLORATORY,2,37,-0.0033384923716935464,0.018864643820783907,0.0031013283400131405,0.02835768806610165,-0.0035690249250138486,0.01710988020516752,0.002812846978645519,0.0224038328521407
EVT_PRIMARY_20260228,2026-02-28,Primary conflict event specified in the approved research design,EXPLORATORY,3,37,-0.0011131194327634,0.02398110480295722,0.003942469344069807,0.027244568633338254,-0.0021711737317646916,0.02458634118845847,0.004041969592926567,0.020232659120376008
EVT_PRIMARY_20260228,2026-02-28,Primary conflict event specified in the approved research design,EXPLORATORY,4,37,0.0062996988777392834,0.024173682659317332,0.003974128948632846,0.03354426751107754,0.005568987740764484,0.02332219896324266,0.0038341458912911474,0.02580164686114049
EVT_PRIMARY_20260228,2026-02-28,Primary conflict event specified in the approved research design,EXPLORATORY,5,37,0.008899626253927862,0.021138779498460776,0.0034751939424182,0.042443893765005396,0.008338591111894543,0.020240951443464987,0.003327591919402554,0.03414023797303503
EVT_PRIMARY_20260228,2026-02-28,Primary conflict event specified in the approved research design,EXPLORATORY,6,37,-0.008405550006711542,0.022525886450399605,0.0037032329206011646,0.03403834375829386,-0.00806877006373882,0.022297138988395214,0.003665627069498972,0.026071467909296216
EVT_PRIMARY_20260228,2026-02-28,Primary conflict event specified in the approved research design,EXPLORATORY,7,37,0.010389831194504224,0.018540158847115913,0.003047983338946317,0.04442817495279808,0.009771034189370906,0.01843387730950807,0.0030305107617943313,0.03584250209866712
EVT_PRIMARY_20260228,2026-02-28,Primary conflict event specified in the approved research design,EXPLORATORY,8,37,0.01372587813349388,0.020017269278433895,0.0032908187979931725,0.05815405308629196,0.012679828664489686,0.018695178409163668,0.0030734683979594876,0.048522330763156804
EVT_PRIMARY_20260228,2026-02-28,Primary conflict event specified in the approved research design,EXPLORATORY,9,37,0.005031736928447009,0.01420290269686665,0.0023349428201614054,0.06318579001473897,0.0037391568587065785,0.013031761841622861,0.0021424084495673965,0.05226148762186339
EVT_PRIMARY_20260228,2026-02-28,Primary conflict event specified in the approved research design,EXPLORATORY,10,37,-0.001053004421731363,0.015051557991714285,0.002474460891205686,0.062132785593007604,-0.0014999244028160135,0.014911948657887208,0.002451509258106139,0.05076156321904737
EVT_PRIMARY_20260228,2026-02-28,Primary conflict event specified in the approved research design,POST_HOC_EXPLORATORY,-5,1,-0.014604889207459,,,-0.014604889207459,-0.0139256522352062,,,-0.0139256522352062
EVT_PRIMARY_20260228,2026-02-28,Primary conflict event specified in the approved research design,POST_HOC_EXPLORATORY,-4,1,0.0171612089021541,,,0.002556319694695098,0.0180537714779084,,,0.0041281192427022
EVT_PRIMARY_20260228,2026-02-28,Primary conflict event specified in the approved research design,POST_HOC_EXPLORATORY,-3,1,-0.0232626600974098,,,-0.020706340402714702,-0.0222098171336305,,,-0.018081697890928297
EVT_PRIMARY_20260228,2026-02-28,Primary conflict event specified in the approved research design,POST_HOC_EXPLORATORY,-2,1,0.0084437669503529,,,-0.012262573452361801,0.0094330736888993,,,-0.008648624202029
EVT_PRIMARY_20260228,2026-02-28,Primary conflict event specified in the approved research design,POST_HOC_EXPLORATORY,-1,1,0.000188214715842,,,-0.012074358736519802,0.0010816111496405,,,-0.0075670130523885
EVT_PRIMARY_20260228,2026-02-28,Primary conflict event specified in the approved research design,POST_HOC_EXPLORATORY,0,1,-0.020609297598939,,,-0.032683656335458805,-0.0202358783256766,,,-0.0278028913780651
EVT_PRIMARY_20260228,2026-02-28,Primary conflict event specified in the approved research design,POST_HOC_EXPLORATORY,1,1,0.0055558186501164,,,-0.027127837685342406,0.0057482261450764,,,-0.0220546652329887
EVT_PRIMARY_20260228,2026-02-28,Primary conflict event specified in the approved research design,POST_HOC_EXPLORATORY,2,1,-0.0036458522784781,,,-0.030773689963820506,-0.0023913467217212,,,-0.024446011954709898
EVT_PRIMARY_20260228,2026-02-28,Primary conflict event specified in the approved research design,POST_HOC_EXPLORATORY,3,1,0.0004055812480071,,,-0.030368108715813406,0.0009729557143449,,,-0.023473056240365
EVT_PRIMARY_20260228,2026-02-28,Primary conflict event specified in the approved research design,POST_HOC_EXPLORATORY,4,1,-0.020319684355886,,,-0.050687793071699405,-0.0196158125648999,,,-0.0430888688052649
EVT_PRIMARY_20260228,2026-02-28,Primary conflict event specified in the approved research design,POST_HOC_EXPLORATORY,5,1,-0.0142054069382592,,,-0.0648932000099586,-0.0134659687776211,,,-0.056554837582886
EVT_PRIMARY_20260228,2026-02-28,Primary conflict event specified in the approved research design,POST_HOC_EXPLORATORY,6,1,0.0018653174614988,,,-0.0630278825484598,0.0032521951820152,,,-0.0533026424008708
EVT_PRIMARY_20260228,2026-02-28,Primary conflict event specified in the approved research design,POST_HOC_EXPLORATORY,7,1,0.0317227244104599,,,-0.0313051581379999,0.0323390058225667,,,-0.0209636365783041
EVT_PRIMARY_20260228,2026-02-28,Primary conflict event specified in the approved research design,POST_HOC_EXPLORATORY,8,1,0.0032034270101319,,,-0.028101731127868002,0.0040570053013377,,,-0.0169066312769664
EVT_PRIMARY_20260228,2026-02-28,Primary conflict event specified in the approved research design,POST_HOC_EXPLORATORY,9,1,-0.0212815737732002,,,-0.0493833049010682,-0.02050800233577,,,-0.0374146336127364
EVT_PRIMARY_20260228,2026-02-28,Primary conflict event specified in the approved research design,POST_HOC_EXPLORATORY,10,1,-0.0192952256921026,,,-0.0686785305931708,-0.0182959502052232,,,-0.0557105838179596
