document_id,published_at,country_code,target_country_codes,source_id,publisher,source_layer,broadcaster_control,company_ids,medium,title,content,url,categories,framing_codes,classification_status,verification_status,reviewer,reviewed_at
CENTCOM-4418396,2026-02-28T00:00:00+00:00,US,IR,US_CENTCOM_PUBLIC_RELEASES,U.S. Central Command,STATE_ORGAN,STATE_CONTROLLED,,OFFICIAL_RELEASE,U.S. Forces Launch Operation Epic Fury,"CENTCOM says U.S. and partner forces began striking Iranian command, air-defence, missile, drone and military-airfield targets on February 28.",https://www.centcom.mil/MEDIA/PUBLIC-RELEASES/Article/4418396/us-forces-launch-operation-epic-fury/,MILITARY_OPERATIONS_SECURITY,,AUTO_SUGGESTED,VERIFIED,,
a74c2defa43fc27b58b1edb8f2a0563df334ef533b8a8d36aef996edfb89d4f4,2026-02-28T09:54:00+03:30,DE,IL,DE_TAGESSCHAU_NEWS_RSS,ARD-aktuell,NEWS,PUBLIC_SERVICE_INDEPENDENT,,ONLINE_NEWS,Iran feuert Raketenwellen auf Israel ab,"Laut Tagesschau-Liveblog haben die iranischen Streitkraefte nach eigenen Angaben mehrere Raketenwellen auf Israel abgefeuert; die Revolutionsgarden bezeichneten dies als Reaktion auf die vorausgegangenen Angriffe. Israel meldete Luftschutzalarm in mehreren Landesteilen. Paraphrasierte Zusammenfassung, kein woertliches Zitat.",https://www.tagesschau.de/newsticker/liveblog-israel-usa-angriffe-iran-100.html,MILITARY_OPERATIONS_SECURITY,,AUTO_SUGGESTED,PARTIALLY_VERIFIED,,
fc6ed341ef5ddd65400a41e71e25c4b344a82d4964640e4f005a62c894161103,2026-02-28T08:35:00+01:00,DE,IR,DE_TAGESSCHAU_NEWS_RSS,ARD-aktuell,NEWS,PUBLIC_SERVICE_INDEPENDENT,,ONLINE_NEWS,"Israel greift Iran an, Trump bestaetigt US-Beteiligung","Laut Tagesschau-Liveblog hat Israel am fruehen Morgen Ziele im Iran angegriffen, wenig spaeter bestaetigte US-Praesident Trump auf Truth Social eigene, umfangreiche Angriffe der US-Streitkraefte; Ziel sei laut Trump, eine unmittelbare Bedrohung durch die iranische Fuehrung zu beseitigen. Paraphrasierte Zusammenfassung, kein woertliches Zitat.",https://www.tagesschau.de/newsticker/liveblog-israel-usa-angriffe-iran-100.html,MILITARY_OPERATIONS_SECURITY,,AUTO_SUGGESTED,PARTIALLY_VERIFIED,,
c3b42cd853c17745505043cc2cdcf13c2220e3a4017886d1ec115ba134f291a4,2026-02-28T11:31:00+03:30,DE,IL;US,DE_TAGESSCHAU_NEWS_RSS,ARD-aktuell,NEWS,PUBLIC_SERVICE_INDEPENDENT,,ONLINE_NEWS,Iran droht mit weitreichender Vergeltung,"Laut Tagesschau-Liveblog hat das iranische Militaer nach Beginn der Angriffe eine entschlossene Reaktion angekuendigt und laut staatlichem Rundfunk erklaert, Israel und den USA eine beispiellose Lektion erteilen zu wollen; der Aussenamtssprecher sprach von einem offenkundigen Verbrechen und forderte eine Dringlichkeitssitzung des UN-Sicherheitsrats. Paraphrasierte Zusammenfassung, kein woertliches Zitat.",https://www.tagesschau.de/newsticker/liveblog-israel-usa-angriffe-iran-100.html,MILITARY_OPERATIONS_SECURITY,ESCALATION,AUTO_SUGGESTED,PARTIALLY_VERIFIED,,
72910c656b3bbfdd5d3610095293d83eafa470e0b1d752d8ea2c6421bc06fd69,2026-02-28T14:46:00+04:00,DE,IR,DE_TAGESSCHAU_NEWS_RSS,ARD-aktuell,NEWS,PUBLIC_SERVICE_INDEPENDENT,,ONLINE_NEWS,Grosse Oelkonzerne setzen Lieferungen durch Hormus aus,"Laut Tagesschau-Liveblog haben mehrere grosse Oelkonzerne und Handelshaeuser laut Reuters ihre Oel- und Treibstofflieferungen durch die Strasse von Hormus wegen des Angriffs auf Iran ausgesetzt; ein Manager eines Handelshauses sprach von einem mehrtaegigen Stillstand der eigenen Schiffe. Paraphrasierte Zusammenfassung, kein woertliches Zitat.",https://www.tagesschau.de/newsticker/liveblog-israel-usa-angriffe-iran-100.html,MILITARY_OPERATIONS_SECURITY,,AUTO_SUGGESTED,PARTIALLY_VERIFIED,,
28b039249334a49e1f05e7eff04433ce5bd86d61cfe00f5aebf00554019d4050,2026-02-28T14:57:00+01:00,DE,IR,DE_TAGESSCHAU_NEWS_RSS,ARD-aktuell,NEWS,PUBLIC_SERVICE_INDEPENDENT,,ONLINE_NEWS,"Merz, Macron und Starmer verurteilen iranische Gegenangriffe","Laut Tagesschau-Liveblog haben Deutschland, Frankreich und Grossbritannien in einer gemeinsamen Erklaerung von Bundeskanzler Merz, Praesident Macron und Premier Starmer die iranischen Gegenangriffe auf Staaten der Region scharf verurteilt und Iran zur Rueckkehr an den Verhandlungstisch aufgefordert. Paraphrasierte Zusammenfassung, kein woertliches Zitat.",https://www.tagesschau.de/newsticker/liveblog-israel-usa-angriffe-iran-100.html,,RESPONSIBILITY_BLAME,AUTO_SUGGESTED,PARTIALLY_VERIFIED,,
7edf4287db8e10be4d3bc6ab277c9e80fc7435732eaa1179ebd79b80c90c0297,2026-02-28T15:59:00+01:00,DE,IR;IL;US,DE_TAGESSCHAU_NEWS_RSS,ARD-aktuell,NEWS,PUBLIC_SERVICE_INDEPENDENT,,ONLINE_NEWS,UN-Generalsekretaer verurteilt militaerische Eskalation,"Laut Tagesschau-Liveblog hat UN-Generalsekretaer Guterres die militaerische Eskalation im Nahen Osten verurteilt und erklaert, sowohl die Gewaltanwendung durch die USA und Israel gegen Iran als auch die anschliessenden iranischen Vergeltungsmassnahmen untergruben den internationalen Frieden. Paraphrasierte Zusammenfassung, kein woertliches Zitat.",https://www.tagesschau.de/newsticker/liveblog-israel-usa-angriffe-iran-100.html,,RESPONSIBILITY_BLAME;ESCALATION,AUTO_SUGGESTED,PARTIALLY_VERIFIED,,
e52dfdb8b37a32f14acd19e1b97d91f3c0f04500fabb299dd3a4be6a1cd94a7d,2026-02-28T18:42:00+03:30,DE,IR,DE_TAGESSCHAU_NEWS_RSS,ARD-aktuell,NEWS,PUBLIC_SERVICE_INDEPENDENT,,ONLINE_NEWS,Zahl der Toten in iranischer Maedchenschule steigt auf 85,"Laut Tagesschau-Liveblog stieg nach einem Angriff im Sueden Irans die von iranischen Behoerden gemeldete Zahl der Toten in einer Maedchenschule in der Provinz Hormusgan auf mindestens 85; die Angaben liessen sich unabhaengig nicht ueberpruefen, in der Provinz befinden sich auch Marinestuetzpunkte der iranischen Streitkraefte. Paraphrasierte Zusammenfassung, kein woertliches Zitat.",https://www.tagesschau.de/newsticker/liveblog-israel-usa-angriffe-iran-100.html,MILITARY_OPERATIONS_SECURITY,,AUTO_SUGGESTED,PARTIALLY_VERIFIED,,
4b3f8cbf14fc59aa224bb7ec9d26596d0887f282b7ba5b75756bb32ac4a94b39,2026-02-28T20:32:00+03:30,DE,IR,DE_TAGESSCHAU_NEWS_RSS,ARD-aktuell,NEWS,PUBLIC_SERVICE_INDEPENDENT,,ONLINE_NEWS,Iran schraenkt Berichterstattung auslaendischer Journalisten ein,"Laut Tagesschau-Liveblog hat der Iran laut Kultusministerium die Berichterstattung auslaendischer Journalisten und Fotografen weiter eingeschraenkt; Bilder und Informationen ueber angegriffene Ziele duerften nur noch mit Genehmigung des Generalstabs veroeffentlicht werden, ebenso Statistiken zu militaerischen oder zivilen Opfern vor offizieller Bestaetigung. Paraphrasierte Zusammenfassung, kein woertliches Zitat.",https://www.tagesschau.de/newsticker/liveblog-israel-usa-angriffe-iran-100.html,,,UNCLASSIFIED,PARTIALLY_VERIFIED,,
29b2c8f46799c716265383915c2abce5e2cdea5e538dea8000d990990dac8d36,2026-02-28T18:39:00+01:00,DE,IR,DE_TAGESSCHAU_NEWS_RSS,ARD-aktuell,NEWS,PUBLIC_SERVICE_INDEPENDENT,,ONLINE_NEWS,Klingbeil ruft zur Rueckkehr an den Verhandlungstisch auf,"Laut Tagesschau-Liveblog hat Vizekanzler Klingbeil vor einer weiteren Verschaerfung der militaerischen Lage gewarnt und die iranischen Vergeltungsschlaege als gefaehrliche Eskalation mit unabsehbaren Folgen fuer die regionale Sicherheit bezeichnet; er appellierte an alle Seiten, an den Verhandlungstisch zurueckzukehren. Paraphrasierte Zusammenfassung, kein woertliches Zitat.",https://www.tagesschau.de/newsticker/liveblog-israel-usa-angriffe-iran-100.html,,ESCALATION,AUTO_SUGGESTED,PARTIALLY_VERIFIED,,
eff8bcb678280d6cd8427beb31f55a2c774f9a612ac2bd719a8652c8e9f9a7ab,2026-03-01T00:14:00+01:00,DE,IR,DE_TAGESSCHAU_NEWS_RSS,ARD-aktuell,NEWS,PUBLIC_SERVICE_INDEPENDENT,,ONLINE_NEWS,Pahlavi ruft iranische Sicherheitskraefte zum Umsturz auf,"Laut Tagesschau-Liveblog hat der Sohn des frueheren Schahs von Persien, Reza Pahlavi, die Sicherheitskraefte im Iran nach Trumps Erklaerung zum Umsturz aufgerufen und sie aufgefordert, sich dem Volk anzuschliessen; jeder Versuch einer Nachfolgeregelung fuer Chamenei sei zum Scheitern verurteilt. Paraphrasierte Zusammenfassung, kein woertliches Zitat.",https://www.tagesschau.de/newsticker/liveblog-israel-usa-angriffe-iran-100.html,,RESPONSIBILITY_BLAME,AUTO_SUGGESTED,PARTIALLY_VERIFIED,,
6fda94a737ef5282e231fd0599a820b94b550f00f92c8f54bd5b0de0cb3a27db,2026-02-28T21:18:00-05:00,DE,US;IR,DE_TAGESSCHAU_NEWS_RSS,ARD-aktuell,NEWS,PUBLIC_SERVICE_INDEPENDENT,,ONLINE_NEWS,Kritik aus Trumps eigenem Lager an Angriffen auf Iran,"Laut Tagesschau-Liveblog gab es auch innerhalb der MAGA-Bewegung von US-Praesident Trump kritische Stimmen zu den Angriffen auf Iran; mehrere Vertreter warnten, der Krieg koennte den Republikanern bei den Kongresswahlen im November schaden, waehrend andere Anhaenger den Einsatz verteidigten. Paraphrasierte Zusammenfassung, kein woertliches Zitat.",https://www.tagesschau.de/newsticker/liveblog-israel-usa-angriffe-iran-100.html,MILITARY_OPERATIONS_SECURITY,,AUTO_SUGGESTED,PARTIALLY_VERIFIED,,
fbcc5a1b3efe82869a672203f80e3b1f2fad194c1f2c6a1cca160aab2de12821,2026-02-28T22:59:00-05:00,DE,IR,DE_TAGESSCHAU_NEWS_RSS,ARD-aktuell,NEWS,PUBLIC_SERVICE_INDEPENDENT,,ONLINE_NEWS,Trump meldet Tod von Irans oberstem Fuehrer Chamenei,"Laut Tagesschau-Liveblog hat US-Praesident Trump auf Truth Social den Tod von Irans oberstem Fuehrer Ayatollah Ali Chamenei verkuendet und erklaert, die Bombardierungen wuerden fortgesetzt, bis das Ziel eines Friedens in der Region erreicht sei; eine unabhaengige Bestaetigung aus dem Iran gab es zu diesem Zeitpunkt nicht. Paraphrasierte Zusammenfassung, kein woertliches Zitat.",https://www.tagesschau.de/newsticker/liveblog-israel-usa-angriffe-iran-100.html,,,UNCLASSIFIED,PARTIALLY_VERIFIED,,
c9c2d77c8d776f514b4bb6b3923da35bdcdae2b62d7876b6fba1779f831019eb,2026-03-23T20:19:00+08:00,CN,,CN_CGTN_TRANSCRIPT_SECTION,CGTN,TELEVISION,STATE_CONTROLLED,,TV_TRANSCRIPT,"China urges immediate ceasefire, warns of a widening cycle of violence","In a broadcast segment transcribed on CGTN's website, Chinese Foreign Ministry spokesperson Lin Jian called for an immediate halt to military action between the United States, Israel and Iran, warning that continued escalation risked spreading violence further across the region. The spokesperson urged all parties to exercise restraint and return to dialogue. Paraphrased summary, not a verbatim transcript; see the source URL for the original wording.",https://news.cgtn.com/news/2026-03-23/VHJhbnNjcmlwdDg5NzU5/index.html,DIPLOMACY_MEDIATION_DEESCALATION,ESCALATION;DE_ESCALATION,AUTO_SUGGESTED,PARTIALLY_VERIFIED,,
CENTCOM-4504919,2026-05-31T00:00:00+00:00,US,IR,US_CENTCOM_PUBLIC_RELEASES,U.S. Central Command,STATE_ORGAN,STATE_CONTROLLED,,OFFICIAL_RELEASE,"U.S. Defends, Disables Threats in Response to Iranian Aggression","CENTCOM identifies Saturday as one of two days of self-defence strikes on Iranian radar, air-defence and drone command-and-control sites.
CENTCOM identifies Sunday as one of two days of self-defence strikes on Iranian radar, air-defence and drone command-and-control sites.",https://www.centcom.mil/MEDIA/PUBLIC-RELEASES/Article/4504919/us-defends-disables-threats-in-response-to-iranian-aggression/,MILITARY_OPERATIONS_SECURITY,SELF_DEFENCE_LEGITIMACY,AUTO_SUGGESTED,VERIFIED,,
CENTCOM-4512968,2026-06-09T00:00:00+00:00,US,IR,US_CENTCOM_PUBLIC_RELEASES,U.S. Central Command,STATE_ORGAN,STATE_CONTROLLED,,OFFICIAL_RELEASE,U.S. Completes Strikes in Response to Iran's Attack on Apache,"CENTCOM confirms self-defence strikes on Iranian air defence, ground-control stations and surveillance radar sites on June 9.",https://www.centcom.mil/MEDIA/PUBLIC-RELEASES/Article/4512968/us-completes-strikes-in-response-to-irans-attack-on-apache/,MILITARY_OPERATIONS_SECURITY,SELF_DEFENCE_LEGITIMACY,AUTO_SUGGESTED,VERIFIED,,
CENTCOM-4514154,2026-06-10T00:00:00+00:00,US,IR,US_CENTCOM_PUBLIC_RELEASES,U.S. Central Command,STATE_ORGAN,STATE_CONTROLLED,,OFFICIAL_RELEASE,U.S. Forces Complete Latest Strikes in Iran,"CENTCOM confirms additional self-defence strikes on Iranian surveillance, communications and air-defence targets on June 10.",https://www.centcom.mil/MEDIA/PUBLIC-RELEASES/Article/4514154/us-forces-complete-latest-strikes-in-iran/,MILITARY_OPERATIONS_SECURITY,SELF_DEFENCE_LEGITIMACY,AUTO_SUGGESTED,VERIFIED,,
efb4d9048317a98586d40603e0416cd95b004d60737774facf19c2fb8f22a2a4,2026-06-18T02:25:00+03:00,IL,IR;US;IL,IL_ARUTZ_SHEVA_INN,Israel National News (Arutz Sheva),NEWS,PRIVATE_INDEPENDENT,,ONLINE_NEWS,Irans Chefunterhaendler Ghalibaf erklaert im Staatsfernsehen Kriegssieg ueber USA und Israel,"Laut Israel National News erklaerte Irans Parlamentspraesident und Chefunterhaendler Ghalibaf in einer Ansprache im Staatsfernsehen, der Iran sei aus dem Krieg gegen USA und Israel als Sieger hervorgegangen und habe die neun strategischen Ziele der Gegner vereitelt; er bekraeftigte zugleich, die Strasse von Hormus werde nie in den Vorkriegszustand zurueckkehren, werde aber im Rahmen des internationalen Rechts genutzt. Laut dem damals veroeffentlichten Rahmenabkommen verpflichteten sich die USA im Gegenzug zur Aufhebung der Seeblockade, zur Streichung aller Sanktionen und zu einem mindestens 300 Milliarden Dollar schweren Wiederaufbauplan fuer Iran. Paraphrasierte Zusammenfassung, kein woertliches Zitat.",https://www.israelnationalnews.com/news/428802,SANCTIONS_ECONOMIC_MEASURES,,AUTO_SUGGESTED,PARTIALLY_VERIFIED,,
CENTCOM-4528341,2026-06-26T00:00:00+00:00,US,IR,US_CENTCOM_PUBLIC_RELEASES,U.S. Central Command,STATE_ORGAN,STATE_CONTROLLED,,OFFICIAL_RELEASE,U.S. Strikes Iran in Response to Attack on Commercial Vessel,CENTCOM confirms U.S. strikes on Iranian missile and drone storage locations and coastal radar sites on June 26.,https://www.centcom.mil/MEDIA/PUBLIC-RELEASES/Article/4528341/us-strikes-iran-in-response-to-attack-on-commercial-vessel/,MILITARY_OPERATIONS_SECURITY,,AUTO_SUGGESTED,VERIFIED,,
CENTCOM-4528488,2026-06-27T00:00:00+00:00,US,IR,US_CENTCOM_PUBLIC_RELEASES,U.S. Central Command,STATE_ORGAN,STATE_CONTROLLED,,OFFICIAL_RELEASE,U.S. Forces Conduct Additional Strikes After Iran's Latest Commercial Ship Attack,"CENTCOM confirms additional strikes on Iranian surveillance, communications, air-defence, drone-storage and minelayer targets on June 27.",https://www.centcom.mil/MEDIA/PUBLIC-RELEASES/Article/4528488/us-forces-conduct-additional-strikes-after-irans-latest-commercial-ship-attack/,MILITARY_OPERATIONS_SECURITY,,AUTO_SUGGESTED,VERIFIED,,
7d959bf79f86f9ddde283493b8351b3502849301c123f378b1c02ea4de3e42e1,2026-07-02T23:38:00+03:00,IL,IR;US,IL_ARUTZ_SHEVA_INN,Israel National News (Arutz Sheva),NEWS,PRIVATE_INDEPENDENT,,ONLINE_NEWS,NYT-Bericht: USA vermuteten israelischen Plan zur Toetung iranischer Unterhaendler,"Laut Israel National News berichtete die New York Times, Washington habe im Fruehjahr waehrend heikler Vermittlungsgespraeche einen israelischen Plan zur Toetung der iranischen Chefunterhaendler Araghtschi und Ghalibaf vermutet und daraufhin Regionalpartner gebeten, Teheran diskret zu warnen; dies habe einen tiefen Riss zwischen den Kriegszielen der USA (Diplomatie) und Israels (Fortsetzung des Drucks) offengelegt. Waehrend eines Rueckflugs von Vermittlungsgespraechen mit Vizepraesident Vance in Islamabad sei Ghalibafs Flugzeug ausserdem vor mutmasslich eindringenden israelischen Kampfjets gewarnt und zu einer Notlandung in Maschhad gezwungen worden. Paraphrasierte Zusammenfassung, kein woertliches Zitat.",https://www.israelnationalnews.com/news/429561,DIPLOMACY_MEDIATION_DEESCALATION,,AUTO_SUGGESTED,PARTIALLY_VERIFIED,,
CENTCOM-4535772,2026-07-07T00:00:00+00:00,US,IR,US_CENTCOM_PUBLIC_RELEASES,U.S. Central Command,STATE_ORGAN,STATE_CONTROLLED,,OFFICIAL_RELEASE,U.S. Forces Complete New Round of Retaliatory Strikes Against Iran,"CENTCOM confirms offensive strikes on Iranian air defence, command networks, coastal radar, anti-ship missiles and IRGC small boats on July 7.",https://www.centcom.mil/MEDIA/PUBLIC-RELEASES/Article/4535772/us-forces-complete-new-round-of-retaliatory-strikes-against-iran/,MILITARY_OPERATIONS_SECURITY,ESCALATION,AUTO_SUGGESTED,VERIFIED,,
CENTCOM-4538814,2026-07-08T00:00:00+00:00,US,IR,US_CENTCOM_PUBLIC_RELEASES,U.S. Central Command,STATE_ORGAN,STATE_CONTROLLED,,OFFICIAL_RELEASE,U.S. Forces Complete Another Round of Strikes Against Iran,"CENTCOM confirms strikes on Iranian air defence, coastal surveillance, missile and drone storage, naval and logistics targets on July 8.",https://www.centcom.mil/MEDIA/PUBLIC-RELEASES/Article/4538814/us-forces-complete-another-round-of-strikes-against-iran/,MILITARY_OPERATIONS_SECURITY,,AUTO_SUGGESTED,VERIFIED,,
CENTCOM-4540919,2026-07-11T00:00:00+00:00,US,IR,US_CENTCOM_PUBLIC_RELEASES,U.S. Central Command,STATE_ORGAN,STATE_CONTROLLED,,OFFICIAL_RELEASE,U.S. Forces Finish Latest Round of Strikes Against Iran,"CENTCOM confirms a third round that week against Iranian missile, drone, naval, ammunition, communications and coastal-surveillance targets on July 11.",https://www.centcom.mil/MEDIA/PUBLIC-RELEASES/Article/4540919/us-forces-finish-latest-round-of-strikes-against-iran/,MILITARY_OPERATIONS_SECURITY,,AUTO_SUGGESTED,VERIFIED,,
CENTCOM-4541002,2026-07-12T00:00:00+00:00,US,IR,US_CENTCOM_PUBLIC_RELEASES,U.S. Central Command,STATE_ORGAN,STATE_CONTROLLED,,OFFICIAL_RELEASE,CENTCOM Completes Another Wave of Strikes Against Iran,"CENTCOM confirms offensive strikes on Iranian air-defence, radar, missile, drone and small-boat targets on July 12.",https://www.centcom.mil/MEDIA/PUBLIC-RELEASES/Article/4541002/centcom-completes-another-wave-of-strikes-against-iran/,MILITARY_OPERATIONS_SECURITY,,AUTO_SUGGESTED,VERIFIED,,
CENTCOM-4544409,2026-07-13T00:00:00+00:00,US,IR,US_CENTCOM_PUBLIC_RELEASES,U.S. Central Command,STATE_ORGAN,STATE_CONTROLLED,,OFFICIAL_RELEASE,U.S. Forces Complete New Strikes on Iranian Military Targets,"CENTCOM confirms a five-hour wave against coastal defence, missile, drone and maritime targets across Iran on July 13.",https://www.centcom.mil/MEDIA/PUBLIC-RELEASES/Article/4544409/us-forces-complete-new-strikes-on-iranian-military-targets/,MILITARY_OPERATIONS_SECURITY,,AUTO_SUGGESTED,VERIFIED,,
CENTCOM-4546775,2026-07-14T00:00:00+00:00,US,IR,US_CENTCOM_PUBLIC_RELEASES,U.S. Central Command,STATE_ORGAN,STATE_CONTROLLED,,OFFICIAL_RELEASE,CENTCOM Completes More Strikes Against Iran,"CENTCOM confirms a seven-hour wave against Iranian missile, drone, naval and coastal-defence targets on July 14.",https://www.centcom.mil/MEDIA/PUBLIC-RELEASES/Article/4546775/centcom-completes-more-strikes-against-iran/,MILITARY_OPERATIONS_SECURITY,,AUTO_SUGGESTED,VERIFIED,,
CENTCOM-4546816,2026-07-15T00:00:00+00:00,US,IR,US_CENTCOM_PUBLIC_RELEASES,U.S. Central Command,STATE_ORGAN,STATE_CONTROLLED,,OFFICIAL_RELEASE,Latest Wave of U.S. Strikes Against Iran Completed,"CENTCOM confirms morning and evening strike waves on Iranian command, air-defence, missile, drone, cruise-missile and coastal-surveillance targets on July 15; they count as one operation day.",https://www.centcom.mil/MEDIA/PUBLIC-RELEASES/Article/4546816/latest-wave-of-us-strikes-against-iran-completed/,MILITARY_OPERATIONS_SECURITY,,AUTO_SUGGESTED,VERIFIED,,
CENTCOM-4548433,2026-07-16T00:00:00+00:00,US,IR,US_CENTCOM_PUBLIC_RELEASES,U.S. Central Command,STATE_ORGAN,STATE_CONTROLLED,,OFFICIAL_RELEASE,U.S. Successfully Completes New Strikes in Iran,"CENTCOM confirms a major wave against Iranian surveillance, air-defence, logistics and maritime targets on July 16.",https://www.centcom.mil/MEDIA/PUBLIC-RELEASES/Article/4548433/us-successfully-completes-new-strikes-in-iran/,MILITARY_OPERATIONS_SECURITY,,AUTO_SUGGESTED,VERIFIED,,
CENTCOM-4549624,2026-07-17T00:00:00+00:00,US,IR,US_CENTCOM_PUBLIC_RELEASES,U.S. Central Command,STATE_ORGAN,STATE_CONTROLLED,,OFFICIAL_RELEASE,CENTCOM Finishes Latest Wave of Strikes Against Iran,"CENTCOM confirms strikes on Iranian surveillance, logistics, underground weapons-storage and maritime targets on July 17.",https://www.centcom.mil/MEDIA/PUBLIC-RELEASES/Article/4549624/centcom-finishes-latest-wave-of-strikes-against-iran/,MILITARY_OPERATIONS_SECURITY,,AUTO_SUGGESTED,VERIFIED,,
CENTCOM-4549643,2026-07-18T00:00:00+00:00,US,IR,US_CENTCOM_PUBLIC_RELEASES,U.S. Central Command,STATE_ORGAN,STATE_CONTROLLED,,OFFICIAL_RELEASE,U.S. Completes 8th Consecutive Night of Strikes Against Iran,"CENTCOM confirms strikes on Iranian coastal surveillance, air-defence, maritime, missile and drone-storage targets on July 18.",https://www.centcom.mil/MEDIA/PUBLIC-RELEASES/Article/4549643/us-completes-8th-consecutive-night-of-strikes-against-iran/,MILITARY_OPERATIONS_SECURITY,,AUTO_SUGGESTED,VERIFIED,,
CENTCOM-4549657,2026-07-19T00:00:00+00:00,US,IR,US_CENTCOM_PUBLIC_RELEASES,U.S. Central Command,STATE_ORGAN,STATE_CONTROLLED,,OFFICIAL_RELEASE,CENTCOM Ends Weekend Wave of Strikes Against Iran,"CENTCOM confirms strikes on Iranian command, air-defence, coastal-surveillance, maritime, missile, drone and communications targets on July 19.",https://www.centcom.mil/MEDIA/PUBLIC-RELEASES/Article/4549657/centcom-ends-weekend-wave-of-strikes-against-iran/,MILITARY_OPERATIONS_SECURITY,,AUTO_SUGGESTED,VERIFIED,,
CENTCOM-4550818,2026-07-20T00:00:00+00:00,US,IR,US_CENTCOM_PUBLIC_RELEASES,U.S. Central Command,STATE_ORGAN,STATE_CONTROLLED,,OFFICIAL_RELEASE,U.S. Finishes Latest Strikes Against Iran,"CENTCOM confirms strikes on Iranian command, maritime, missile, drone-launch and air-defence targets on July 20.",https://www.centcom.mil/MEDIA/PUBLIC-RELEASES/Article/4550818/us-finishes-latest-strikes-against-iran/,MILITARY_OPERATIONS_SECURITY,,AUTO_SUGGESTED,VERIFIED,,
CENTCOM-4552008,2026-07-21T00:00:00+00:00,US,IR,US_CENTCOM_PUBLIC_RELEASES,U.S. Central Command,STATE_ORGAN,STATE_CONTROLLED,,OFFICIAL_RELEASE,U.S. Forces Complete 11th Night of Strikes Against Iran,"CENTCOM confirms strikes on Iranian military operations centres, maritime capabilities, aircraft hangars, drone storage and logistics infrastructure on July 21.",https://www.centcom.mil/MEDIA/PUBLIC-RELEASES/Article/4552008/us-forces-complete-11th-night-of-strikes-against-iran/,MILITARY_OPERATIONS_SECURITY,,AUTO_SUGGESTED,VERIFIED,,
CENTCOM-4553225,2026-07-22T00:00:00+00:00,US,IR,US_CENTCOM_PUBLIC_RELEASES,U.S. Central Command,STATE_ORGAN,STATE_CONTROLLED,,OFFICIAL_RELEASE,CENTCOM Completes Latest Strikes Against Iran,"CENTCOM confirms strikes on Iranian maritime, missile, drone-storage, coastal-surveillance and air-defence targets on July 22.",https://www.centcom.mil/MEDIA/PUBLIC-RELEASES/Article/4553225/centcom-completes-latest-strikes-against-iran/,MILITARY_OPERATIONS_SECURITY,,AUTO_SUGGESTED,VERIFIED,,
CENTCOM-4554310,2026-07-23T00:00:00+00:00,US,IR,US_CENTCOM_PUBLIC_RELEASES,U.S. Central Command,STATE_ORGAN,STATE_CONTROLLED,,OFFICIAL_RELEASE,U.S. Concludes 13th Night of Strikes on Iranian Military Targets,"CENTCOM confirms strikes on Iranian command, drone-storage, communications, coastal-surveillance and maritime targets on July 23.",https://www.centcom.mil/MEDIA/PUBLIC-RELEASES/Article/4554310/us-concludes-13th-night-of-strikes-on-iranian-military-targets/,MILITARY_OPERATIONS_SECURITY,,AUTO_SUGGESTED,VERIFIED,,
1dbb3f8c8cf9ef8741e0892c88ec16f57177b9af8a3e3f011572fbaf85c1b321,2026-07-23T06:55:00+01:00,DE,GB;IR,DE_RND_TICKER,Redaktionsnetzwerk Deutschland (RND),NEWS,PRIVATE_INDEPENDENT,,ONLINE_NEWS,Grossbritannien zieht Botschaftspersonal voruebergehend aus Teheran ab,"Laut RND-Ticker zog das Vereinigte Koenigreich diplomatisches Personal seiner Botschaft in Teheran wegen zunehmender Spannungen und juengster Angriffe auf die iranische Hauptstadt voruebergehend ab. Paraphrasierte Zusammenfassung, kein woertliches Zitat.",https://www.rnd.de/politik/ticker-zum-iran-krieg-huthi-miliz-meldet-weiteren-angriff-auf-saudi-arabien-SUZZT272ANCR5LXBULZCKG7OB4.html,MILITARY_OPERATIONS_SECURITY;DIPLOMACY_MEDIATION_DEESCALATION,,AUTO_SUGGESTED,PARTIALLY_VERIFIED,,
1768c99a07955000edcd3dfc32004e1d987edf7962ae28c2bd77e520d36149b4,2026-07-23T11:15:00+02:00,DE,US;DE,DE_RND_TICKER,Redaktionsnetzwerk Deutschland (RND),NEWS,PRIVATE_INDEPENDENT,,ONLINE_NEWS,Bericht: USA entsenden ueber 150 Sanitaeter nach Landstuhl in Deutschland,"Laut RND-Ticker berichtete das Wall Street Journal, im US-Lazarett Landstuhl in Rheinland-Pfalz seien in den vergangenen Tagen mehr als 150 zusaetzliche Sanitaeter eingetroffen, was auf eine moegliche Ausweitung der US-Angriffe im Iran-Krieg hindeuten koenne - eine direkte militaerlogistische Verbindung des Kriegs zu deutschem Boden. Paraphrasierte Zusammenfassung, kein woertliches Zitat.",https://www.rnd.de/politik/ticker-zum-iran-krieg-huthi-miliz-meldet-weiteren-angriff-auf-saudi-arabien-SUZZT272ANCR5LXBULZCKG7OB4.html,MILITARY_OPERATIONS_SECURITY,,AUTO_SUGGESTED,PARTIALLY_VERIFIED,,
5f7502174e81e978a3b5865218dab84cab2e56867149e7e8dbe564e52dc3a8d6,2026-07-23T06:27:00-04:00,DE,US;IR,DE_RND_TICKER,Redaktionsnetzwerk Deutschland (RND),NEWS,PRIVATE_INDEPENDENT,,ONLINE_NEWS,Bericht: USA verlegen Spezialeinheiten und halten Bomber in Bereitschaft,"Laut RND-Ticker berichteten US-Medien im Kontext der eskalierenden Strasse-von-Hormus-Krise seit Anfang Juli ueber Indizien fuer eine moegliche Ausweitung der US-Angriffe, darunter die Verlegung weiterer Spezialeinheiten und in Bereitschaft gehaltene Bomber. Paraphrasierte Zusammenfassung, kein woertliches Zitat.",https://www.rnd.de/politik/ticker-zum-iran-krieg-huthi-miliz-meldet-weiteren-angriff-auf-saudi-arabien-SUZZT272ANCR5LXBULZCKG7OB4.html,MILITARY_OPERATIONS_SECURITY,,AUTO_SUGGESTED,PARTIALLY_VERIFIED,,
62ffb0bc605f3cf9e7da2de3ce13c37679fb5d48b18037a24f42d3a8754c6e96,2026-07-23T11:44:00-04:00,DE,US;IR,DE_RND_TICKER,Redaktionsnetzwerk Deutschland (RND),NEWS,PRIVATE_INDEPENDENT,,ONLINE_NEWS,Rubio wirft Iran mangelnde Ernsthaftigkeit bei Verhandlungen vor,"Laut RND-Ticker sagte Aussenminister Rubio, Teheran fuehre zwar Gespraeche, sei aber offenbar nicht wirklich an einer belastbaren Vereinbarung zur Beendigung des Kriegs interessiert. Paraphrasierte Zusammenfassung, kein woertliches Zitat.",https://www.rnd.de/politik/ticker-zum-iran-krieg-huthi-miliz-meldet-weiteren-angriff-auf-saudi-arabien-SUZZT272ANCR5LXBULZCKG7OB4.html,DIPLOMACY_MEDIATION_DEESCALATION,,AUTO_SUGGESTED,PARTIALLY_VERIFIED,,
6aee554df82bf420ac7a146a1431c24c1b63937ba36cffc230f848debfe64ef3,2026-07-23T14:24:00-04:00,DE,US,DE_RND_TICKER,Redaktionsnetzwerk Deutschland (RND),NEWS,PRIVATE_INDEPENDENT,,ONLINE_NEWS,Trump macht Atomdeal mit Saudi-Arabien von Annaeherung an Israel abhaengig,"Laut RND-Ticker verknuepfte Trump ueberraschend einen moeglichen zivilen Atomdeal mit Saudi-Arabien mit der Forderung, das Koenigreich muesse den Abraham-Abkommen zur Normalisierung mit Israel beitreten - eine bedeutende diplomatische Verkopplung zweier Dossiers. Paraphrasierte Zusammenfassung, kein woertliches Zitat.",https://www.rnd.de/politik/ticker-zum-iran-krieg-huthi-miliz-meldet-weiteren-angriff-auf-saudi-arabien-SUZZT272ANCR5LXBULZCKG7OB4.html,DIPLOMACY_MEDIATION_DEESCALATION,,AUTO_SUGGESTED,PARTIALLY_VERIFIED,,
ed2cc90d9a2f2e87587bcf9b2527026ab259403d0cd1794f2a5ab24d3842c183,2026-07-23T15:38:00-04:00,DE,US;IR,DE_RND_TICKER,Redaktionsnetzwerk Deutschland (RND),NEWS,PRIVATE_INDEPENDENT,,ONLINE_NEWS,Trump droht Huthi und Iran mit massiver militaerischer Bestrafung,"Laut RND-Ticker drohte Trump der Huthi-Miliz bei weiteren Schiffsangriffen mit massiver militaerischer Bestrafung und kuendigte an, in diesem Fall den Iran als Drahtzieher zur Rechenschaft zu ziehen. Paraphrasierte Zusammenfassung, kein woertliches Zitat.",https://www.rnd.de/politik/ticker-zum-iran-krieg-huthi-miliz-meldet-weiteren-angriff-auf-saudi-arabien-SUZZT272ANCR5LXBULZCKG7OB4.html,,,UNCLASSIFIED,PARTIALLY_VERIFIED,,
3997999928c222ae182cc8cbf25166a8e22c3a5baadbe9743b2ecd72fd57a519,2026-07-23T18:58:00-04:00,DE,US;IR,DE_RND_TICKER,Redaktionsnetzwerk Deutschland (RND),NEWS,PRIVATE_INDEPENDENT,,ONLINE_NEWS,US-Repraesentantenhaus fordert per Resolution erneut Ende des Iran-Kriegs,"Laut RND-Ticker verabschiedete das US-Repraesentantenhaus erneut eine Resolution, die Trump zur Beendigung des Militaereinsatzes gegen den Iran auffordert; der Beschluss hat keine unmittelbare rechtliche Konsequenz, zeigt aber wachsenden innenpolitischen Widerstand. Paraphrasierte Zusammenfassung, kein woertliches Zitat.",https://www.rnd.de/politik/ticker-zum-iran-krieg-huthi-miliz-meldet-weiteren-angriff-auf-saudi-arabien-SUZZT272ANCR5LXBULZCKG7OB4.html,,,UNCLASSIFIED,PARTIALLY_VERIFIED,,
bdee177852f790c1b100765178db83c3beac9513c055846dc7ae91e155fba8ce,2026-07-24T07:32:00+03:30,DE,IR;US,DE_RND_TICKER,Redaktionsnetzwerk Deutschland (RND),NEWS,PRIVATE_INDEPENDENT,,ONLINE_NEWS,Iran warnt vor brandgefaehrlichem Praezedenzfall bei Beschlagnahmung eingefrorener Gelder,"Laut RND-Ticker warnte Aussenminister Araghtschi vor einem brandgefaehrlichen Praezedenzfall, sollten die USA eingefrorene iranische Vermoegenswerte beschlagnahmen. Paraphrasierte Zusammenfassung, kein woertliches Zitat.",https://www.rnd.de/politik/ticker-zum-iran-krieg-huthi-miliz-meldet-weiteren-angriff-auf-saudi-arabien-SUZZT272ANCR5LXBULZCKG7OB4.html,,,UNCLASSIFIED,PARTIALLY_VERIFIED,,
f643a06af54653effe28801324a4f7f77a1d5145840856bca9aa4a743260ed43,2026-07-24T10:08:00+03:30,DE,IR;US,DE_RND_TICKER,Redaktionsnetzwerk Deutschland (RND),NEWS,PRIVATE_INDEPENDENT,,ONLINE_NEWS,"Iran meldet erstmals US-Beschuss im Norden des Landes, Marinebasis am Kaspischen Meer getroffen","Laut RND-Ticker berichtete Irna unter Berufung auf einen Vizegouverneur erstmals von US-Beschuss im Norden Irans - eine Marinebasis am Kaspischen Meer sei getroffen worden, waehrend sich Angriffe zuvor meist auf den Sueden beschraenkt hatten. Paraphrasierte Zusammenfassung, kein woertliches Zitat.",https://www.rnd.de/politik/ticker-zum-iran-krieg-huthi-miliz-meldet-weiteren-angriff-auf-saudi-arabien-SUZZT272ANCR5LXBULZCKG7OB4.html,MILITARY_OPERATIONS_SECURITY,,AUTO_SUGGESTED,PARTIALLY_VERIFIED,,
ad03646ef79a6079cee723c76d80cc7ea1d7a41609497ff2d43bfac400de2520,2026-07-24T06:03:00-04:00,DE,US;IR,DE_RND_TICKER,Redaktionsnetzwerk Deutschland (RND),NEWS,PRIVATE_INDEPENDENT,,ONLINE_NEWS,USA schliessen 13. Angriffsnacht in Folge gegen den Iran ab,"Laut RND-Ticker teilte Centcom mit, das US-Militaer habe die 13. Nacht in Folge militaerische Ziele im Iran angegriffen, die juengste Angriffswelle habe nach gut zwei Stunden geendet - ein Beleg fuer die Dauer und Intensitaet der fortgesetzten Kampagne. Paraphrasierte Zusammenfassung, kein woertliches Zitat.",https://www.rnd.de/politik/ticker-zum-iran-krieg-huthi-miliz-meldet-weiteren-angriff-auf-saudi-arabien-SUZZT272ANCR5LXBULZCKG7OB4.html,,,UNCLASSIFIED,PARTIALLY_VERIFIED,,
93f880c4c9e469cb79bf4d52194ccb463d72d19e112b149f7b5dc3112991123f,2026-07-24T07:06:00-04:00,DE,US;IR,DE_RND_TICKER,Redaktionsnetzwerk Deutschland (RND),NEWS,PRIVATE_INDEPENDENT,,ONLINE_NEWS,Trump will eingefrorene iranische Gelder fuer Schiffsreparaturen nutzen,"Laut RND-Ticker kuendigte Trump an, kuenftige Schaeden an Schiffen im Krieg mit eingefrorenen iranischen Geldern zu finanzieren. Paraphrasierte Zusammenfassung, kein woertliches Zitat.",https://www.rnd.de/politik/ticker-zum-iran-krieg-huthi-miliz-meldet-weiteren-angriff-auf-saudi-arabien-SUZZT272ANCR5LXBULZCKG7OB4.html,,,UNCLASSIFIED,PARTIALLY_VERIFIED,,
8967eb28d46dafa83a8607094fab55b9584a0e3abc04b310c8b6f9bf002214dc,2026-07-24T18:41:00-04:00,DE,US;CN;IR,DE_RND_TICKER,Redaktionsnetzwerk Deutschland (RND),NEWS,PRIVATE_INDEPENDENT,,ONLINE_NEWS,Trump warnt Russland und China vor Waffenhilfe fuer Iran,"Laut RND-Ticker schrieb Trump auf Truth Social, eine Waffenlieferung Russlands oder Chinas an den Iran waere schlecht fuer diese Laender, und behauptete, sowohl Xi Jinping als auch Putin haetten ihm zugesichert, dies nicht zu tun. Paraphrasierte Zusammenfassung, kein woertliches Zitat.",https://www.rnd.de/politik/ticker-zum-iran-krieg-huthi-miliz-meldet-weiteren-angriff-auf-saudi-arabien-SUZZT272ANCR5LXBULZCKG7OB4.html,,,UNCLASSIFIED,PARTIALLY_VERIFIED,,
d8f400b8da2678b7352854c5181bd1a01b1264274aadb28abf561a7353069b9c,2026-07-25T14:06:00+03:30,DE,IR,DE_RND_TICKER,Redaktionsnetzwerk Deutschland (RND),NEWS,PRIVATE_INDEPENDENT,,ONLINE_NEWS,Iran ruft im Jemen-Konflikt zwischen Saudi-Arabien und Huthi zu Dialog auf,"Laut RND-Ticker rief Aussenminister Araghtschi angesichts der Eskalation zwischen Saudi-Arabien und der Huthi-Miliz zu Dialog auf und erklaerte, es gebe keine militaerische Loesung fuer den Jemen-Konflikt. Paraphrasierte Zusammenfassung, kein woertliches Zitat.",https://www.rnd.de/politik/ticker-zum-iran-krieg-huthi-miliz-meldet-weiteren-angriff-auf-saudi-arabien-SUZZT272ANCR5LXBULZCKG7OB4.html,,ESCALATION,AUTO_SUGGESTED,PARTIALLY_VERIFIED,,
0b4b2df76c719ed7aa89daecc269ec9e480ec50719c993d064852c0c0807c8db,2026-07-26T10:03:00+03:30,DE,IR,DE_RND_TICKER,Redaktionsnetzwerk Deutschland (RND),NEWS,PRIVATE_INDEPENDENT,,ONLINE_NEWS,Irans Revolutionsgarden stoppen sechs Handelsschiffe in Strasse von Hormus,"Laut RND-Ticker erklaerten die Revolutionsgarden laut Tasnim, sechs Handelsschiffe vor der Durchfahrt gestoppt zu haben, und beanspruchten die Kontrolle ueber ein 240.000 Quadratkilometer grosses Gebiet im Persischen Golf. Paraphrasierte Zusammenfassung, kein woertliches Zitat.",https://www.rnd.de/politik/ticker-zum-iran-krieg-huthi-miliz-meldet-weiteren-angriff-auf-saudi-arabien-SUZZT272ANCR5LXBULZCKG7OB4.html,,,UNCLASSIFIED,PARTIALLY_VERIFIED,,
8b131bb4dc2997a6b0bf863d445999eac9eceed270fdd60ab515929f87dbafd2,2026-07-26T13:43:00+03:30,DE,IR;US,DE_RND_TICKER,Redaktionsnetzwerk Deutschland (RND),NEWS,PRIVATE_INDEPENDENT,,ONLINE_NEWS,Irans Armeesprecher droht mit Ausweitung des Kriegsgebiets,"Laut RND-Ticker drohte Armeesprecher Akraminia laut Mehr mit einer Ausweitung des Kriegsgebiets bei fortgesetzten US-Luftangriffen, unter Verweis auf Huthi-Angriffe auf Schiffe im Roten Meer als Praezedenzfall. Paraphrasierte Zusammenfassung, kein woertliches Zitat.",https://www.rnd.de/politik/ticker-zum-iran-krieg-huthi-miliz-meldet-weiteren-angriff-auf-saudi-arabien-SUZZT272ANCR5LXBULZCKG7OB4.html,MILITARY_OPERATIONS_SECURITY,,AUTO_SUGGESTED,PARTIALLY_VERIFIED,,
98542b9dd5ae7984507955af809cd657a841fd2a3b7656d4a90c477722d10d39,2026-07-26T17:21:00+03:00,DE,IL;US,DE_RND_TICKER,Redaktionsnetzwerk Deutschland (RND),NEWS,PRIVATE_INDEPENDENT,,ONLINE_NEWS,Netanjahu sichert Trump volle Unterstuetzung im Kampf gegen Iran zu,"Laut RND-Ticker sagte Netanjahu, er stehe voll und ganz hinter Trumps Bemuehungen, den Iran zu schwaechen und zur Aufgabe seines Atomprogramms zu bewegen. Paraphrasierte Zusammenfassung, kein woertliches Zitat.",https://www.rnd.de/politik/ticker-zum-iran-krieg-huthi-miliz-meldet-weiteren-angriff-auf-saudi-arabien-SUZZT272ANCR5LXBULZCKG7OB4.html,,,UNCLASSIFIED,PARTIALLY_VERIFIED,,
91bbd48d4f641843874e446e04a15e37c30bc50710d4a7d7107030840588b8c9,2026-07-26T18:37:00+03:00,DE,IL;IR,DE_RND_TICKER,Redaktionsnetzwerk Deutschland (RND),NEWS,PRIVATE_INDEPENDENT,,ONLINE_NEWS,Netanjahu: Irans Atomprogramm um Jahre zurueckgeworfen,"Laut RND-Ticker sagte Netanjahu Fox News, ein grosser Teil der iranischen Atomanlagen sei zerstoert und das Programm um mehrere Jahre zurueckgeworfen worden, auch wenn ein Wiederaufbauversuch nicht ausgeschlossen sei. Paraphrasierte Zusammenfassung, kein woertliches Zitat.",https://www.rnd.de/politik/ticker-zum-iran-krieg-huthi-miliz-meldet-weiteren-angriff-auf-saudi-arabien-SUZZT272ANCR5LXBULZCKG7OB4.html,,,UNCLASSIFIED,PARTIALLY_VERIFIED,,
4323d317206ca0e0e7deb9e607c0a28ab4c9a83ee81db641f6cb7a51822080b3,2026-07-26T20:50:00-04:00,DE,US,DE_RND_TICKER,Redaktionsnetzwerk Deutschland (RND),NEWS,PRIVATE_INDEPENDENT,,ONLINE_NEWS,USA bestaetigen weitere Truppenverlegung in den Nahen Osten,"Laut RND-Ticker bestaetigte UN-Botschafter Waltz bei CBS News, dass zusaetzliche US-Militaerkapazitaeten in die Nahost-Region verlegt wuerden, ohne genauere Angaben zu machen. Paraphrasierte Zusammenfassung, kein woertliches Zitat.",https://www.rnd.de/politik/ticker-zum-iran-krieg-huthi-miliz-meldet-weiteren-angriff-auf-saudi-arabien-SUZZT272ANCR5LXBULZCKG7OB4.html,,,UNCLASSIFIED,PARTIALLY_VERIFIED,,
8e10df40569800277aaf37695ad228d795a5d3f03b6fcf71aaa04ab342dd93fd,2026-07-27T05:23:00+00:00,DE,US;IR,DE_RND_TICKER,Redaktionsnetzwerk Deutschland (RND),NEWS,PRIVATE_INDEPENDENT,,ONLINE_NEWS,Trump wechselte nach glaubwuerdiger iranischer Drohung das Flugzeug,"Laut RND-Ticker verzichtete Trump am 8. Juli nach einer von US-Sicherheitsdiensten als glaubwuerdig eingestuften iranischen Drohung darauf, die neue, von Katar geschenkte Boeing 747-8 zu nutzen, und flog stattdessen mit der bisherigen Air Force One zurueck. Paraphrasierte Zusammenfassung, kein woertliches Zitat.",https://www.rnd.de/politik/ticker-zum-iran-krieg-huthi-miliz-meldet-weiteren-angriff-auf-saudi-arabien-SUZZT272ANCR5LXBULZCKG7OB4.html,,,UNCLASSIFIED,PARTIALLY_VERIFIED,,
e297b43d96ee385464baed5aca1826d2c343fc9732148f4c0892fd9d29c87694,2026-07-27T10:08:00+03:30,DE,IR;US,DE_RND_TICKER,Redaktionsnetzwerk Deutschland (RND),NEWS,PRIVATE_INDEPENDENT,,ONLINE_NEWS,Iran: US-Angriffe beschaedigen 18 Wasserversorgungseinrichtungen im Sueden,"Laut RND-Ticker berichtete die Nachrichtenagentur Fars unter Berufung auf einen Behoerdenvertreter von massiven Schaeden an der Wasserversorgung im Suedirans nach juengsten US-Angriffen, darunter 18 beschaedigte Einrichtungen einschliesslich Meerwasserentsalzungsanlagen - ziviler Infrastrukturschaden mit direkter Relevanz fuer die Wasserversorgung der Bevoelkerung. Paraphrasierte Zusammenfassung, kein woertliches Zitat.",https://www.rnd.de/politik/ticker-zum-iran-krieg-huthi-miliz-meldet-weiteren-angriff-auf-saudi-arabien-SUZZT272ANCR5LXBULZCKG7OB4.html,MILITARY_OPERATIONS_SECURITY,,AUTO_SUGGESTED,PARTIALLY_VERIFIED,,
1f306647a9818721a8ac5bb0eb0842776f40a8795efb9a95e7c368804ca00c27,2026-07-27T04:04:00-04:00,DE,US,DE_RND_TICKER,Redaktionsnetzwerk Deutschland (RND),NEWS,PRIVATE_INDEPENDENT,,ONLINE_NEWS,"Pentagon aendert Opferzahlen zum Iran-Krieg, sorgt fuer Transparenz-Fragen","Laut RND-Ticker entfernte das Pentagon vier in den vergangenen Wochen im Iran-Krieg getoetete US-Soldaten aus der offiziellen Statistik und verschob sie in eine neue Kategorie - ein ungewoehnlicher Schritt, der Fragen zur Transparenz der Ministeriums-Zaehlung aufwirft, aehnlich der spaeteren Umkategorisierung bei den Verwundetenzahlen. Paraphrasierte Zusammenfassung, kein woertliches Zitat.",https://www.rnd.de/politik/ticker-zum-iran-krieg-huthi-miliz-meldet-weiteren-angriff-auf-saudi-arabien-SUZZT272ANCR5LXBULZCKG7OB4.html,,,UNCLASSIFIED,PARTIALLY_VERIFIED,,
9e4d0815b448dcc1a7039baec872c42e9ee6f95ceb41328c0763863a4f33d5af,2026-07-27T14:09:00+05:00,DE,US;IR,DE_RND_TICKER,Redaktionsnetzwerk Deutschland (RND),NEWS,PRIVATE_INDEPENDENT,,ONLINE_NEWS,Pakistanische Geheimdienstquellen: US-Bodenoffensive im Iran wird wahrscheinlicher,"Laut RND-Ticker hielten gut informierte pakistanische Quellen eine begrenzte US-Bodenoffensive im Iran fuer zunehmend wahrscheinlich, da Trump moeglicherweise Warnungen des eigenen Militaers ignoriere. Paraphrasierte Zusammenfassung, kein woertliches Zitat.",https://www.rnd.de/politik/ticker-zum-iran-krieg-huthi-miliz-meldet-weiteren-angriff-auf-saudi-arabien-SUZZT272ANCR5LXBULZCKG7OB4.html,,,UNCLASSIFIED,PARTIALLY_VERIFIED,,
d345fbe537e3dfa6dbdadf5f9b4ce6ffc515c76db9e3416a569662ed36c3bdea,2026-07-27T20:34:00-04:00,DE,US,DE_RND_TICKER,Redaktionsnetzwerk Deutschland (RND),NEWS,PRIVATE_INDEPENDENT,,ONLINE_NEWS,"Trump macht Biden fuer Waffenarsenal-Luecken verantwortlich, fordert mehr Produktion","Laut RND-Ticker wies Trump an Bord der Air Force One Berichte ueber schwindende Munitionsbestaende zurueck, bezeichnete die Vorraete als in sehr gutem Zustand, forderte aber zugleich eine staerkere Produktion und machte die Vorgaengerregierung fuer etwaige Luecken verantwortlich. Paraphrasierte Zusammenfassung, kein woertliches Zitat.",https://www.rnd.de/politik/ticker-zum-iran-krieg-huthi-miliz-meldet-weiteren-angriff-auf-saudi-arabien-SUZZT272ANCR5LXBULZCKG7OB4.html,,RESPONSIBILITY_BLAME,AUTO_SUGGESTED,PARTIALLY_VERIFIED,,
92b05e87a5509bc38a64647c67ca15ec1fe075dbd37060482334ffd19098d6cb,2026-07-27T22:49:00-04:00,DE,US,DE_RND_TICKER,Redaktionsnetzwerk Deutschland (RND),NEWS,PRIVATE_INDEPENDENT,,ONLINE_NEWS,Bericht: Generalstabschef Caine warnte Trump vor Munitionsengpaessen,"Laut RND-Ticker wiesen eingeweihte Kreise darauf hin, dass US-Generalstabschef Caine Trump ueber moegliche Auswirkungen begrenzter Munitionsbestaende auf die Militaeroperationen gegen den Iran informiert habe. Paraphrasierte Zusammenfassung, kein woertliches Zitat.",https://www.rnd.de/politik/ticker-zum-iran-krieg-huthi-miliz-meldet-weiteren-angriff-auf-saudi-arabien-SUZZT272ANCR5LXBULZCKG7OB4.html,,,UNCLASSIFIED,PARTIALLY_VERIFIED,,
4be06829f1bfdc58ffe1a22b291710700f9e2983135136f63c2820700c48165d,2026-07-28T20:50:00+02:00,DE,IR,DE_RND_TICKER,Redaktionsnetzwerk Deutschland (RND),NEWS,PRIVATE_INDEPENDENT,,ONLINE_NEWS,"Ukraine ruft Iran nach toedlichem Angriff auf Frachtschiff an, will keine Eskalation","Laut RND-Ticker rief der ukrainische Aussenminister Sybiha nach einem toedlichen Angriff auf ein iranisches Frachtschiff seinen iranischen Amtskollegen Araghtschi an, um zu erklaeren, die Ukraine wolle keine unnoetige Eskalation der Lage. Paraphrasierte Zusammenfassung, kein woertliches Zitat.",https://www.rnd.de/politik/ticker-zum-iran-krieg-huthi-miliz-meldet-weiteren-angriff-auf-saudi-arabien-SUZZT272ANCR5LXBULZCKG7OB4.html,MILITARY_OPERATIONS_SECURITY,ESCALATION,AUTO_SUGGESTED,PARTIALLY_VERIFIED,,
c685f01f72950ecafffe383a9f8e504dc12030c17dbd72b102dbd7d1e9c9c1e3,2026-07-28T15:52:00-04:00,DE,US;IL;IR,DE_RND_TICKER,Redaktionsnetzwerk Deutschland (RND),NEWS,PRIVATE_INDEPENDENT,,ONLINE_NEWS,Trump: Netanjahu will USA weiter im Iran-Krieg involviert halten,"Laut RND-Ticker sagte Trump, Netanjahu versuche ihn davon zu ueberzeugen, sich nicht vom Krieg im Iran abzuwenden, im Zusammenhang mit Aktivitaeten rund um eine mutmassliche Atomeinrichtung. Paraphrasierte Zusammenfassung, kein woertliches Zitat.",https://www.rnd.de/politik/ticker-zum-iran-krieg-huthi-miliz-meldet-weiteren-angriff-auf-saudi-arabien-SUZZT272ANCR5LXBULZCKG7OB4.html,,,UNCLASSIFIED,PARTIALLY_VERIFIED,,
b4440ab293120c089eaa63232299fbe609269c53ffba262de2c08017396a4e4e,2026-07-28T17:29:00-04:00,DE,US;IL;IR,DE_RND_TICKER,Redaktionsnetzwerk Deutschland (RND),NEWS,PRIVATE_INDEPENDENT,,ONLINE_NEWS,"Trump und Netanjahu treffen sich im Weissen Haus, Fokus auf Iran","Laut RND-Ticker traf Israels Regierungschef Netanjahu im Weissen Haus zu einem rund anderthalbstuendigen Gespraech mit Trump ein, bei dem es nach Netanjahus eigenen Angaben vor allem um den Iran ging. Paraphrasierte Zusammenfassung, kein woertliches Zitat.",https://www.rnd.de/politik/ticker-zum-iran-krieg-huthi-miliz-meldet-weiteren-angriff-auf-saudi-arabien-SUZZT272ANCR5LXBULZCKG7OB4.html,,,UNCLASSIFIED,PARTIALLY_VERIFIED,,
CENTCOM-4559495,2026-07-29T00:00:00+00:00,US,IR,US_CENTCOM_PUBLIC_RELEASES,U.S. Central Command,STATE_ORGAN,STATE_CONTROLLED,,OFFICIAL_RELEASE,U.S. Strikes IRGC Targets After Attempted Iranian Attacks,"CENTCOM confirms a heavy wave against Iranian command, missile, drone, surveillance, defence and maritime targets on July 29.",https://www.centcom.mil/MEDIA/PUBLIC-RELEASES/Article/4559495/us-strikes-irgc-targets-after-attempted-iranian-attacks/,MILITARY_OPERATIONS_SECURITY,,AUTO_SUGGESTED,VERIFIED,,
9d7e37d1f187d1c10df6b5d0a413877b25dfa823b9f06561e6fd38839f970b68,2026-07-29T10:31:00+08:00,DE,CN;IR,DE_RND_TICKER,Redaktionsnetzwerk Deutschland (RND),NEWS,PRIVATE_INDEPENDENT,,ONLINE_NEWS,China widerspricht Bericht ueber geplante Waffenlieferung an den Iran,"Laut RND-Ticker erklaerte Chinas Aussenministerium einen Reuters-Bericht ueber eine bevorstehende chinesische Waffenlieferung an den Iran fuer gegenstandslos und betonte, China setze sich konsequent fuer Frieden und ein Ende des Konflikts ein - eine direkte Positionierung Chinas zu seiner Rolle im Konflikt. Paraphrasierte Zusammenfassung, kein woertliches Zitat.",https://www.rnd.de/politik/ticker-zum-iran-krieg-huthi-miliz-meldet-weiteren-angriff-auf-saudi-arabien-SUZZT272ANCR5LXBULZCKG7OB4.html,,,UNCLASSIFIED,PARTIALLY_VERIFIED,,
335a11b4e179ad7c3a2b7036e0658025af1c2bb77172abfe0cb07e5caee843f3,2026-07-29T18:03:00-04:00,DE,US;IR,DE_RND_TICKER,Redaktionsnetzwerk Deutschland (RND),NEWS,PRIVATE_INDEPENDENT,,ONLINE_NEWS,Neue US-Sanktionen zielen auf iranisches Erpressungssystem an der Strasse von Hormus,"Laut RND-Ticker verhaengten die USA Sanktionen gegen zwei Unternehmen, die an einem von den Revolutionsgarden unterstuetzten System beteiligt sein sollen, das Handelsschiffe zu einer obligatorischen Zahlung an der Strasse von Hormus zwinge. Paraphrasierte Zusammenfassung, kein woertliches Zitat.",https://www.rnd.de/politik/ticker-zum-iran-krieg-huthi-miliz-meldet-weiteren-angriff-auf-saudi-arabien-SUZZT272ANCR5LXBULZCKG7OB4.html,SANCTIONS_ECONOMIC_MEASURES,,AUTO_SUGGESTED,PARTIALLY_VERIFIED,,
73f63c6f6edc26ab2926d4cf2f2f658e1ae25350374825d2602ca10ae2a190d8,2026-07-30T06:01:00+03:00,DE,IR,DE_RND_TICKER,Redaktionsnetzwerk Deutschland (RND),NEWS,PRIVATE_INDEPENDENT,,ONLINE_NEWS,US-Angriffe im Irak toeten 20 Kaempfer und sechs iranische Berater,"Laut RND-Ticker meldeten pro-iranische Milizen nach US- und saudischen Luftangriffen im Irak mindestens 20 getoetete Kaempfer und sechs getoetete iranische Berater, als Reaktion auf mutmassliche Drohnenangriffe auf saudische Oelanlagen. Paraphrasierte Zusammenfassung, kein woertliches Zitat.",https://www.rnd.de/politik/ticker-zum-iran-krieg-huthi-miliz-meldet-weiteren-angriff-auf-saudi-arabien-SUZZT272ANCR5LXBULZCKG7OB4.html,MILITARY_OPERATIONS_SECURITY,,AUTO_SUGGESTED,PARTIALLY_VERIFIED,,
5ae252990fd4133cfeec8592b42c45cd00f8119e16f3853d1f2fe42f3558c01e,2026-07-31T15:32:00+02:00,DE,IR,DE_RND_TICKER,Redaktionsnetzwerk Deutschland (RND),NEWS,PRIVATE_INDEPENDENT,,ONLINE_NEWS,"Unicef: Mehr als 2500 Kinder unter Kriegsopfern im Iran, 4000 in der Region","Laut RND-Ticker aeusserte sich das UN-Kinderhilfswerk Unicef besorgt, dass die Zahl im Iran verletzter oder getoeteter Kinder 2500 ueberschritten habe; regionsweit in sechs Laendern seien es mehr als 4000 verletzte oder getoetete Kinder. Paraphrasierte Zusammenfassung, kein woertliches Zitat.",https://www.rnd.de/politik/ticker-zum-iran-krieg-huthi-miliz-meldet-weiteren-angriff-auf-saudi-arabien-SUZZT272ANCR5LXBULZCKG7OB4.html,,,UNCLASSIFIED,PARTIALLY_VERIFIED,,
14d697e40e59d3802056a19da3a64e615253ee5692bcfdd22214d64247b0944a,2026-07-31T17:56:00-05:00,DE,US;IR,DE_RND_TICKER,Redaktionsnetzwerk Deutschland (RND),NEWS,PRIVATE_INDEPENDENT,,ONLINE_NEWS,"FBI ermittelt zu Cyberangriffen auf Wassersysteme in Minnesota, iranische Hacker vermutet","Laut RND-Ticker wurden mehr als 30 Wasserversorgungssysteme in Minnesota Ziel von Cyberangriffen; das FBI ermittle, iranische Hacker wuerden vermutet - ein Beispiel fuer die Cyber-Dimension des Konflikts. Paraphrasierte Zusammenfassung, kein woertliches Zitat.",https://www.rnd.de/politik/ticker-zum-iran-krieg-huthi-miliz-meldet-weiteren-angriff-auf-saudi-arabien-SUZZT272ANCR5LXBULZCKG7OB4.html,,,UNCLASSIFIED,PARTIALLY_VERIFIED,,
707571b6d5743da606dde856683ccb5c11d5fbe9edb03b6b65033666a89290a5,2026-07-31T19:11:00-04:00,DE,US;IR,DE_RND_TICKER,Redaktionsnetzwerk Deutschland (RND),NEWS,PRIVATE_INDEPENDENT,,ONLINE_NEWS,Trump kuendigt harte neue Angriffe fuer kommende Wochen an,"Laut RND-Ticker sagte Trump bei einer Kabinettssitzung in Camp David, der Iran werde sehr hart getroffen, ohne einen konkreten Zeitrahmen fuer die naechsten vier Wochen zu nennen. Paraphrasierte Zusammenfassung, kein woertliches Zitat.",https://www.rnd.de/politik/ticker-zum-iran-krieg-huthi-miliz-meldet-weiteren-angriff-auf-saudi-arabien-SUZZT272ANCR5LXBULZCKG7OB4.html,MILITARY_OPERATIONS_SECURITY,,AUTO_SUGGESTED,PARTIALLY_VERIFIED,,
5c1c14c61012dbfd2fbc96e624f6dd7253ad810b3fabd7ad749b93dea4f97fff,2026-08-01T11:04:00+03:30,DE,IR,DE_RND_TICKER,Redaktionsnetzwerk Deutschland (RND),NEWS,PRIVATE_INDEPENDENT,,ONLINE_NEWS,Teheran droht Nachbarlaendern nach Berichten ueber neue US-Angriffsplaene,"Laut RND-Ticker warnte ein iranischer Militaerkommandeur laut Irna muslimische Nachbarlaender, ihre Kooperation mit den USA zu ueberdenken, da sie sonst selbst Ziel iranischer Angriffe werden koennten. Paraphrasierte Zusammenfassung, kein woertliches Zitat.",https://www.rnd.de/politik/ticker-zum-iran-krieg-huthi-miliz-meldet-weiteren-angriff-auf-saudi-arabien-SUZZT272ANCR5LXBULZCKG7OB4.html,MILITARY_OPERATIONS_SECURITY,,AUTO_SUGGESTED,PARTIALLY_VERIFIED,,
0522795a75cd47f1122d985ec988d20968b229bc96b60d87ee73c4311d4cf47b,2026-08-01T06:39:00-04:00,DE,US;IL;IR,DE_RND_TICKER,Redaktionsnetzwerk Deutschland (RND),NEWS,PRIVATE_INDEPENDENT,,ONLINE_NEWS,"US-Medien: Trump erwaegt Wochenend-Angriffe, moegliche israelische Beteiligung","Laut RND-Ticker berichteten CBS News und das Wall Street Journal unter Berufung auf informierte Personen, Trump erwaege neue Angriffe auf iranische Ziele noch am selben Wochenende, moeglicherweise mit erneutem israelischen Kriegseintritt. Paraphrasierte Zusammenfassung, kein woertliches Zitat.",https://www.rnd.de/politik/ticker-zum-iran-krieg-huthi-miliz-meldet-weiteren-angriff-auf-saudi-arabien-SUZZT272ANCR5LXBULZCKG7OB4.html,MILITARY_OPERATIONS_SECURITY,,AUTO_SUGGESTED,PARTIALLY_VERIFIED,,
b39a2fc39dc48ae2484f530f8d6dcd1d7b2694e8f587a2467015e8e6171f7eaf,2026-08-01T14:26:00+03:00,DE,IR,DE_RND_TICKER,Redaktionsnetzwerk Deutschland (RND),NEWS,PRIVATE_INDEPENDENT,,ONLINE_NEWS,Kuwait: Iran griff Regierungsgebaeude im Norden des Landes an,"Laut RND-Ticker meldete Kuwaits Aussenministerium einen iranischen Angriff auf ein Regierungsgebaeude sowie weitere wichtige Einrichtungen und Firmenfahrzeuge im Norden des Landes mittels Drohnen. Paraphrasierte Zusammenfassung, kein woertliches Zitat.",https://www.rnd.de/politik/ticker-zum-iran-krieg-huthi-miliz-meldet-weiteren-angriff-auf-saudi-arabien-SUZZT272ANCR5LXBULZCKG7OB4.html,MILITARY_OPERATIONS_SECURITY,,AUTO_SUGGESTED,PARTIALLY_VERIFIED,,
c0da53b8220fbc342a23f97d53c4f5a1a7000e1a5555fbbc379d58d5eca42a4d,2026-08-02T10:35:00+03:00,DE,US;IR,DE_RND_TICKER,Redaktionsnetzwerk Deutschland (RND),NEWS,PRIVATE_INDEPENDENT,,ONLINE_NEWS,Saudi-Arabiens Kronprinz ruft Trump zur Deeskalation auf,"Laut RND-Ticker mahnte Kronprinz Mohammed bin Salman in einem Telefonat mit Trump laut der staatlichen Nachrichtenagentur SPA zum Dialog, um eine weitere Eskalation im Iran-Konflikt zu verhindern. Paraphrasierte Zusammenfassung, kein woertliches Zitat.",https://www.rnd.de/politik/ticker-zum-iran-krieg-huthi-miliz-meldet-weiteren-angriff-auf-saudi-arabien-SUZZT272ANCR5LXBULZCKG7OB4.html,,ESCALATION;DE_ESCALATION,AUTO_SUGGESTED,PARTIALLY_VERIFIED,,
b28d1f7158957a4821a2bbfca9d9bfa61b53a3b84a25fc01cae6a32ed1a7684e,2026-08-02T07:02:00-04:00,DE,US;IR,DE_RND_TICKER,Redaktionsnetzwerk Deutschland (RND),NEWS,PRIVATE_INDEPENDENT,,ONLINE_NEWS,Trump sagt Angriffswelle wegen Umrissen einer Einigung ab,"Laut RND-Ticker sagte Trump auf Truth Social eine geplante neue Angriffswelle vorerst ab, angeblich wegen Fortschritten bei diplomatischen Bemuehungen, unter der Bedingung einer schnellen Einigung. Paraphrasierte Zusammenfassung, kein woertliches Zitat.",https://www.rnd.de/politik/ticker-zum-iran-krieg-huthi-miliz-meldet-weiteren-angriff-auf-saudi-arabien-SUZZT272ANCR5LXBULZCKG7OB4.html,DIPLOMACY_MEDIATION_DEESCALATION,,AUTO_SUGGESTED,PARTIALLY_VERIFIED,,
81760c496db60502177fc1f2f60940b7b92d741956d6ed2fe7bf88b219e0e7ea,2026-08-03T03:47:00-04:00,DE,US;IR,DE_RND_TICKER,Redaktionsnetzwerk Deutschland (RND),NEWS,PRIVATE_INDEPENDENT,,ONLINE_NEWS,Trump kuendigt neue Gespraechsrunde mit Iran an,"Laut RND-Ticker kuendigte Trump nach der vorlaeufigen Absage weiterer Angriffe eine neue Gespraechsrunde mit iranischen Vertretern fuer denselben Tag an, ohne den Ort zu nennen. Paraphrasierte Zusammenfassung, kein woertliches Zitat.",https://www.rnd.de/politik/ticker-zum-iran-krieg-huthi-miliz-meldet-weiteren-angriff-auf-saudi-arabien-SUZZT272ANCR5LXBULZCKG7OB4.html,MILITARY_OPERATIONS_SECURITY,,AUTO_SUGGESTED,PARTIALLY_VERIFIED,,
6cfef23c7cabb26110b23e7ba865460abe41f1ea6d4b1c0aadc1d3fb1aa61123,2026-08-03T06:00:00-04:00,DE,US;IR,DE_RND_TICKER,Redaktionsnetzwerk Deutschland (RND),NEWS,PRIVATE_INDEPENDENT,,ONLINE_NEWS,Oelpreis faellt um sieben Prozent nach abgesagtem Trump-Angriff auf Iran,"Laut RND-Ticker fiel der Brent-Preis fuer Oktober-Lieferung nach der Absage des von Trump als groessten Angriff seit dem Zweiten Weltkrieg bezeichneten Vorhabens auf knapp ueber 83 US-Dollar je Barrel, rund sieben Prozent weniger - ein direktes Beispiel fuer die Kopplung von Oelpreis und Eskalations-/Deeskalationssignalen. Paraphrasierte Zusammenfassung, kein woertliches Zitat.",https://www.rnd.de/politik/ticker-zum-iran-krieg-huthi-miliz-meldet-weiteren-angriff-auf-saudi-arabien-SUZZT272ANCR5LXBULZCKG7OB4.html,MILITARY_OPERATIONS_SECURITY,,AUTO_SUGGESTED,PARTIALLY_VERIFIED,,
f343ab573e75309fa7b05ff1d49d7c1f71f71b8730b304919a3346f4a5e36223,2026-08-03T06:21:00-04:00,DE,US;IR,DE_RND_TICKER,Redaktionsnetzwerk Deutschland (RND),NEWS,PRIVATE_INDEPENDENT,,ONLINE_NEWS,Trump: Golfstaaten bewegten ihn zum Verzicht auf neue Angriffe,"Laut RND-Ticker sagte Trump, Katar, Saudi-Arabien und die Vereinigten Arabischen Emirate haetten ihn dazu bewegt, urspruenglich geplante neue Angriffe der US-Streitkraefte gegen Iran zu stoppen. Paraphrasierte Zusammenfassung, kein woertliches Zitat.",https://www.rnd.de/politik/ticker-zum-iran-krieg-huthi-miliz-meldet-weiteren-angriff-auf-saudi-arabien-SUZZT272ANCR5LXBULZCKG7OB4.html,MILITARY_OPERATIONS_SECURITY,,AUTO_SUGGESTED,PARTIALLY_VERIFIED,,
2ee3e069a4dcf45e24c529926f5afa7a846ad8345a1da5c91be51571fa2eefc4,2026-08-04T17:48:00+02:00,DE,DE;IR,DE_RND_TICKER,Redaktionsnetzwerk Deutschland (RND),NEWS,PRIVATE_INDEPENDENT,,ONLINE_NEWS,Dax erreicht erneuten Rekord bei 26.202 Punkten dank Hoffnung auf Iran-Einigung,"Laut RND-Ticker schloss der deutsche Leitindex Dax 0,77 Prozent im Plus bei 26.202,35 Punkten, ein neuer Rekord nach dem Sprung ueber die psychologisch wichtige 26.000-Punkte-Marke, im Kontext der Hoffnung auf eine Iran-Einigung zur Strasse von Hormus. Paraphrasierte Zusammenfassung, kein woertliches Zitat.",https://www.rnd.de/politik/ticker-zum-iran-krieg-huthi-miliz-meldet-weiteren-angriff-auf-saudi-arabien-SUZZT272ANCR5LXBULZCKG7OB4.html,,,UNCLASSIFIED,PARTIALLY_VERIFIED,,
86093fa38c42ac8ca9364a5e2ad0e11bce7a0524c3e33fd26f8a8d22653cd38f,2026-08-04T14:42:00-04:00,DE,US;IR,DE_RND_TICKER,Redaktionsnetzwerk Deutschland (RND),NEWS,PRIVATE_INDEPENDENT,,ONLINE_NEWS,Bessent sieht Chance fuer Iran-Deal zur Hormus-Oeffnung binnen Tagen,"Laut RND-Ticker sagte Finanzminister Bessent, es bestehe die Chance auf eine Einigung mit dem Iran zur Oeffnung der Meerenge noch am selben oder folgenden Tag, ohne dass eine solche Einigung zu diesem Zeitpunkt bereits vorlag. Paraphrasierte Zusammenfassung, kein woertliches Zitat.",https://www.rnd.de/politik/ticker-zum-iran-krieg-huthi-miliz-meldet-weiteren-angriff-auf-saudi-arabien-SUZZT272ANCR5LXBULZCKG7OB4.html,,,UNCLASSIFIED,PARTIALLY_VERIFIED,,
5bb073bf1ae5fc2cfed90e50d11e177a04e97f18d656efd95f5855926cf71610,2026-08-05T00:00:00+03:00,IL,,IL_IMOD_PRESS,Israel Ministry of Defense,STATE_ORGAN,STATE_CONTROLLED,,OFFICIAL_RELEASE,Successful Launch Test of the Arrow Weapon System,קרא עוד,https://mod.gov.il/en/press-releases/press-room/successful-launch-test-of-the-arrow-weapon-system,PROCUREMENT_MILITARY_CAPABILITY,,AUTO_SUGGESTED,PARTIALLY_VERIFIED,,
174601c4a084bf080d9b73a0da84c67b1bdc4f6ab2834f4dd738db38493f96cc,2026-08-05T06:19:00-04:00,DE,US,DE_RND_TICKER,Redaktionsnetzwerk Deutschland (RND),NEWS,PRIVATE_INDEPENDENT,,ONLINE_NEWS,Hegseth weist Bericht ueber fast erschoepftes Raketenabwehr-Arsenal zurueck,"Laut RND-Ticker wies der von der US-Regierung als Kriegsminister bezeichnete Hegseth einen Medienbericht zurueck, wonach fast 80 Prozent der Abwehrraketen eines wichtigen US-Raketenabwehrsystems im Iran-Krieg verbraucht seien. Paraphrasierte Zusammenfassung, kein woertliches Zitat.",https://www.rnd.de/politik/ticker-zum-iran-krieg-huthi-miliz-meldet-weiteren-angriff-auf-saudi-arabien-SUZZT272ANCR5LXBULZCKG7OB4.html,,,UNCLASSIFIED,PARTIALLY_VERIFIED,,
ab7c951319df679e6905633ec483bbb08a1d00fe274a442fc0854109db255779,2026-08-05T16:39:00+03:30,DE,IR,DE_RND_TICKER,Redaktionsnetzwerk Deutschland (RND),NEWS,PRIVATE_INDEPENDENT,,ONLINE_NEWS,"Vorlaeufige Iran-Oman-Einigung zu Hormus, Zustimmung des obersten Fuehrers steht aus","Laut RND-Ticker sollen iranische und omanische Unterhaendler sich laut Regionalvertretern in Grundzuegen auf eine Wiedereroeffnung der Strasse von Hormus geeinigt haben, die endgueltige Zustimmung des obersten Fuehrers Modschtaba Chamenei stehe aber noch aus. Paraphrasierte Zusammenfassung, kein woertliches Zitat.",https://www.rnd.de/politik/ticker-zum-iran-krieg-huthi-miliz-meldet-weiteren-angriff-auf-saudi-arabien-SUZZT272ANCR5LXBULZCKG7OB4.html,,,UNCLASSIFIED,PARTIALLY_VERIFIED,,
348494956ce11385f14b5940d42d6d26d1893a201057a27d7f73b5d20a1ee781,2026-08-05T17:31:00-04:00,DE,US;IR,DE_RND_TICKER,Redaktionsnetzwerk Deutschland (RND),NEWS,PRIVATE_INDEPENDENT,,ONLINE_NEWS,USA streichen Iran-nahe irakische Airline von Sanktionsliste,"Laut RND-Ticker hob das US-Finanzministerium kurz vor einer angekuendigten Hormus-Oeffnung Sanktionen gegen die den Revolutionsgarden nahestehende irakische Fluggesellschaft Fly Baghdad auf. Paraphrasierte Zusammenfassung, kein woertliches Zitat.",https://www.rnd.de/politik/ticker-zum-iran-krieg-huthi-miliz-meldet-weiteren-angriff-auf-saudi-arabien-SUZZT272ANCR5LXBULZCKG7OB4.html,SANCTIONS_ECONOMIC_MEASURES,,AUTO_SUGGESTED,PARTIALLY_VERIFIED,,
d75d5d2116166c088142834c5fef6e8257b9912f79cc1ccf0a526135ab03ee9a,2026-08-06T06:31:00-04:00,DE,US;IR,DE_RND_TICKER,Redaktionsnetzwerk Deutschland (RND),NEWS,PRIVATE_INDEPENDENT,,ONLINE_NEWS,Trump: Wuerde lieber Deal mit Iran schliessen als Menschen toeten,"Laut RND-Ticker sagte Trump vor Anhaengern in Las Vegas, er wuerde lieber ein Abkommen mit dem Iran schliessen, weil er keine Menschen toeten wolle, ohne den aktuellen Verhandlungsstand naeher zu erlaeutern. Paraphrasierte Zusammenfassung, kein woertliches Zitat.",https://www.rnd.de/politik/ticker-zum-iran-krieg-huthi-miliz-meldet-weiteren-angriff-auf-saudi-arabien-SUZZT272ANCR5LXBULZCKG7OB4.html,,,UNCLASSIFIED,PARTIALLY_VERIFIED,,
941c0ec56f30c1dd523a1d2f323d88fc45605f566a761af15e83b4f0fcfba4c9,2026-08-06T10:23:00-04:00,DE,US,DE_RND_TICKER,Redaktionsnetzwerk Deutschland (RND),NEWS,PRIVATE_INDEPENDENT,,ONLINE_NEWS,Trump droht mit Haftstrafen bei Berichten ueber Waffenengpaesse,"Laut RND-Ticker trat Trump auf Truth Social Berichten ueber angeblich schwindende US-Munitionsvorraete infolge des Iran-Kriegs entgegen und drohte deren Verbreitern mit langen Haftstrafen; die USA verfuegten ueber gewaltige Munitionsmengen. Paraphrasierte Zusammenfassung, kein woertliches Zitat.",https://www.rnd.de/politik/ticker-zum-iran-krieg-huthi-miliz-meldet-weiteren-angriff-auf-saudi-arabien-SUZZT272ANCR5LXBULZCKG7OB4.html,,,UNCLASSIFIED,PARTIALLY_VERIFIED,,
6983690f02f21f3f84efa34e5497fbc3860a1a189f3efd4f5da85594eacd382d,2026-08-07T08:11:00+02:00,DE,DE;IR,DE_RND_TICKER,Redaktionsnetzwerk Deutschland (RND),NEWS,PRIVATE_INDEPENDENT,,ONLINE_NEWS,BDI: Iran-Krieg daempft weltwirtschaftliches Wachstum erheblich,"Laut RND-Ticker erklaerte der Bundesverband der Deutschen Industrie (BDI) in seinem Globalen Wachstumsausblick, die Hoffnung auf eine Konjunkturbelebung zu Jahresbeginn habe durch den Iran-Krieg einen erheblichen Daempfer erhalten. Paraphrasierte Zusammenfassung, kein woertliches Zitat.",https://www.rnd.de/politik/ticker-zum-iran-krieg-huthi-miliz-meldet-weiteren-angriff-auf-saudi-arabien-SUZZT272ANCR5LXBULZCKG7OB4.html,,,UNCLASSIFIED,PARTIALLY_VERIFIED,,
0059f3d0c5309bed84985daf4fa2e8c4afd7c50e7dd31493a7b975e9aa247518,2026-08-07T08:35:00+02:00,DE,DE;IR,DE_RND_TICKER,Redaktionsnetzwerk Deutschland (RND),NEWS,PRIVATE_INDEPENDENT,,ONLINE_NEWS,"Deutsche Exporte trotz Iran-Krieg im Juni auf Rekordwert von 139,3 Milliarden Euro","Laut RND-Ticker meldete das Statistische Bundesamt fuer Juni kalender- und saisonbereinigte deutsche Exporte im Wert von 139,3 Milliarden Euro, 0,9 Prozent mehr als im Mai und 6,6 Prozent mehr als ein Jahr zuvor, trotz aller Belastungen durch den Iran-Krieg. Paraphrasierte Zusammenfassung, kein woertliches Zitat.",https://www.rnd.de/politik/ticker-zum-iran-krieg-huthi-miliz-meldet-weiteren-angriff-auf-saudi-arabien-SUZZT272ANCR5LXBULZCKG7OB4.html,,,UNCLASSIFIED,PARTIALLY_VERIFIED,,
a28b6c12b8068c83d95d53509f68f7e2ae6a933e7fe9e70d83f9982f24cde641,2026-08-07T06:26:00-04:00,DE,US,DE_RND_TICKER,Redaktionsnetzwerk Deutschland (RND),NEWS,PRIVATE_INDEPENDENT,,ONLINE_NEWS,Sorge um Schaedel-Hirn-Traumata bei fast 700 verletzten US-Soldaten,"Laut RND-Ticker ruecken langfristige Folgen von Schaedel-Hirn-Traumata bei fast 700 im Iran-Krieg verletzten US-Militaerangehoerigen zunehmend in den Fokus, die meisten davon durch Drohnen- und Raketenangriffe auf Nahost-Stuetzpunkte. Paraphrasierte Zusammenfassung, kein woertliches Zitat.",https://www.rnd.de/politik/ticker-zum-iran-krieg-huthi-miliz-meldet-weiteren-angriff-auf-saudi-arabien-SUZZT272ANCR5LXBULZCKG7OB4.html,MILITARY_OPERATIONS_SECURITY,,AUTO_SUGGESTED,PARTIALLY_VERIFIED,,
195b96dadf7e2576cee4d053564827565b465db172526dc4641972f63023a22d,2026-08-07T11:06:00+00:00,DE,IR,DE_RND_TICKER,Redaktionsnetzwerk Deutschland (RND),NEWS,PRIVATE_INDEPENDENT,,ONLINE_NEWS,Kpler-Daten: Nur acht Schiffe passierten Strasse von Hormus an einem Tag,"Laut RND-Ticker gingen aus der dpa vorliegenden Daten des Anbieters Kpler hervor, dass trotz ausbleibender gegenseitiger Angriffe nur acht Schiffe die Strasse von Hormus an einem Donnerstag passierten - ein Beleg fuer die anhaltend massive Stoerung der Schifffahrt. Paraphrasierte Zusammenfassung, kein woertliches Zitat.",https://www.rnd.de/politik/ticker-zum-iran-krieg-huthi-miliz-meldet-weiteren-angriff-auf-saudi-arabien-SUZZT272ANCR5LXBULZCKG7OB4.html,MILITARY_OPERATIONS_SECURITY,,AUTO_SUGGESTED,PARTIALLY_VERIFIED,,
298016e1cfe853a5e162f60f39af8a1ed6b196ed2786f601130f3468c6b8b0a7,2026-08-08T17:44:00-04:00,DE,US;IR,DE_RND_TICKER,Redaktionsnetzwerk Deutschland (RND),NEWS,PRIVATE_INDEPENDENT,,ONLINE_NEWS,Vance: US-Ziel ist Ruecklkehr zum Vorkriegsniveau bei Oel- und Gastransport durch Hormus,"Laut RND-Ticker sagte Vance Fox News, akzeptabler Status quo fuer die Meerenge waere eine Rueckkehr zum Oel- und Gastransport-Niveau von vor dem Krieg, was die Iraner zugesagt haetten. Paraphrasierte Zusammenfassung, kein woertliches Zitat.",https://www.rnd.de/politik/ticker-zum-iran-krieg-huthi-miliz-meldet-weiteren-angriff-auf-saudi-arabien-SUZZT272ANCR5LXBULZCKG7OB4.html,,,UNCLASSIFIED,PARTIALLY_VERIFIED,,
d8caa4e0933931b44afed82d57392ab5569ea033e0082ce2635196a0c0fcc39f,2026-08-09T06:45:00+03:30,DE,IR;US,DE_RND_TICKER,Redaktionsnetzwerk Deutschland (RND),NEWS,PRIVATE_INDEPENDENT,,ONLINE_NEWS,Iran stellt neue Bedingungen fuer Oeffnung der Strasse von Hormus,"Laut RND-Ticker verlangte Irans Nationaler Sicherheitsrat, die USA duerften die Islamische Republik nie wieder bedrohen und muessten den Krieg gegen Iran und seine regionalen Verbuendeten beenden, als Bedingungen fuer eine Oeffnung der Meerenge. Paraphrasierte Zusammenfassung, kein woertliches Zitat.",https://www.rnd.de/politik/ticker-zum-iran-krieg-huthi-miliz-meldet-weiteren-angriff-auf-saudi-arabien-SUZZT272ANCR5LXBULZCKG7OB4.html,,,UNCLASSIFIED,PARTIALLY_VERIFIED,,
2af05cb7f7fd779726bd41f290ddf7e4ed64e06259d4f0e1ee127a3ed80025ec,2026-08-09T19:44:00+03:30,DE,IR,DE_RND_TICKER,Redaktionsnetzwerk Deutschland (RND),NEWS,PRIVATE_INDEPENDENT,,ONLINE_NEWS,Iran ernennt Ex-IRGC-Kommandeur Resai zum obersten Sicherheitsratschef,"Laut RND-Ticker ernannte der oberste Fuehrer Modschtaba Chamenei den frueheren Revolutionsgarden-Kommandeur Mohsen Resai zum neuen Vorsitzenden des Nationalen Sicherheitsrates, inmitten mehrerer personeller Umbesetzungen seit Kriegsbeginn. Paraphrasierte Zusammenfassung, kein woertliches Zitat.",https://www.rnd.de/politik/ticker-zum-iran-krieg-huthi-miliz-meldet-weiteren-angriff-auf-saudi-arabien-SUZZT272ANCR5LXBULZCKG7OB4.html,,,UNCLASSIFIED,PARTIALLY_VERIFIED,,
0c655609c01addb09edbb304a5d7ab782db302aa29e987618d9d8d9496c31b05,2026-08-09T18:51:00-04:00,DE,US,DE_RND_TICKER,Redaktionsnetzwerk Deutschland (RND),NEWS,PRIVATE_INDEPENDENT,,ONLINE_NEWS,Pentagon fordert Ruestungsindustrie zu schnellerer Waffenproduktion auf,"Laut RND-Ticker berichteten Washington Post und CNN uebereinstimmend, das Pentagon habe Vertreter der US-Ruestungsindustrie aufgefordert, Produktion und Lieferung von Waffen rasch zu steigern; Pentagon-Sprecher Parnell bestaetigte die Echtheit der Mitteilung der dpa. Paraphrasierte Zusammenfassung, kein woertliches Zitat.",https://www.rnd.de/politik/ticker-zum-iran-krieg-huthi-miliz-meldet-weiteren-angriff-auf-saudi-arabien-SUZZT272ANCR5LXBULZCKG7OB4.html,,,UNCLASSIFIED,PARTIALLY_VERIFIED,,
919f7fa7bf3f5ac0bf92bbb4f3faef10268a9d071962667e87c0ee8a476a9142,2026-08-10T03:13:00+03:00,DE,IR,DE_RND_TICKER,Redaktionsnetzwerk Deutschland (RND),NEWS,PRIVATE_INDEPENDENT,,ONLINE_NEWS,Huthi-Rebellen greifen erneut jemenitische Hafenstadt Mokka an,"Laut RND-Ticker meldete die jemenitische Armee, die iranisch unterstuetzte Huthi-Miliz habe ballistische Raketen und Drohnen auf ein Wohnviertel der regierungskontrollierten Hafenstadt Mokka abgefeuert. Paraphrasierte Zusammenfassung, kein woertliches Zitat.",https://www.rnd.de/politik/ticker-zum-iran-krieg-huthi-miliz-meldet-weiteren-angriff-auf-saudi-arabien-SUZZT272ANCR5LXBULZCKG7OB4.html,MILITARY_OPERATIONS_SECURITY,,AUTO_SUGGESTED,PARTIALLY_VERIFIED,,
0ab595813d88a4675969d6fa3202817877f0eb336ba7010bcd631d0d16ce34fe,2026-08-10T11:31:00+03:30,DE,IR,DE_RND_TICKER,Redaktionsnetzwerk Deutschland (RND),NEWS,PRIVATE_INDEPENDENT,,ONLINE_NEWS,Iran plant Gebuehren fuer die Durchfahrt der Strasse von Hormus,"Laut RND-Ticker erklaerte Aussenamtssprecher Baghai, der Iran erarbeite gemeinsam mit dem Oman Mechanismen zur Ueberwachung von Sicherheit und Umweltschutz, verbunden mit geplanten Gebuehren fuer die Durchfahrt der Meerenge. Paraphrasierte Zusammenfassung, kein woertliches Zitat.",https://www.rnd.de/politik/ticker-zum-iran-krieg-huthi-miliz-meldet-weiteren-angriff-auf-saudi-arabien-SUZZT272ANCR5LXBULZCKG7OB4.html,,,UNCLASSIFIED,PARTIALLY_VERIFIED,,
67aa7137507ab253e08efe209a6dbc9ed6666c6be09d5835d27d2ab3040167d8,2026-08-10T14:38:00+03:30,DE,IR;US,DE_RND_TICKER,Redaktionsnetzwerk Deutschland (RND),NEWS,PRIVATE_INDEPENDENT,,ONLINE_NEWS,"Iran: US-Blockade illegal und zerstoererisch, Wiedergutmachung gefordert","Laut RND-Ticker forderte Aussenamtssprecher Baghaei die USA auf, ihre nach iranischer Darstellung illegalen und zerstoererischen Handlungen einzustellen und Wiedergutmachung fuer die Seeblockade zu leisten. Paraphrasierte Zusammenfassung, kein woertliches Zitat.",https://www.rnd.de/politik/ticker-zum-iran-krieg-huthi-miliz-meldet-weiteren-angriff-auf-saudi-arabien-SUZZT272ANCR5LXBULZCKG7OB4.html,,,UNCLASSIFIED,PARTIALLY_VERIFIED,,
6511451aace98a676414fdbffdd64d4de726880950ddc4a6973164a7b8849fb5,2026-08-10T17:18:00+03:30,DE,IR,DE_RND_TICKER,Redaktionsnetzwerk Deutschland (RND),NEWS,PRIVATE_INDEPENDENT,,ONLINE_NEWS,Iran-Praesident berichtet von siebenstuendigem Treffen mit oberstem Fuehrer,"Laut RND-Ticker berichtete Praesident Peseschkian im Staatssender Irib von einem fast siebenstuendigen Treffen mit dem obersten Fuehrer Modschtaba Chamenei, bei dem es um die Lebensfaehigkeit des Landes im Konflikt mit den USA gegangen sei. Paraphrasierte Zusammenfassung, kein woertliches Zitat.",https://www.rnd.de/politik/ticker-zum-iran-krieg-huthi-miliz-meldet-weiteren-angriff-auf-saudi-arabien-SUZZT272ANCR5LXBULZCKG7OB4.html,,,UNCLASSIFIED,PARTIALLY_VERIFIED,,
64db3bcc1b0ab87499fc2b62dab03dab198b1f759a4c7f7941181be04d727015,2026-08-10T20:08:00+03:30,DE,IR,DE_RND_TICKER,Redaktionsnetzwerk Deutschland (RND),NEWS,PRIVATE_INDEPENDENT,,ONLINE_NEWS,Teheran benennt sechs neue militaerische Fuehrungspersonen,"Laut RND-Ticker wurden kurz nach der Ernennung eines neuen obersten Sicherheitsberaters sechs militaerische Fuehrungspositionen im Iran per Dekret neu besetzt, veroeffentlicht ueber einen Telegram-Kanal des obersten Fuehrers Modschtaba Chamenei. Paraphrasierte Zusammenfassung, kein woertliches Zitat.",https://www.rnd.de/politik/ticker-zum-iran-krieg-huthi-miliz-meldet-weiteren-angriff-auf-saudi-arabien-SUZZT272ANCR5LXBULZCKG7OB4.html,,,UNCLASSIFIED,PARTIALLY_VERIFIED,,
b3d397698edc5f87c366a19170deb61886f13e8becf60c10212aec455d03752d,2026-08-11T00:00:00+03:00,IL,,IL_IMOD_PRESS,Israel Ministry of Defense,STATE_ORGAN,STATE_CONTROLLED,,OFFICIAL_RELEASE,"President of the State of Israel visits the DDR&D at the Israel Ministry of Defense: ""Israel is a power of development and revolutionary technologies that preserve our security superiority”",קרא עוד,https://mod.gov.il/en/press-releases/press-room/president-of-the-state-of-israel-visits-the-ddrd-at-the-israel-ministry-of-defense-israel-is-a-power-of-development-and-revolutionary-technologies-that-preserve-our-security-superiority,,,UNCLASSIFIED,PARTIALLY_VERIFIED,,
85aab9faa454790b08f957aae1db814761a37d323a9d58298acc774b2495ff49,2026-08-10T20:28:00-04:00,DE,US;IR,DE_RND_TICKER,Redaktionsnetzwerk Deutschland (RND),NEWS,PRIVATE_INDEPENDENT,,ONLINE_NEWS,Trump macht Entschaedigungszahlungen zur Bedingung fuer Verhandlungen mit Iran,"Laut RND-Ticker forderte Trump, der Iran solle fuer alle durch iranische Seite verletzten oder getoeteten Menschen sowie fuer Familien getoeteter Demonstranten zahlen, als Bedingung fuer weitere Verhandlungen. Paraphrasierte Zusammenfassung, kein woertliches Zitat.",https://www.rnd.de/politik/ticker-zum-iran-krieg-huthi-miliz-meldet-weiteren-angriff-auf-saudi-arabien-SUZZT272ANCR5LXBULZCKG7OB4.html,DIPLOMACY_MEDIATION_DEESCALATION,,AUTO_SUGGESTED,PARTIALLY_VERIFIED,,
bcba0791a85cc1dede1dc8b498877e5226b6278a6c91309816a9e9e6e594f0de,2026-08-12T13:15:00+05:00,DE,IR;US,DE_RND_TICKER,Redaktionsnetzwerk Deutschland (RND),NEWS,PRIVATE_INDEPENDENT,,ONLINE_NEWS,Pakistan: Iran-USA-Waffenruhe soll um 60 bis 90 Tage verlaengert werden,"Laut RND-Ticker erfuhr die dpa von mit den Gespraechen vertrauten Personen, die Mitte Juni vereinbarte Waffenruhe solle laut pakistanischen Sicherheitskreisen um weitere 60 bis 90 Tage verlaengert werden. Paraphrasierte Zusammenfassung, kein woertliches Zitat.",https://www.rnd.de/politik/ticker-zum-iran-krieg-huthi-miliz-meldet-weiteren-angriff-auf-saudi-arabien-SUZZT272ANCR5LXBULZCKG7OB4.html,,,UNCLASSIFIED,PARTIALLY_VERIFIED,,
ff18a6d8527bd9cb370c937826906b361f0facdfd89e69d055dae1ed9b725037,2026-08-12T12:28:00+03:00,IL,US;IR,IL_ARUTZ_SHEVA_INN,Israel National News (Arutz Sheva),NEWS,PRIVATE_INDEPENDENT,,ONLINE_NEWS,Neue Details: Wie Trump nach iranischer Raketendrohung heimlich das Flugzeug wechselte,"Laut Israel National News berichteten CBS News und die New York Times, US-Geheimdienste haetten nach dem Nato-Gipfel in der Tuerkei eine moegliche iranische Raketenbedrohung gegen Trumps Flugzeug identifiziert; der Secret Service habe ihn daraufhin unbemerkt ueber einen hochgefahrenen Catering-Wagen von der Air Force One auf eine kleinere C-32A umsteigen lassen, waehrend Journalisten und Kabinettsmitglieder wie Rubio und Bessent an Bord der urspruenglichen Maschine blieben, ohne informiert zu werden. Paraphrasierte Zusammenfassung, kein woertliches Zitat.",https://www.israelnationalnews.com/news/431601,,,UNCLASSIFIED,PARTIALLY_VERIFIED,,
b981fadac3cdbd50a01d1a0a1dfd359456d3b3f19ef4e1e2966432ae3ce04b9d,2026-08-12T06:20:00-04:00,DE,US;IR,DE_RND_TICKER,Redaktionsnetzwerk Deutschland (RND),NEWS,PRIVATE_INDEPENDENT,,ONLINE_NEWS,"Trump: Strasse von Hormus vollstaendig unter US-Kontrolle, Iran wirtschaftlich am Ende","Laut RND-Ticker sagte Trump vor Journalisten, die USA haetten die Strasse von Hormus vollstaendig unter Kontrolle und der Iran sei finanziell am Ende, koenne aber weiterhin Probleme machen. Paraphrasierte Zusammenfassung, kein woertliches Zitat.",https://www.rnd.de/politik/ticker-zum-iran-krieg-huthi-miliz-meldet-weiteren-angriff-auf-saudi-arabien-SUZZT272ANCR5LXBULZCKG7OB4.html,,,UNCLASSIFIED,PARTIALLY_VERIFIED,,
28b622b80998ed6d4ccd89df9d96387586f92ff7612f3500f04d921e70e229a1,2026-08-14T06:43:00-05:00,DE,US;IR,DE_RND_TICKER,Redaktionsnetzwerk Deutschland (RND),NEWS,PRIVATE_INDEPENDENT,,ONLINE_NEWS,Vance: Krieg wird mit staerkerer US-Position enden,"Laut RND-Ticker sagte Vizepraesident Vance Fox News, der Krieg werde mit einer staerkeren Position der USA enden, ohne eine zuvor geforderte offene, gebuehrenfreie Hormus-Passage erneut zu erwaehnen. Paraphrasierte Zusammenfassung, kein woertliches Zitat.",https://www.rnd.de/politik/ticker-zum-iran-krieg-huthi-miliz-meldet-weiteren-angriff-auf-saudi-arabien-SUZZT272ANCR5LXBULZCKG7OB4.html,,,UNCLASSIFIED,PARTIALLY_VERIFIED,,
1f87f45100fdd914b0ffc924b98f773a6965dbdfaf9ea8275066aed7745432e3,2026-08-14T06:57:00-05:00,DE,US;IR,DE_RND_TICKER,Redaktionsnetzwerk Deutschland (RND),NEWS,PRIVATE_INDEPENDENT,,ONLINE_NEWS,Hegseth: Seeblockade gegen Iran unbegrenzt aufrechtzuerhalten,"Laut RND-Ticker sagte Verteidigungsminister Hegseth, die US-Marine koenne die Seeblockade gegen den Iran unbefristet fortfuehren, indem Schiffe regelmaessig rotiert wuerden. Paraphrasierte Zusammenfassung, kein woertliches Zitat.",https://www.rnd.de/politik/ticker-zum-iran-krieg-huthi-miliz-meldet-weiteren-angriff-auf-saudi-arabien-SUZZT272ANCR5LXBULZCKG7OB4.html,,,UNCLASSIFIED,PARTIALLY_VERIFIED,,
600b126a7f42cac7d0e498f3f45c062ee5990c5ddc85c91d768491ff6b73dd1d,2026-08-15T06:33:00+03:30,DE,IR;US,DE_RND_TICKER,Redaktionsnetzwerk Deutschland (RND),NEWS,PRIVATE_INDEPENDENT,,ONLINE_NEWS,Iran weist Trumps Hormus-Anspruch zurueck: Meerenge gehoert uns,"Laut RND-Ticker schrieb Irans Vizeaussenminister Gharibabadi, die Strasse von Hormus lasse sich weder per Tweet noch mit einem Flugzeugtraeger einnehmen, der Iran fuerchte weder Drohungen noch Befehle. Paraphrasierte Zusammenfassung, kein woertliches Zitat.",https://www.rnd.de/politik/ticker-zum-iran-krieg-huthi-miliz-meldet-weiteren-angriff-auf-saudi-arabien-SUZZT272ANCR5LXBULZCKG7OB4.html,,,UNCLASSIFIED,PARTIALLY_VERIFIED,,
69e595daefce8f0f5a2e53a6cad84c05e9abfa9a71f1ed9db21d91a36a3d67d5,2026-08-16T00:00:00+03:00,IL,,IL_IMOD_PRESS,Israel Ministry of Defense,STATE_ORGAN,STATE_CONTROLLED,,OFFICIAL_RELEASE,Israel and Honduras Sign Memorandum of Understanding to Deepen Defense Cooperation,"Homepage
Press Room
Israel and Honduras Sign Memorandum of Understanding to Deepen Defense Cooperation
16/8/2026
הקראה קולית
Getting your
Trinity Audio
player ready...
Minister of Defense Israel Katz today (Sunday) signed a Memorandum of Understanding (MOU) with Honduras’ Minister of Defense, Enrique Rodríguez Burchard, to deepen defense cooperation between the State of Israel and the Republic of Honduras.
The signing ceremony took place during an official visit by a senior delegation from Honduras’ Ministry of Defense to Israel, attended by Israel Ministry of Defense (IMOD) Director General Maj. Gen. (Res.) Amir Baram, the Senior Deputy Head of the Policy and Political-Military Bureau, Israel’s Defense Attaché to Honduras, and additional senior officials from the defense ministries of both countries.
Honduras is an important partner of Israel in Central America, and has been notable over the years for its support of Israel in the international arena. The MOU signed today constitutes a significant milestone in strengthening defense relations between the two countries and establishes a framework for long-term cooperation based on shared interests and values.
During the visit, the Honduran Minister of Defense, the Minister of Internal Security, and the Chief of the Joint Staff of the Honduran Armed Forces held wide-ranging security discussions, during which IMOD Director General Maj. Gen. (Res.) Amir Baram presented the Ministry’s strategy.
As part of the dialogue, the parties discussed a range of shared strategic and security issues and examined ways to expand cooperation between the two countries. The Honduran delegation received a briefing on the security and operational challenges Israel has faced in recent years, including key lessons from the multi-front war and from contending with evolving and emerging threats in the region.
The delegation was briefed on the
IMOD’s
capabilities and activities, as well as key aspects of Israel’s defense and defense-industrial establishment. The parties explored relevant opportunities to expand defense cooperation, including in areas of mutual interest.
The MOU with Honduras joins a series of defense cooperation agreements advanced by the IMOD over the past year with partners around the world, as part of the Ministry’s strategy to expand Israel’s circle of defense partnerships, strengthen strategic ties with friendly nations, and deepen cooperation between Israel’s defense industries and international markets.
DDR&D
MOU
Israel Honduras Defense Partnership
IMOD Director General
Defense Minister
כתבות נוספות
31/8/2026
Israel and Greece have signed the massive ""Achilles Shield"" Agreement
קרא עוד
IMOD Director General
SIBAT
DDR&D
Israel Greece Relations
Achilles Shield
16/8/2026
Israel and Honduras Sign Memorandum of Understanding to Deepen Defense Cooperation
קרא עוד
DDR&D
MOU
Israel Honduras Defense Partnership
IMOD Director General
Defense Minister
11/8/2026
President of the State of Israel visits the DDR&D at the Israel Ministry of Defense: ""Israel is a power of development and revolutionary technologies that preserve our security superiority”
קרא עוד
MAFAT
DDR&D
Israel President
לכל הכתבות",https://mod.gov.il/en/press-releases/press-room/israel-and-honduras-sign-memorandum-of-understanding-to-deepen-defense-cooperation,PROCUREMENT_MILITARY_CAPABILITY,,AUTO_SUGGESTED,PARTIALLY_VERIFIED,,
fb1afe8c4e17ce3a35887b7bc1de8e23ae61b0b0760887e46d5017f9ae92d9a2,2026-08-17T12:47:00+03:30,DE,IR,DE_RND_TICKER,Redaktionsnetzwerk Deutschland (RND),NEWS,PRIVATE_INDEPENDENT,,ONLINE_NEWS,Iran und Oman kurz vor Abschluss eines Hormus-Abkommens,"Laut RND-Ticker erklaerte ein iranischer Aussenamtssprecher, ueber den Verlauf einer Transitroute sei eine Einigung mit dem Oman erzielt worden, eine gemeinsame Erklaerung werde vorbereitet. Paraphrasierte Zusammenfassung, kein woertliches Zitat.",https://www.rnd.de/politik/ticker-zum-iran-krieg-huthi-miliz-meldet-weiteren-angriff-auf-saudi-arabien-SUZZT272ANCR5LXBULZCKG7OB4.html,,,UNCLASSIFIED,PARTIALLY_VERIFIED,,
9dabaaa94d508e0e0295d8e9c67c1d1ce48164f353ab9ced4ccda29372decd92,2026-08-17T16:45:00-04:00,DE,US;IR,DE_RND_TICKER,Redaktionsnetzwerk Deutschland (RND),NEWS,PRIVATE_INDEPENDENT,,ONLINE_NEWS,Trump droht Oman mit Bombardierung im Hormus-Streit,"Laut RND-Ticker drohte Trump dem Sultanat Oman, es in Grund und Boden zu bombardieren, sollte es den USA bei der Regelung der Schifffahrt durch die Strasse von Hormus in die Quere kommen. Paraphrasierte Zusammenfassung, kein woertliches Zitat.",https://www.rnd.de/politik/ticker-zum-iran-krieg-huthi-miliz-meldet-weiteren-angriff-auf-saudi-arabien-SUZZT272ANCR5LXBULZCKG7OB4.html,,,UNCLASSIFIED,PARTIALLY_VERIFIED,,
95358cde8bc32c85738d512fcb39305dea9405167976603d4065c31c39b67124,2026-08-17T22:46:00-04:00,DE,US;IR,DE_RND_TICKER,Redaktionsnetzwerk Deutschland (RND),NEWS,PRIVATE_INDEPENDENT,,ONLINE_NEWS,"Trump bekraeftigt Plan, Strasse von Hormus zu US-Territorium zu erklaeren","Laut RND-Ticker bekraeftigte Trump seine Ankuendigung, die Strasse von Hormus ziemlich bald zu einem US-Territorium erklaeren zu wollen. Paraphrasierte Zusammenfassung, kein woertliches Zitat.",https://www.rnd.de/politik/ticker-zum-iran-krieg-huthi-miliz-meldet-weiteren-angriff-auf-saudi-arabien-SUZZT272ANCR5LXBULZCKG7OB4.html,,,UNCLASSIFIED,PARTIALLY_VERIFIED,,
5936485c4402c08bca3cc6d3b8837fb5d556bede95b5cbbbf2ab1e4773f7a0d7,2026-08-18T06:20:00+03:00,IL,IR;US,IL_ARUTZ_SHEVA_INN,Israel National News (Arutz Sheva),NEWS,PRIVATE_INDEPENDENT,,ONLINE_NEWS,Irans Revolutionsgarden weisen Trumps Behauptung geheimer Hintergrundgespraeche zurueck,"Laut Israel National News bezeichnete ein IRGC-Sprecher laut der Nachrichtenagentur Tasnim Trumps Behauptung eines geheimen Kommunikationskanals zwischen Washington und den Revolutionsgarden als Wahnvorstellung; auch das iranische Aussenministerium dementierte Berichte ueber inoffizielle Kontakte ueber irakisch-kurdische Vermittler. Trump selbst erklaerte am selben Tag, er strebe keine Verlaengerung des im Juni vereinbarten Rahmenabkommens an und bekraeftigte, die USA haetten durch die Seeblockade volle Kontrolle ueber die Strasse von Hormus, durch die weiterhin woechentlich Millionen Barrel Oel flossen und wo die Oelpreise weiter sinken wuerden. Paraphrasierte Zusammenfassung, kein woertliches Zitat.",https://www.israelnationalnews.com/news/431858,,,UNCLASSIFIED,PARTIALLY_VERIFIED,,
9b936de03e7f2fad031bbe28391e927d68d2c4db359e6890eb6883c2abaee627,2026-08-18T10:03:00+03:00,DE,US;IR,DE_RND_TICKER,Redaktionsnetzwerk Deutschland (RND),NEWS,PRIVATE_INDEPENDENT,,ONLINE_NEWS,Erdogan ruft Trump zu Fortsetzung der Diplomatie im Iran-Krieg auf,"Laut RND-Ticker rief der tuerkische Praesident Erdogan in einem Telefonat mit Trump zur Fortsetzung diplomatischer Bemuehungen im Iran-Krieg auf und aeusserte Hoffnung auf baldige Wiederaufnahme der Verhandlungen. Paraphrasierte Zusammenfassung, kein woertliches Zitat.",https://www.rnd.de/politik/ticker-zum-iran-krieg-huthi-miliz-meldet-weiteren-angriff-auf-saudi-arabien-SUZZT272ANCR5LXBULZCKG7OB4.html,DIPLOMACY_MEDIATION_DEESCALATION,,AUTO_SUGGESTED,PARTIALLY_VERIFIED,,
e1634b96437f767edb47f4573d86429faa992050548401efa3bda737216678ac,2026-08-18T11:42:00+03:30,DE,IR;US,DE_RND_TICKER,Redaktionsnetzwerk Deutschland (RND),NEWS,PRIVATE_INDEPENDENT,,ONLINE_NEWS,Iran macht Oeffnung der Strasse von Hormus von Umsetzung des Rahmenabkommens abhaengig,"Laut RND-Ticker sagte Irans Parlamentspraesident Ghalibaf, die Meerenge bleibe geschlossen, solange die USA das Mitte Juni unterzeichnete Rahmenabkommen nicht umsetzten. Paraphrasierte Zusammenfassung, kein woertliches Zitat.",https://www.rnd.de/politik/ticker-zum-iran-krieg-huthi-miliz-meldet-weiteren-angriff-auf-saudi-arabien-SUZZT272ANCR5LXBULZCKG7OB4.html,,,UNCLASSIFIED,PARTIALLY_VERIFIED,,
8b0bb089ff5737a40676a67d83bfddd7d50f1dcdb0d16d93ed25f97866150856,2026-08-18T15:15:00+02:00,DE,IR,DE_RND_TICKER,Redaktionsnetzwerk Deutschland (RND),NEWS,PRIVATE_INDEPENDENT,,ONLINE_NEWS,Aegypten sieht in Iran-Oman-Abkommen moeglichen Auftakt fuer US-Verhandlungen,"Laut RND-Ticker setzte Kairo darauf, dass ein Iran-Oman-Abkommen zum Schiffsverkehr den Weg fuer neue, umfassende und dauerhafte Verhandlungen zwischen Iran und den USA ebnen koennte. Paraphrasierte Zusammenfassung, kein woertliches Zitat.",https://www.rnd.de/politik/ticker-zum-iran-krieg-huthi-miliz-meldet-weiteren-angriff-auf-saudi-arabien-SUZZT272ANCR5LXBULZCKG7OB4.html,DIPLOMACY_MEDIATION_DEESCALATION,,AUTO_SUGGESTED,PARTIALLY_VERIFIED,,
6facfe7392cf431f2e353ebea88c4a10d2e929183e9457f599530c9783a9247f,2026-08-18T19:35:00+04:00,DE,IR,DE_RND_TICKER,Redaktionsnetzwerk Deutschland (RND),NEWS,PRIVATE_INDEPENDENT,,ONLINE_NEWS,Iranische Raketen landen erstmals seit Wochen wieder vor Kueste der Emirate,"Laut RND-Ticker meldeten die Vereinigten Arabischen Emirate zwei aus dem Iran abgefeuerte ballistische Raketen, eine sei innerhalb der Hoheitsgewaesser ins Wasser gestuerzt. Paraphrasierte Zusammenfassung, kein woertliches Zitat.",https://www.rnd.de/politik/ticker-zum-iran-krieg-huthi-miliz-meldet-weiteren-angriff-auf-saudi-arabien-SUZZT272ANCR5LXBULZCKG7OB4.html,,,UNCLASSIFIED,PARTIALLY_VERIFIED,,
2cb5b613b1daee23792bd7b43d31ec87d89323c6116cbb5008d52b4744e7047d,2026-08-18T21:24:00+02:00,DE,FR;IR,DE_RND_TICKER,Redaktionsnetzwerk Deutschland (RND),NEWS,PRIVATE_INDEPENDENT,,ONLINE_NEWS,Frankreich weist zwei iranische Diplomaten nach Uebergriff aus,"Laut RND-Ticker wies Frankreich zwei iranische Botschaftsmitarbeiter wegen eines vorgeworfenen Uebergriffs auf zwei franzoesische Diplomaten aus; sie sollten das Land in den kommenden Tagen verlassen. Paraphrasierte Zusammenfassung, kein woertliches Zitat.",https://www.rnd.de/politik/ticker-zum-iran-krieg-huthi-miliz-meldet-weiteren-angriff-auf-saudi-arabien-SUZZT272ANCR5LXBULZCKG7OB4.html,,,UNCLASSIFIED,PARTIALLY_VERIFIED,,
da0c0c9c249b7adaca053eb5b3da5095c0a9959bf121401f1dcb0785abbebdc2,2026-08-18T16:16:00-04:00,DE,US;IR,DE_RND_TICKER,Redaktionsnetzwerk Deutschland (RND),NEWS,PRIVATE_INDEPENDENT,,ONLINE_NEWS,Trump: Derzeit keine Gespraeche mit dem Iran geplant,"Laut RND-Ticker erklaerte Trump auf Truth Social, es gebe derzeit weder Gespraeche noch Planungen dafuer mit dem Iran; die Seeblockade bleibe in vollem Umfang in Kraft, die Strasse von Hormus sei aus seiner Sicht offen und in Betrieb. Paraphrasierte Zusammenfassung, kein woertliches Zitat.",https://www.rnd.de/politik/ticker-zum-iran-krieg-huthi-miliz-meldet-weiteren-angriff-auf-saudi-arabien-SUZZT272ANCR5LXBULZCKG7OB4.html,,,UNCLASSIFIED,PARTIALLY_VERIFIED,,
