observation_date,series_id,series_label,product,tax_basis,value,indexed_value,unit,source_name,source_url
2026-01-02,BRENT,Brent crude,ALL,NOT_APPLICABLE,61.98,100.0,USD/barrel,U.S. Energy Information Administration,https://www.eia.gov/dnav/pet/hist_xls/RBRTEd.xls
2026-01-05,BRENT,Brent crude,ALL,NOT_APPLICABLE,63.0,101.6456921587609,USD/barrel,U.S. Energy Information Administration,https://www.eia.gov/dnav/pet/hist_xls/RBRTEd.xls
2026-01-06,BRENT,Brent crude,ALL,NOT_APPLICABLE,62.1,100.19361084220716,USD/barrel,U.S. Energy Information Administration,https://www.eia.gov/dnav/pet/hist_xls/RBRTEd.xls
2026-01-07,BRENT,Brent crude,ALL,NOT_APPLICABLE,61.08,98.54791868344628,USD/barrel,U.S. Energy Information Administration,https://www.eia.gov/dnav/pet/hist_xls/RBRTEd.xls
2026-01-08,BRENT,Brent crude,ALL,NOT_APPLICABLE,63.34,102.19425621168119,USD/barrel,U.S. Energy Information Administration,https://www.eia.gov/dnav/pet/hist_xls/RBRTEd.xls
2026-01-09,BRENT,Brent crude,ALL,NOT_APPLICABLE,65.11,105.05001613423686,USD/barrel,U.S. Energy Information Administration,https://www.eia.gov/dnav/pet/hist_xls/RBRTEd.xls
2026-01-12,BRENT,Brent crude,ALL,NOT_APPLICABLE,65.4,105.51790900290419,USD/barrel,U.S. Energy Information Administration,https://www.eia.gov/dnav/pet/hist_xls/RBRTEd.xls
2026-01-13,BRENT,Brent crude,ALL,NOT_APPLICABLE,67.58,109.03517263633431,USD/barrel,U.S. Energy Information Administration,https://www.eia.gov/dnav/pet/hist_xls/RBRTEd.xls
2026-01-14,BRENT,Brent crude,ALL,NOT_APPLICABLE,68.87,111.11648919006132,USD/barrel,U.S. Energy Information Administration,https://www.eia.gov/dnav/pet/hist_xls/RBRTEd.xls
2026-01-15,BRENT,Brent crude,ALL,NOT_APPLICABLE,66.16,106.74411100354952,USD/barrel,U.S. Energy Information Administration,https://www.eia.gov/dnav/pet/hist_xls/RBRTEd.xls
2026-01-16,BRENT,Brent crude,ALL,NOT_APPLICABLE,66.97,108.0509841884479,USD/barrel,U.S. Energy Information Administration,https://www.eia.gov/dnav/pet/hist_xls/RBRTEd.xls
2026-01-19,BRENT,Brent crude,ALL,NOT_APPLICABLE,66.91,107.9541787673443,USD/barrel,U.S. Energy Information Administration,https://www.eia.gov/dnav/pet/hist_xls/RBRTEd.xls
2026-01-20,BRENT,Brent crude,ALL,NOT_APPLICABLE,67.68,109.1965150048403,USD/barrel,U.S. Energy Information Administration,https://www.eia.gov/dnav/pet/hist_xls/RBRTEd.xls
2026-01-21,BRENT,Brent crude,ALL,NOT_APPLICABLE,66.72,107.64762826718297,USD/barrel,U.S. Energy Information Administration,https://www.eia.gov/dnav/pet/hist_xls/RBRTEd.xls
2026-01-22,BRENT,Brent crude,ALL,NOT_APPLICABLE,65.46,105.61471442400774,USD/barrel,U.S. Energy Information Administration,https://www.eia.gov/dnav/pet/hist_xls/RBRTEd.xls
2026-01-23,BRENT,Brent crude,ALL,NOT_APPLICABLE,68.16,109.97095837366892,USD/barrel,U.S. Energy Information Administration,https://www.eia.gov/dnav/pet/hist_xls/RBRTEd.xls
2026-01-26,BRENT,Brent crude,ALL,NOT_APPLICABLE,67.7,109.22878347854149,USD/barrel,U.S. Energy Information Administration,https://www.eia.gov/dnav/pet/hist_xls/RBRTEd.xls
2026-01-27,BRENT,Brent crude,ALL,NOT_APPLICABLE,70.28,113.3914165859955,USD/barrel,U.S. Energy Information Administration,https://www.eia.gov/dnav/pet/hist_xls/RBRTEd.xls
2026-01-28,BRENT,Brent crude,ALL,NOT_APPLICABLE,70.9,114.39173927073251,USD/barrel,U.S. Energy Information Administration,https://www.eia.gov/dnav/pet/hist_xls/RBRTEd.xls
2026-01-29,BRENT,Brent crude,ALL,NOT_APPLICABLE,71.0,114.55308163923847,USD/barrel,U.S. Energy Information Administration,https://www.eia.gov/dnav/pet/hist_xls/RBRTEd.xls
2026-01-30,BRENT,Brent crude,ALL,NOT_APPLICABLE,72.25,116.5698612455631,USD/barrel,U.S. Energy Information Administration,https://www.eia.gov/dnav/pet/hist_xls/RBRTEd.xls
2026-02-02,BRENT,Brent crude,ALL,NOT_APPLICABLE,67.72,109.26105195224267,USD/barrel,U.S. Energy Information Administration,https://www.eia.gov/dnav/pet/hist_xls/RBRTEd.xls
2026-02-03,BRENT,Brent crude,ALL,NOT_APPLICABLE,70.01,112.95579219102937,USD/barrel,U.S. Energy Information Administration,https://www.eia.gov/dnav/pet/hist_xls/RBRTEd.xls
2026-02-04,BRENT,Brent crude,ALL,NOT_APPLICABLE,71.15,114.79509519199745,USD/barrel,U.S. Energy Information Administration,https://www.eia.gov/dnav/pet/hist_xls/RBRTEd.xls
2026-02-05,BRENT,Brent crude,ALL,NOT_APPLICABLE,69.87,112.72991287512102,USD/barrel,U.S. Energy Information Administration,https://www.eia.gov/dnav/pet/hist_xls/RBRTEd.xls
2026-02-06,BRENT,Brent crude,ALL,NOT_APPLICABLE,70.45,113.66569861245563,USD/barrel,U.S. Energy Information Administration,https://www.eia.gov/dnav/pet/hist_xls/RBRTEd.xls
2026-02-09,BRENT,Brent crude,ALL,NOT_APPLICABLE,71.19,114.8596321393998,USD/barrel,U.S. Energy Information Administration,https://www.eia.gov/dnav/pet/hist_xls/RBRTEd.xls
2026-02-10,BRENT,Brent crude,ALL,NOT_APPLICABLE,71.01,114.56921587608907,USD/barrel,U.S. Energy Information Administration,https://www.eia.gov/dnav/pet/hist_xls/RBRTEd.xls
2026-02-11,BRENT,Brent crude,ALL,NOT_APPLICABLE,71.52,115.39206195546952,USD/barrel,U.S. Energy Information Administration,https://www.eia.gov/dnav/pet/hist_xls/RBRTEd.xls
2026-02-12,BRENT,Brent crude,ALL,NOT_APPLICABLE,69.8,112.61697321716684,USD/barrel,U.S. Energy Information Administration,https://www.eia.gov/dnav/pet/hist_xls/RBRTEd.xls
2026-02-13,BRENT,Brent crude,ALL,NOT_APPLICABLE,69.96,112.87512100677637,USD/barrel,U.S. Energy Information Administration,https://www.eia.gov/dnav/pet/hist_xls/RBRTEd.xls
2026-02-16,BRENT,Brent crude,ALL,NOT_APPLICABLE,70.81,114.24653113907712,USD/barrel,U.S. Energy Information Administration,https://www.eia.gov/dnav/pet/hist_xls/RBRTEd.xls
2026-02-17,BRENT,Brent crude,ALL,NOT_APPLICABLE,69.77,112.56857050661505,USD/barrel,U.S. Energy Information Administration,https://www.eia.gov/dnav/pet/hist_xls/RBRTEd.xls
2026-02-18,BRENT,Brent crude,ALL,NOT_APPLICABLE,71.78,115.81155211358502,USD/barrel,U.S. Energy Information Administration,https://www.eia.gov/dnav/pet/hist_xls/RBRTEd.xls
2026-02-19,BRENT,Brent crude,ALL,NOT_APPLICABLE,73.17,118.05421103581801,USD/barrel,U.S. Energy Information Administration,https://www.eia.gov/dnav/pet/hist_xls/RBRTEd.xls
2026-02-20,BRENT,Brent crude,ALL,NOT_APPLICABLE,72.75,117.37657308809293,USD/barrel,U.S. Energy Information Administration,https://www.eia.gov/dnav/pet/hist_xls/RBRTEd.xls
2026-02-23,BRENT,Brent crude,ALL,NOT_APPLICABLE,71.9,116.0051629557922,USD/barrel,U.S. Energy Information Administration,https://www.eia.gov/dnav/pet/hist_xls/RBRTEd.xls
2026-02-24,BRENT,Brent crude,ALL,NOT_APPLICABLE,71.21,114.891900613101,USD/barrel,U.S. Energy Information Administration,https://www.eia.gov/dnav/pet/hist_xls/RBRTEd.xls
2026-02-25,BRENT,Brent crude,ALL,NOT_APPLICABLE,70.69,114.05292029686996,USD/barrel,U.S. Energy Information Administration,https://www.eia.gov/dnav/pet/hist_xls/RBRTEd.xls
2026-02-26,BRENT,Brent crude,ALL,NOT_APPLICABLE,71.66,115.61794127137786,USD/barrel,U.S. Energy Information Administration,https://www.eia.gov/dnav/pet/hist_xls/RBRTEd.xls
2026-02-27,BRENT,Brent crude,ALL,NOT_APPLICABLE,71.32,115.06937721845756,USD/barrel,U.S. Energy Information Administration,https://www.eia.gov/dnav/pet/hist_xls/RBRTEd.xls
2026-03-02,BRENT,Brent crude,ALL,NOT_APPLICABLE,77.24,124.62084543401097,USD/barrel,U.S. Energy Information Administration,https://www.eia.gov/dnav/pet/hist_xls/RBRTEd.xls
2026-03-03,BRENT,Brent crude,ALL,NOT_APPLICABLE,83.28,134.36592449177155,USD/barrel,U.S. Energy Information Administration,https://www.eia.gov/dnav/pet/hist_xls/RBRTEd.xls
2026-03-04,BRENT,Brent crude,ALL,NOT_APPLICABLE,81.56,131.5908357534689,USD/barrel,U.S. Energy Information Administration,https://www.eia.gov/dnav/pet/hist_xls/RBRTEd.xls
2026-03-05,BRENT,Brent crude,ALL,NOT_APPLICABLE,88.59,142.93320425943853,USD/barrel,U.S. Energy Information Administration,https://www.eia.gov/dnav/pet/hist_xls/RBRTEd.xls
2026-03-06,BRENT,Brent crude,ALL,NOT_APPLICABLE,95.74,154.46918360761538,USD/barrel,U.S. Energy Information Administration,https://www.eia.gov/dnav/pet/hist_xls/RBRTEd.xls
2026-03-09,BRENT,Brent crude,ALL,NOT_APPLICABLE,94.35,152.22652468538237,USD/barrel,U.S. Energy Information Administration,https://www.eia.gov/dnav/pet/hist_xls/RBRTEd.xls
2026-03-10,BRENT,Brent crude,ALL,NOT_APPLICABLE,89.84,144.94998386576316,USD/barrel,U.S. Energy Information Administration,https://www.eia.gov/dnav/pet/hist_xls/RBRTEd.xls
2026-03-11,BRENT,Brent crude,ALL,NOT_APPLICABLE,90.98,146.78928686673123,USD/barrel,U.S. Energy Information Administration,https://www.eia.gov/dnav/pet/hist_xls/RBRTEd.xls
2026-03-12,BRENT,Brent crude,ALL,NOT_APPLICABLE,102.38,165.18231687641173,USD/barrel,U.S. Energy Information Administration,https://www.eia.gov/dnav/pet/hist_xls/RBRTEd.xls
2026-03-13,BRENT,Brent crude,ALL,NOT_APPLICABLE,103.23,166.55372700871249,USD/barrel,U.S. Energy Information Administration,https://www.eia.gov/dnav/pet/hist_xls/RBRTEd.xls
2026-03-16,BRENT,Brent crude,ALL,NOT_APPLICABLE,101.04,163.02032913843178,USD/barrel,U.S. Energy Information Administration,https://www.eia.gov/dnav/pet/hist_xls/RBRTEd.xls
2026-03-17,BRENT,Brent crude,ALL,NOT_APPLICABLE,108.39,174.87899322362054,USD/barrel,U.S. Energy Information Administration,https://www.eia.gov/dnav/pet/hist_xls/RBRTEd.xls
2026-03-18,BRENT,Brent crude,ALL,NOT_APPLICABLE,118.09,190.5292029686996,USD/barrel,U.S. Energy Information Administration,https://www.eia.gov/dnav/pet/hist_xls/RBRTEd.xls
2026-03-19,BRENT,Brent crude,ALL,NOT_APPLICABLE,111.05,179.17070022587933,USD/barrel,U.S. Energy Information Administration,https://www.eia.gov/dnav/pet/hist_xls/RBRTEd.xls
2026-03-20,BRENT,Brent crude,ALL,NOT_APPLICABLE,118.42,191.06163278476927,USD/barrel,U.S. Energy Information Administration,https://www.eia.gov/dnav/pet/hist_xls/RBRTEd.xls
2026-03-23,BRENT,Brent crude,ALL,NOT_APPLICABLE,103.79,167.45724427234595,USD/barrel,U.S. Energy Information Administration,https://www.eia.gov/dnav/pet/hist_xls/RBRTEd.xls
2026-03-24,BRENT,Brent crude,ALL,NOT_APPLICABLE,108.42,174.92739593417232,USD/barrel,U.S. Energy Information Administration,https://www.eia.gov/dnav/pet/hist_xls/RBRTEd.xls
2026-03-25,BRENT,Brent crude,ALL,NOT_APPLICABLE,109.14,176.0890609874153,USD/barrel,U.S. Energy Information Administration,https://www.eia.gov/dnav/pet/hist_xls/RBRTEd.xls
2026-03-26,BRENT,Brent crude,ALL,NOT_APPLICABLE,113.39,182.94611164891901,USD/barrel,U.S. Energy Information Administration,https://www.eia.gov/dnav/pet/hist_xls/RBRTEd.xls
2026-03-27,BRENT,Brent crude,ALL,NOT_APPLICABLE,121.47,195.98257502420137,USD/barrel,U.S. Energy Information Administration,https://www.eia.gov/dnav/pet/hist_xls/RBRTEd.xls
2026-03-30,BRENT,Brent crude,ALL,NOT_APPLICABLE,121.88,196.64407873507582,USD/barrel,U.S. Energy Information Administration,https://www.eia.gov/dnav/pet/hist_xls/RBRTEd.xls
2026-03-31,BRENT,Brent crude,ALL,NOT_APPLICABLE,126.69,204.40464666021296,USD/barrel,U.S. Energy Information Administration,https://www.eia.gov/dnav/pet/hist_xls/RBRTEd.xls
2026-04-01,BRENT,Brent crude,ALL,NOT_APPLICABLE,119.56,192.90093578573735,USD/barrel,U.S. Energy Information Administration,https://www.eia.gov/dnav/pet/hist_xls/RBRTEd.xls
2026-04-02,BRENT,Brent crude,ALL,NOT_APPLICABLE,127.61,205.88899645046789,USD/barrel,U.S. Energy Information Administration,https://www.eia.gov/dnav/pet/hist_xls/RBRTEd.xls
2026-04-07,BRENT,Brent crude,ALL,NOT_APPLICABLE,138.21,222.99128751210068,USD/barrel,U.S. Energy Information Administration,https://www.eia.gov/dnav/pet/hist_xls/RBRTEd.xls
2026-04-08,BRENT,Brent crude,ALL,NOT_APPLICABLE,122.11,197.01516618263958,USD/barrel,U.S. Energy Information Administration,https://www.eia.gov/dnav/pet/hist_xls/RBRTEd.xls
2026-04-09,BRENT,Brent crude,ALL,NOT_APPLICABLE,119.03,192.0458212326557,USD/barrel,U.S. Energy Information Administration,https://www.eia.gov/dnav/pet/hist_xls/RBRTEd.xls
2026-04-10,BRENT,Brent crude,ALL,NOT_APPLICABLE,119.07,192.11035818005809,USD/barrel,U.S. Energy Information Administration,https://www.eia.gov/dnav/pet/hist_xls/RBRTEd.xls
2026-04-13,BRENT,Brent crude,ALL,NOT_APPLICABLE,123.28,198.90287189415943,USD/barrel,U.S. Energy Information Administration,https://www.eia.gov/dnav/pet/hist_xls/RBRTEd.xls
2026-04-14,BRENT,Brent crude,ALL,NOT_APPLICABLE,118.69,191.4972571797354,USD/barrel,U.S. Energy Information Administration,https://www.eia.gov/dnav/pet/hist_xls/RBRTEd.xls
2026-04-15,BRENT,Brent crude,ALL,NOT_APPLICABLE,114.93,185.43078412391097,USD/barrel,U.S. Energy Information Administration,https://www.eia.gov/dnav/pet/hist_xls/RBRTEd.xls
2026-04-16,BRENT,Brent crude,ALL,NOT_APPLICABLE,116.63,188.17360438851242,USD/barrel,U.S. Energy Information Administration,https://www.eia.gov/dnav/pet/hist_xls/RBRTEd.xls
2026-04-17,BRENT,Brent crude,ALL,NOT_APPLICABLE,98.63,159.1319780574379,USD/barrel,U.S. Energy Information Administration,https://www.eia.gov/dnav/pet/hist_xls/RBRTEd.xls
2026-04-20,BRENT,Brent crude,ALL,NOT_APPLICABLE,103.4,166.82800903517264,USD/barrel,U.S. Energy Information Administration,https://www.eia.gov/dnav/pet/hist_xls/RBRTEd.xls
2026-04-21,BRENT,Brent crude,ALL,NOT_APPLICABLE,106.14,171.24878993223624,USD/barrel,U.S. Energy Information Administration,https://www.eia.gov/dnav/pet/hist_xls/RBRTEd.xls
2026-04-22,BRENT,Brent crude,ALL,NOT_APPLICABLE,113.44,183.026782833172,USD/barrel,U.S. Energy Information Administration,https://www.eia.gov/dnav/pet/hist_xls/RBRTEd.xls
2026-04-23,BRENT,Brent crude,ALL,NOT_APPLICABLE,113.25,182.72023233301067,USD/barrel,U.S. Energy Information Administration,https://www.eia.gov/dnav/pet/hist_xls/RBRTEd.xls
2026-04-24,BRENT,Brent crude,ALL,NOT_APPLICABLE,111.86,180.4775734107777,USD/barrel,U.S. Energy Information Administration,https://www.eia.gov/dnav/pet/hist_xls/RBRTEd.xls
2026-04-27,BRENT,Brent crude,ALL,NOT_APPLICABLE,113.89,183.75282349144885,USD/barrel,U.S. Energy Information Administration,https://www.eia.gov/dnav/pet/hist_xls/RBRTEd.xls
2026-04-28,BRENT,Brent crude,ALL,NOT_APPLICABLE,117.62,189.77089383672154,USD/barrel,U.S. Energy Information Administration,https://www.eia.gov/dnav/pet/hist_xls/RBRTEd.xls
2026-04-29,BRENT,Brent crude,ALL,NOT_APPLICABLE,124.16,200.32268473701197,USD/barrel,U.S. Energy Information Administration,https://www.eia.gov/dnav/pet/hist_xls/RBRTEd.xls
2026-04-30,BRENT,Brent crude,ALL,NOT_APPLICABLE,124.24,200.45175863181672,USD/barrel,U.S. Energy Information Administration,https://www.eia.gov/dnav/pet/hist_xls/RBRTEd.xls
2026-05-01,BRENT,Brent crude,ALL,NOT_APPLICABLE,118.26,190.80348499515975,USD/barrel,U.S. Energy Information Administration,https://www.eia.gov/dnav/pet/hist_xls/RBRTEd.xls
2026-05-05,BRENT,Brent crude,ALL,NOT_APPLICABLE,114.51,184.75314617618588,USD/barrel,U.S. Energy Information Administration,https://www.eia.gov/dnav/pet/hist_xls/RBRTEd.xls
2026-05-06,BRENT,Brent crude,ALL,NOT_APPLICABLE,103.7,167.31203614069057,USD/barrel,U.S. Energy Information Administration,https://www.eia.gov/dnav/pet/hist_xls/RBRTEd.xls
2026-05-07,BRENT,Brent crude,ALL,NOT_APPLICABLE,101.82,164.2787996127783,USD/barrel,U.S. Energy Information Administration,https://www.eia.gov/dnav/pet/hist_xls/RBRTEd.xls
2026-05-08,BRENT,Brent crude,ALL,NOT_APPLICABLE,103.48,166.95708292997742,USD/barrel,U.S. Energy Information Administration,https://www.eia.gov/dnav/pet/hist_xls/RBRTEd.xls
2026-05-11,BRENT,Brent crude,ALL,NOT_APPLICABLE,106.11,171.20038722168442,USD/barrel,U.S. Energy Information Administration,https://www.eia.gov/dnav/pet/hist_xls/RBRTEd.xls
2026-05-12,BRENT,Brent crude,ALL,NOT_APPLICABLE,111.37,179.68699580509843,USD/barrel,U.S. Energy Information Administration,https://www.eia.gov/dnav/pet/hist_xls/RBRTEd.xls
2026-05-13,BRENT,Brent crude,ALL,NOT_APPLICABLE,110.28,177.92836398838335,USD/barrel,U.S. Energy Information Administration,https://www.eia.gov/dnav/pet/hist_xls/RBRTEd.xls
2026-05-14,BRENT,Brent crude,ALL,NOT_APPLICABLE,110.91,178.94482090997096,USD/barrel,U.S. Energy Information Administration,https://www.eia.gov/dnav/pet/hist_xls/RBRTEd.xls
2026-05-15,BRENT,Brent crude,ALL,NOT_APPLICABLE,113.96,183.86576314940305,USD/barrel,U.S. Energy Information Administration,https://www.eia.gov/dnav/pet/hist_xls/RBRTEd.xls
2026-05-18,BRENT,Brent crude,ALL,NOT_APPLICABLE,116.73,188.3349467570184,USD/barrel,U.S. Energy Information Administration,https://www.eia.gov/dnav/pet/hist_xls/RBRTEd.xls
2026-05-19,BRENT,Brent crude,ALL,NOT_APPLICABLE,114.64,184.96289125524362,USD/barrel,U.S. Energy Information Administration,https://www.eia.gov/dnav/pet/hist_xls/RBRTEd.xls
2026-05-20,BRENT,Brent crude,ALL,NOT_APPLICABLE,108.93,175.7502420135528,USD/barrel,U.S. Energy Information Administration,https://www.eia.gov/dnav/pet/hist_xls/RBRTEd.xls
2026-05-21,BRENT,Brent crude,ALL,NOT_APPLICABLE,105.84,170.7647628267183,USD/barrel,U.S. Energy Information Administration,https://www.eia.gov/dnav/pet/hist_xls/RBRTEd.xls
2026-05-22,BRENT,Brent crude,ALL,NOT_APPLICABLE,106.9,172.47499193288158,USD/barrel,U.S. Energy Information Administration,https://www.eia.gov/dnav/pet/hist_xls/RBRTEd.xls
2026-05-26,BRENT,Brent crude,ALL,NOT_APPLICABLE,102.75,165.77928363988383,USD/barrel,U.S. Energy Information Administration,https://www.eia.gov/dnav/pet/hist_xls/RBRTEd.xls
2026-05-27,BRENT,Brent crude,ALL,NOT_APPLICABLE,97.11,156.67957405614715,USD/barrel,U.S. Energy Information Administration,https://www.eia.gov/dnav/pet/hist_xls/RBRTEd.xls
2026-05-28,BRENT,Brent crude,ALL,NOT_APPLICABLE,95.47,154.03355921264927,USD/barrel,U.S. Energy Information Administration,https://www.eia.gov/dnav/pet/hist_xls/RBRTEd.xls
2026-05-29,BRENT,Brent crude,ALL,NOT_APPLICABLE,92.88,149.85479186834462,USD/barrel,U.S. Energy Information Administration,https://www.eia.gov/dnav/pet/hist_xls/RBRTEd.xls
2026-06-01,BRENT,Brent crude,ALL,NOT_APPLICABLE,98.29,158.5834140045176,USD/barrel,U.S. Energy Information Administration,https://www.eia.gov/dnav/pet/hist_xls/RBRTEd.xls
2026-06-02,BRENT,Brent crude,ALL,NOT_APPLICABLE,98.49,158.90609874152952,USD/barrel,U.S. Energy Information Administration,https://www.eia.gov/dnav/pet/hist_xls/RBRTEd.xls
2026-06-03,BRENT,Brent crude,ALL,NOT_APPLICABLE,101.69,164.06905453372056,USD/barrel,U.S. Energy Information Administration,https://www.eia.gov/dnav/pet/hist_xls/RBRTEd.xls
2026-06-04,BRENT,Brent crude,ALL,NOT_APPLICABLE,98.98,159.69667634720878,USD/barrel,U.S. Energy Information Administration,https://www.eia.gov/dnav/pet/hist_xls/RBRTEd.xls
2026-06-05,BRENT,Brent crude,ALL,NOT_APPLICABLE,97.29,156.9699903194579,USD/barrel,U.S. Energy Information Administration,https://www.eia.gov/dnav/pet/hist_xls/RBRTEd.xls
2026-06-08,BRENT,Brent crude,ALL,NOT_APPLICABLE,97.46,157.24427234591803,USD/barrel,U.S. Energy Information Administration,https://www.eia.gov/dnav/pet/hist_xls/RBRTEd.xls
2026-06-09,BRENT,Brent crude,ALL,NOT_APPLICABLE,94.15,151.90383994837046,USD/barrel,U.S. Energy Information Administration,https://www.eia.gov/dnav/pet/hist_xls/RBRTEd.xls
2026-06-10,BRENT,Brent crude,ALL,NOT_APPLICABLE,95.73,154.45304937076477,USD/barrel,U.S. Energy Information Administration,https://www.eia.gov/dnav/pet/hist_xls/RBRTEd.xls
2026-06-11,BRENT,Brent crude,ALL,NOT_APPLICABLE,92.84,149.79025492094223,USD/barrel,U.S. Energy Information Administration,https://www.eia.gov/dnav/pet/hist_xls/RBRTEd.xls
2026-06-12,BRENT,Brent crude,ALL,NOT_APPLICABLE,88.64,143.01387544369152,USD/barrel,U.S. Energy Information Administration,https://www.eia.gov/dnav/pet/hist_xls/RBRTEd.xls
2026-06-15,BRENT,Brent crude,ALL,NOT_APPLICABLE,84.36,136.10842207163603,USD/barrel,U.S. Energy Information Administration,https://www.eia.gov/dnav/pet/hist_xls/RBRTEd.xls
2026-06-16,BRENT,Brent crude,ALL,NOT_APPLICABLE,80.5,129.8806066473056,USD/barrel,U.S. Energy Information Administration,https://www.eia.gov/dnav/pet/hist_xls/RBRTEd.xls
2026-06-17,BRENT,Brent crude,ALL,NOT_APPLICABLE,80.33,129.60632462084544,USD/barrel,U.S. Energy Information Administration,https://www.eia.gov/dnav/pet/hist_xls/RBRTEd.xls
2026-06-18,BRENT,Brent crude,ALL,NOT_APPLICABLE,79.35,128.02516940948695,USD/barrel,U.S. Energy Information Administration,https://www.eia.gov/dnav/pet/hist_xls/RBRTEd.xls
2026-06-19,BRENT,Brent crude,ALL,NOT_APPLICABLE,80.46,129.81606969990318,USD/barrel,U.S. Energy Information Administration,https://www.eia.gov/dnav/pet/hist_xls/RBRTEd.xls
2026-06-22,BRENT,Brent crude,ALL,NOT_APPLICABLE,76.49,123.41077767021619,USD/barrel,U.S. Energy Information Administration,https://www.eia.gov/dnav/pet/hist_xls/RBRTEd.xls
2026-06-23,BRENT,Brent crude,ALL,NOT_APPLICABLE,75.69,122.12003872216843,USD/barrel,U.S. Energy Information Administration,https://www.eia.gov/dnav/pet/hist_xls/RBRTEd.xls
2026-06-24,BRENT,Brent crude,ALL,NOT_APPLICABLE,72.09,116.31171345595355,USD/barrel,U.S. Energy Information Administration,https://www.eia.gov/dnav/pet/hist_xls/RBRTEd.xls
2026-06-25,BRENT,Brent crude,ALL,NOT_APPLICABLE,73.74,118.97386253630202,USD/barrel,U.S. Energy Information Administration,https://www.eia.gov/dnav/pet/hist_xls/RBRTEd.xls
2026-06-26,BRENT,Brent crude,ALL,NOT_APPLICABLE,70.16,113.19780574378832,USD/barrel,U.S. Energy Information Administration,https://www.eia.gov/dnav/pet/hist_xls/RBRTEd.xls
2026-06-29,BRENT,Brent crude,ALL,NOT_APPLICABLE,71.59,115.5050016134237,USD/barrel,U.S. Energy Information Administration,https://www.eia.gov/dnav/pet/hist_xls/RBRTEd.xls
2026-06-30,BRENT,Brent crude,ALL,NOT_APPLICABLE,70.46,113.68183284930622,USD/barrel,U.S. Energy Information Administration,https://www.eia.gov/dnav/pet/hist_xls/RBRTEd.xls
2026-07-01,BRENT,Brent crude,ALL,NOT_APPLICABLE,69.24,111.7134559535334,USD/barrel,U.S. Energy Information Administration,https://www.eia.gov/dnav/pet/hist_xls/RBRTEd.xls
2026-07-02,BRENT,Brent crude,ALL,NOT_APPLICABLE,68.53,110.56792513714102,USD/barrel,U.S. Energy Information Administration,https://www.eia.gov/dnav/pet/hist_xls/RBRTEd.xls
2026-07-03,BRENT,Brent crude,ALL,NOT_APPLICABLE,68.68,110.8099386899,USD/barrel,U.S. Energy Information Administration,https://www.eia.gov/dnav/pet/hist_xls/RBRTEd.xls
2026-07-06,BRENT,Brent crude,ALL,NOT_APPLICABLE,69.56,112.22975153275252,USD/barrel,U.S. Energy Information Administration,https://www.eia.gov/dnav/pet/hist_xls/RBRTEd.xls
2026-07-07,BRENT,Brent crude,ALL,NOT_APPLICABLE,71.78,115.81155211358502,USD/barrel,U.S. Energy Information Administration,https://www.eia.gov/dnav/pet/hist_xls/RBRTEd.xls
2026-07-08,BRENT,Brent crude,ALL,NOT_APPLICABLE,76.5,123.42691190706681,USD/barrel,U.S. Energy Information Administration,https://www.eia.gov/dnav/pet/hist_xls/RBRTEd.xls
2026-07-09,BRENT,Brent crude,ALL,NOT_APPLICABLE,74.46,120.13552758954502,USD/barrel,U.S. Energy Information Administration,https://www.eia.gov/dnav/pet/hist_xls/RBRTEd.xls
2026-07-10,BRENT,Brent crude,ALL,NOT_APPLICABLE,74.34,119.94191674733787,USD/barrel,U.S. Energy Information Administration,https://www.eia.gov/dnav/pet/hist_xls/RBRTEd.xls
2026-07-13,BRENT,Brent crude,ALL,NOT_APPLICABLE,81.62,131.68764117457246,USD/barrel,U.S. Energy Information Administration,https://www.eia.gov/dnav/pet/hist_xls/RBRTEd.xls
2026-07-14,BRENT,Brent crude,ALL,NOT_APPLICABLE,83.69,135.027428202646,USD/barrel,U.S. Energy Information Administration,https://www.eia.gov/dnav/pet/hist_xls/RBRTEd.xls
2026-07-15,BRENT,Brent crude,ALL,NOT_APPLICABLE,83.08,134.0432397547596,USD/barrel,U.S. Energy Information Administration,https://www.eia.gov/dnav/pet/hist_xls/RBRTEd.xls
2026-07-16,BRENT,Brent crude,ALL,NOT_APPLICABLE,81.23,131.05840593739916,USD/barrel,U.S. Energy Information Administration,https://www.eia.gov/dnav/pet/hist_xls/RBRTEd.xls
2026-07-17,BRENT,Brent crude,ALL,NOT_APPLICABLE,85.01,137.1571474669248,USD/barrel,U.S. Energy Information Administration,https://www.eia.gov/dnav/pet/hist_xls/RBRTEd.xls
2026-07-20,BRENT,Brent crude,ALL,NOT_APPLICABLE,86.99,140.351726363343,USD/barrel,U.S. Energy Information Administration,https://www.eia.gov/dnav/pet/hist_xls/RBRTEd.xls
2026-07-21,BRENT,Brent crude,ALL,NOT_APPLICABLE,93.85,151.41981284285254,USD/barrel,U.S. Energy Information Administration,https://www.eia.gov/dnav/pet/hist_xls/RBRTEd.xls
2026-07-22,BRENT,Brent crude,ALL,NOT_APPLICABLE,94.12,151.85543723781868,USD/barrel,U.S. Energy Information Administration,https://www.eia.gov/dnav/pet/hist_xls/RBRTEd.xls
2026-07-23,BRENT,Brent crude,ALL,NOT_APPLICABLE,105.32,169.92578251048724,USD/barrel,U.S. Energy Information Administration,https://www.eia.gov/dnav/pet/hist_xls/RBRTEd.xls
2026-07-24,BRENT,Brent crude,ALL,NOT_APPLICABLE,100.31,161.8425298483382,USD/barrel,U.S. Energy Information Administration,https://www.eia.gov/dnav/pet/hist_xls/RBRTEd.xls
2026-07-27,BRENT,Brent crude,ALL,NOT_APPLICABLE,91.82,148.14456276218135,USD/barrel,U.S. Energy Information Administration,https://www.eia.gov/dnav/pet/hist_xls/RBRTEd.xls
2026-07-28,BRENT,Brent crude,ALL,NOT_APPLICABLE,85.51,137.96385930945468,USD/barrel,U.S. Energy Information Administration,https://www.eia.gov/dnav/pet/hist_xls/RBRTEd.xls
2026-07-29,BRENT,Brent crude,ALL,NOT_APPLICABLE,91.95,148.35430784123912,USD/barrel,U.S. Energy Information Administration,https://www.eia.gov/dnav/pet/hist_xls/RBRTEd.xls
2026-07-30,BRENT,Brent crude,ALL,NOT_APPLICABLE,91.91,148.28977089383673,USD/barrel,U.S. Energy Information Administration,https://www.eia.gov/dnav/pet/hist_xls/RBRTEd.xls
2026-07-31,BRENT,Brent crude,ALL,NOT_APPLICABLE,96.95,156.42142626653762,USD/barrel,U.S. Energy Information Administration,https://www.eia.gov/dnav/pet/hist_xls/RBRTEd.xls
2026-08-03,BRENT,Brent crude,ALL,NOT_APPLICABLE,88.9,143.43336560180705,USD/barrel,U.S. Energy Information Administration,https://www.eia.gov/dnav/pet/hist_xls/RBRTEd.xls
2026-08-04,BRENT,Brent crude,ALL,NOT_APPLICABLE,86.47,139.51274604711196,USD/barrel,U.S. Energy Information Administration,https://www.eia.gov/dnav/pet/hist_xls/RBRTEd.xls
2026-08-05,BRENT,Brent crude,ALL,NOT_APPLICABLE,86.65,139.80316231042275,USD/barrel,U.S. Energy Information Administration,https://www.eia.gov/dnav/pet/hist_xls/RBRTEd.xls
2026-08-06,BRENT,Brent crude,ALL,NOT_APPLICABLE,89.65,144.64343336560182,USD/barrel,U.S. Energy Information Administration,https://www.eia.gov/dnav/pet/hist_xls/RBRTEd.xls
2026-08-07,BRENT,Brent crude,ALL,NOT_APPLICABLE,87.62,141.36818328493064,USD/barrel,U.S. Energy Information Administration,https://www.eia.gov/dnav/pet/hist_xls/RBRTEd.xls
2026-08-10,BRENT,Brent crude,ALL,NOT_APPLICABLE,92.74,149.62891255243628,USD/barrel,U.S. Energy Information Administration,https://www.eia.gov/dnav/pet/hist_xls/RBRTEd.xls
2026-08-11,BRENT,Brent crude,ALL,NOT_APPLICABLE,93.26,150.46789286866732,USD/barrel,U.S. Energy Information Administration,https://www.eia.gov/dnav/pet/hist_xls/RBRTEd.xls
2026-08-12,BRENT,Brent crude,ALL,NOT_APPLICABLE,92.52,149.27395934172313,USD/barrel,U.S. Energy Information Administration,https://www.eia.gov/dnav/pet/hist_xls/RBRTEd.xls
2026-08-13,BRENT,Brent crude,ALL,NOT_APPLICABLE,92.03,148.4833817360439,USD/barrel,U.S. Energy Information Administration,https://www.eia.gov/dnav/pet/hist_xls/RBRTEd.xls
2026-08-14,BRENT,Brent crude,ALL,NOT_APPLICABLE,92.02,148.4672474991933,USD/barrel,U.S. Energy Information Administration,https://www.eia.gov/dnav/pet/hist_xls/RBRTEd.xls
2026-08-17,BRENT,Brent crude,ALL,NOT_APPLICABLE,92.43,149.12875121006778,USD/barrel,U.S. Energy Information Administration,https://www.eia.gov/dnav/pet/hist_xls/RBRTEd.xls
2026-08-18,BRENT,Brent crude,ALL,NOT_APPLICABLE,95.29,153.7431429493385,USD/barrel,U.S. Energy Information Administration,https://www.eia.gov/dnav/pet/hist_xls/RBRTEd.xls
2026-01-05,DIESEL_WITHOUT_TAX,Diesel excl. taxes,DIESEL,WITHOUT_TAX,0.775363025210084,100.0,EUR/litre,European Commission Weekly Oil Bulletin,https://energy.ec.europa.eu/document/download/906e60ca-8b6a-44e7-8589-652854d2fd3f_en?filename=Weekly_Oil_Bulletin_Prices_History_maticni_4web.xlsx
2026-01-12,DIESEL_WITHOUT_TAX,Diesel excl. taxes,DIESEL,WITHOUT_TAX,0.7812453781512604,100.75865791247686,EUR/litre,European Commission Weekly Oil Bulletin,https://energy.ec.europa.eu/document/download/906e60ca-8b6a-44e7-8589-652854d2fd3f_en?filename=Weekly_Oil_Bulletin_Prices_History_maticni_4web.xlsx
2026-01-19,DIESEL_WITHOUT_TAX,Diesel excl. taxes,DIESEL,WITHOUT_TAX,0.7913294117647058,102.05921433386582,EUR/litre,European Commission Weekly Oil Bulletin,https://energy.ec.europa.eu/document/download/906e60ca-8b6a-44e7-8589-652854d2fd3f_en?filename=Weekly_Oil_Bulletin_Prices_History_maticni_4web.xlsx
2026-01-26,DIESEL_WITHOUT_TAX,Diesel excl. taxes,DIESEL,WITHOUT_TAX,0.90299,116.46028642587586,EUR/litre,European Commission Weekly Oil Bulletin,https://energy.ec.europa.eu/document/download/906e60ca-8b6a-44e7-8589-652854d2fd3f_en?filename=Weekly_Oil_Bulletin_Prices_History_maticni_4web.xlsx
2026-02-02,DIESEL_WITHOUT_TAX,Diesel excl. taxes,DIESEL,WITHOUT_TAX,0.90714,116.9955195831283,EUR/litre,European Commission Weekly Oil Bulletin,https://energy.ec.europa.eu/document/download/906e60ca-8b6a-44e7-8589-652854d2fd3f_en?filename=Weekly_Oil_Bulletin_Prices_History_maticni_4web.xlsx
2026-02-09,DIESEL_WITHOUT_TAX,Diesel excl. taxes,DIESEL,WITHOUT_TAX,0.80814,104.22730691614228,EUR/litre,European Commission Weekly Oil Bulletin,https://energy.ec.europa.eu/document/download/906e60ca-8b6a-44e7-8589-652854d2fd3f_en?filename=Weekly_Oil_Bulletin_Prices_History_maticni_4web.xlsx
2026-02-16,DIESEL_WITHOUT_TAX,Diesel excl. taxes,DIESEL,WITHOUT_TAX,0.80562,103.90229786643718,EUR/litre,European Commission Weekly Oil Bulletin,https://energy.ec.europa.eu/document/download/906e60ca-8b6a-44e7-8589-652854d2fd3f_en?filename=Weekly_Oil_Bulletin_Prices_History_maticni_4web.xlsx
2026-02-23,DIESEL_WITHOUT_TAX,Diesel excl. taxes,DIESEL,WITHOUT_TAX,0.8241025210084033,106.28602270337993,EUR/litre,European Commission Weekly Oil Bulletin,https://energy.ec.europa.eu/document/download/906e60ca-8b6a-44e7-8589-652854d2fd3f_en?filename=Weekly_Oil_Bulletin_Prices_History_maticni_4web.xlsx
2026-03-02,DIESEL_WITHOUT_TAX,Diesel excl. taxes,DIESEL,WITHOUT_TAX,0.890489075630252,114.84801914419052,EUR/litre,European Commission Weekly Oil Bulletin,https://energy.ec.europa.eu/document/download/906e60ca-8b6a-44e7-8589-652854d2fd3f_en?filename=Weekly_Oil_Bulletin_Prices_History_maticni_4web.xlsx
2026-03-09,DIESEL_WITHOUT_TAX,Diesel excl. taxes,DIESEL,WITHOUT_TAX,1.1854470588235295,152.88929446981734,EUR/litre,European Commission Weekly Oil Bulletin,https://energy.ec.europa.eu/document/download/906e60ca-8b6a-44e7-8589-652854d2fd3f_en?filename=Weekly_Oil_Bulletin_Prices_History_maticni_4web.xlsx
2026-03-16,DIESEL_WITHOUT_TAX,Diesel excl. taxes,DIESEL,WITHOUT_TAX,1.171161344537815,151.04683953951633,EUR/litre,European Commission Weekly Oil Bulletin,https://energy.ec.europa.eu/document/download/906e60ca-8b6a-44e7-8589-652854d2fd3f_en?filename=Weekly_Oil_Bulletin_Prices_History_maticni_4web.xlsx
2026-03-23,DIESEL_WITHOUT_TAX,Diesel excl. taxes,DIESEL,WITHOUT_TAX,1.298052100840336,167.41217450866063,EUR/litre,European Commission Weekly Oil Bulletin,https://energy.ec.europa.eu/document/download/906e60ca-8b6a-44e7-8589-652854d2fd3f_en?filename=Weekly_Oil_Bulletin_Prices_History_maticni_4web.xlsx
2026-03-30,DIESEL_WITHOUT_TAX,Diesel excl. taxes,DIESEL,WITHOUT_TAX,1.2888084033613445,166.21999778905408,EUR/litre,European Commission Weekly Oil Bulletin,https://energy.ec.europa.eu/document/download/906e60ca-8b6a-44e7-8589-652854d2fd3f_en?filename=Weekly_Oil_Bulletin_Prices_History_maticni_4web.xlsx
2026-04-06,DIESEL_WITHOUT_TAX,Diesel excl. taxes,DIESEL,WITHOUT_TAX,1.4131781512605042,182.26019365285114,EUR/litre,European Commission Weekly Oil Bulletin,https://energy.ec.europa.eu/document/download/906e60ca-8b6a-44e7-8589-652854d2fd3f_en?filename=Weekly_Oil_Bulletin_Prices_History_maticni_4web.xlsx
2026-04-13,DIESEL_WITHOUT_TAX,Diesel excl. taxes,DIESEL,WITHOUT_TAX,1.279564705882353,165.02782106944753,EUR/litre,European Commission Weekly Oil Bulletin,https://energy.ec.europa.eu/document/download/906e60ca-8b6a-44e7-8589-652854d2fd3f_en?filename=Weekly_Oil_Bulletin_Prices_History_maticni_4web.xlsx
2026-04-20,DIESEL_WITHOUT_TAX,Diesel excl. taxes,DIESEL,WITHOUT_TAX,1.160236974789916,149.63790341634495,EUR/litre,European Commission Weekly Oil Bulletin,https://energy.ec.europa.eu/document/download/906e60ca-8b6a-44e7-8589-652854d2fd3f_en?filename=Weekly_Oil_Bulletin_Prices_History_maticni_4web.xlsx
2026-04-27,DIESEL_WITHOUT_TAX,Diesel excl. taxes,DIESEL,WITHOUT_TAX,1.2005731092436975,154.84012910190077,EUR/litre,European Commission Weekly Oil Bulletin,https://energy.ec.europa.eu/document/download/906e60ca-8b6a-44e7-8589-652854d2fd3f_en?filename=Weekly_Oil_Bulletin_Prices_History_maticni_4web.xlsx
2026-05-04,DIESEL_WITHOUT_TAX,Diesel excl. taxes,DIESEL,WITHOUT_TAX,1.2628218487394955,162.86846389113472,EUR/litre,European Commission Weekly Oil Bulletin,https://energy.ec.europa.eu/document/download/906e60ca-8b6a-44e7-8589-652854d2fd3f_en?filename=Weekly_Oil_Bulletin_Prices_History_maticni_4web.xlsx
2026-05-11,DIESEL_WITHOUT_TAX,Diesel excl. taxes,DIESEL,WITHOUT_TAX,1.1636621848739497,150.0796590808101,EUR/litre,European Commission Weekly Oil Bulletin,https://energy.ec.europa.eu/document/download/906e60ca-8b6a-44e7-8589-652854d2fd3f_en?filename=Weekly_Oil_Bulletin_Prices_History_maticni_4web.xlsx
2026-05-18,DIESEL_WITHOUT_TAX,Diesel excl. taxes,DIESEL,WITHOUT_TAX,1.1653428571428572,150.29641848437493,EUR/litre,European Commission Weekly Oil Bulletin,https://energy.ec.europa.eu/document/download/906e60ca-8b6a-44e7-8589-652854d2fd3f_en?filename=Weekly_Oil_Bulletin_Prices_History_maticni_4web.xlsx
2026-05-25,DIESEL_WITHOUT_TAX,Diesel excl. taxes,DIESEL,WITHOUT_TAX,1.135090756302521,146.39474922020804,EUR/litre,European Commission Weekly Oil Bulletin,https://energy.ec.europa.eu/document/download/906e60ca-8b6a-44e7-8589-652854d2fd3f_en?filename=Weekly_Oil_Bulletin_Prices_History_maticni_4web.xlsx
2026-06-01,DIESEL_WITHOUT_TAX,Diesel excl. taxes,DIESEL,WITHOUT_TAX,1.0712252100840338,138.1578918847447,EUR/litre,European Commission Weekly Oil Bulletin,https://energy.ec.europa.eu/document/download/906e60ca-8b6a-44e7-8589-652854d2fd3f_en?filename=Weekly_Oil_Bulletin_Prices_History_maticni_4web.xlsx
2026-06-08,DIESEL_WITHOUT_TAX,Diesel excl. taxes,DIESEL,WITHOUT_TAX,1.0796285714285714,139.2416889025688,EUR/litre,European Commission Weekly Oil Bulletin,https://energy.ec.europa.eu/document/download/906e60ca-8b6a-44e7-8589-652854d2fd3f_en?filename=Weekly_Oil_Bulletin_Prices_History_maticni_4web.xlsx
2026-06-15,DIESEL_WITHOUT_TAX,Diesel excl. taxes,DIESEL,WITHOUT_TAX,1.0166033613445378,131.11321126888785,EUR/litre,European Commission Weekly Oil Bulletin,https://energy.ec.europa.eu/document/download/906e60ca-8b6a-44e7-8589-652854d2fd3f_en?filename=Weekly_Oil_Bulletin_Prices_History_maticni_4web.xlsx
2026-06-22,DIESEL_WITHOUT_TAX,Diesel excl. taxes,DIESEL,WITHOUT_TAX,0.9611411764705882,123.96015095124864,EUR/litre,European Commission Weekly Oil Bulletin,https://energy.ec.europa.eu/document/download/906e60ca-8b6a-44e7-8589-652854d2fd3f_en?filename=Weekly_Oil_Bulletin_Prices_History_maticni_4web.xlsx
2026-06-29,DIESEL_WITHOUT_TAX,Diesel excl. taxes,DIESEL,WITHOUT_TAX,0.9897126050420167,127.64506081185066,EUR/litre,European Commission Weekly Oil Bulletin,https://energy.ec.europa.eu/document/download/906e60ca-8b6a-44e7-8589-652854d2fd3f_en?filename=Weekly_Oil_Bulletin_Prices_History_maticni_4web.xlsx
2026-07-06,DIESEL_WITHOUT_TAX,Diesel excl. taxes,DIESEL,WITHOUT_TAX,0.98797,127.42031382426448,EUR/litre,European Commission Weekly Oil Bulletin,https://energy.ec.europa.eu/document/download/906e60ca-8b6a-44e7-8589-652854d2fd3f_en?filename=Weekly_Oil_Bulletin_Prices_History_maticni_4web.xlsx
2026-07-13,DIESEL_WITHOUT_TAX,Diesel excl. taxes,DIESEL,WITHOUT_TAX,1.06108,136.84944542106598,EUR/litre,European Commission Weekly Oil Bulletin,https://energy.ec.europa.eu/document/download/906e60ca-8b6a-44e7-8589-652854d2fd3f_en?filename=Weekly_Oil_Bulletin_Prices_History_maticni_4web.xlsx
2026-07-20,DIESEL_WITHOUT_TAX,Diesel excl. taxes,DIESEL,WITHOUT_TAX,1.1812453781512604,152.34739596090526,EUR/litre,European Commission Weekly Oil Bulletin,https://energy.ec.europa.eu/document/download/906e60ca-8b6a-44e7-8589-652854d2fd3f_en?filename=Weekly_Oil_Bulletin_Prices_History_maticni_4web.xlsx
2026-07-27,DIESEL_WITHOUT_TAX,Diesel excl. taxes,DIESEL,WITHOUT_TAX,1.2047747899159662,155.3820276108128,EUR/litre,European Commission Weekly Oil Bulletin,https://energy.ec.europa.eu/document/download/906e60ca-8b6a-44e7-8589-652854d2fd3f_en?filename=Weekly_Oil_Bulletin_Prices_History_maticni_4web.xlsx
2026-08-03,DIESEL_WITHOUT_TAX,Diesel excl. taxes,DIESEL,WITHOUT_TAX,1.2232621848739496,157.7663810500259,EUR/litre,European Commission Weekly Oil Bulletin,https://energy.ec.europa.eu/document/download/906e60ca-8b6a-44e7-8589-652854d2fd3f_en?filename=Weekly_Oil_Bulletin_Prices_History_maticni_4web.xlsx
2026-08-10,DIESEL_WITHOUT_TAX,Diesel excl. taxes,DIESEL,WITHOUT_TAX,1.1736823529411764,151.37197864486356,EUR/litre,European Commission Weekly Oil Bulletin,https://energy.ec.europa.eu/document/download/906e60ca-8b6a-44e7-8589-652854d2fd3f_en?filename=Weekly_Oil_Bulletin_Prices_History_maticni_4web.xlsx
2026-08-17,DIESEL_WITHOUT_TAX,Diesel excl. taxes,DIESEL,WITHOUT_TAX,1.2720016806722687,164.0524037534058,EUR/litre,European Commission Weekly Oil Bulletin,https://energy.ec.europa.eu/document/download/906e60ca-8b6a-44e7-8589-652854d2fd3f_en?filename=Weekly_Oil_Bulletin_Prices_History_maticni_4web.xlsx
2026-01-05,DIESEL_WITH_TAX,Diesel incl. taxes,DIESEL,WITH_TAX,1.675,100.0,EUR/litre,European Commission Weekly Oil Bulletin,https://energy.ec.europa.eu/document/download/906e60ca-8b6a-44e7-8589-652854d2fd3f_en?filename=Weekly_Oil_Bulletin_Prices_History_maticni_4web.xlsx
2026-01-12,DIESEL_WITH_TAX,Diesel incl. taxes,DIESEL,WITH_TAX,1.682,100.41791044776119,EUR/litre,European Commission Weekly Oil Bulletin,https://energy.ec.europa.eu/document/download/906e60ca-8b6a-44e7-8589-652854d2fd3f_en?filename=Weekly_Oil_Bulletin_Prices_History_maticni_4web.xlsx
2026-01-19,DIESEL_WITH_TAX,Diesel incl. taxes,DIESEL,WITH_TAX,1.694,101.13432835820895,EUR/litre,European Commission Weekly Oil Bulletin,https://energy.ec.europa.eu/document/download/906e60ca-8b6a-44e7-8589-652854d2fd3f_en?filename=Weekly_Oil_Bulletin_Prices_History_maticni_4web.xlsx
2026-01-26,DIESEL_WITH_TAX,Diesel incl. taxes,DIESEL,WITH_TAX,1.696,101.25373134328358,EUR/litre,European Commission Weekly Oil Bulletin,https://energy.ec.europa.eu/document/download/906e60ca-8b6a-44e7-8589-652854d2fd3f_en?filename=Weekly_Oil_Bulletin_Prices_History_maticni_4web.xlsx
2026-02-02,DIESEL_WITH_TAX,Diesel incl. taxes,DIESEL,WITH_TAX,1.722,102.80597014925372,EUR/litre,European Commission Weekly Oil Bulletin,https://energy.ec.europa.eu/document/download/906e60ca-8b6a-44e7-8589-652854d2fd3f_en?filename=Weekly_Oil_Bulletin_Prices_History_maticni_4web.xlsx
2026-02-09,DIESEL_WITH_TAX,Diesel incl. taxes,DIESEL,WITH_TAX,1.714,102.32835820895522,EUR/litre,European Commission Weekly Oil Bulletin,https://energy.ec.europa.eu/document/download/906e60ca-8b6a-44e7-8589-652854d2fd3f_en?filename=Weekly_Oil_Bulletin_Prices_History_maticni_4web.xlsx
2026-02-16,DIESEL_WITH_TAX,Diesel incl. taxes,DIESEL,WITH_TAX,1.711,102.1492537313433,EUR/litre,European Commission Weekly Oil Bulletin,https://energy.ec.europa.eu/document/download/906e60ca-8b6a-44e7-8589-652854d2fd3f_en?filename=Weekly_Oil_Bulletin_Prices_History_maticni_4web.xlsx
2026-02-23,DIESEL_WITH_TAX,Diesel incl. taxes,DIESEL,WITH_TAX,1.733,103.46268656716417,EUR/litre,European Commission Weekly Oil Bulletin,https://energy.ec.europa.eu/document/download/906e60ca-8b6a-44e7-8589-652854d2fd3f_en?filename=Weekly_Oil_Bulletin_Prices_History_maticni_4web.xlsx
2026-03-02,DIESEL_WITH_TAX,Diesel incl. taxes,DIESEL,WITH_TAX,1.812,108.17910447761194,EUR/litre,European Commission Weekly Oil Bulletin,https://energy.ec.europa.eu/document/download/906e60ca-8b6a-44e7-8589-652854d2fd3f_en?filename=Weekly_Oil_Bulletin_Prices_History_maticni_4web.xlsx
2026-03-09,DIESEL_WITH_TAX,Diesel incl. taxes,DIESEL,WITH_TAX,2.163,129.13432835820896,EUR/litre,European Commission Weekly Oil Bulletin,https://energy.ec.europa.eu/document/download/906e60ca-8b6a-44e7-8589-652854d2fd3f_en?filename=Weekly_Oil_Bulletin_Prices_History_maticni_4web.xlsx
2026-03-16,DIESEL_WITH_TAX,Diesel incl. taxes,DIESEL,WITH_TAX,2.146,128.11940298507463,EUR/litre,European Commission Weekly Oil Bulletin,https://energy.ec.europa.eu/document/download/906e60ca-8b6a-44e7-8589-652854d2fd3f_en?filename=Weekly_Oil_Bulletin_Prices_History_maticni_4web.xlsx
2026-03-23,DIESEL_WITH_TAX,Diesel incl. taxes,DIESEL,WITH_TAX,2.297,137.13432835820896,EUR/litre,European Commission Weekly Oil Bulletin,https://energy.ec.europa.eu/document/download/906e60ca-8b6a-44e7-8589-652854d2fd3f_en?filename=Weekly_Oil_Bulletin_Prices_History_maticni_4web.xlsx
2026-03-30,DIESEL_WITH_TAX,Diesel incl. taxes,DIESEL,WITH_TAX,2.286,136.47761194029852,EUR/litre,European Commission Weekly Oil Bulletin,https://energy.ec.europa.eu/document/download/906e60ca-8b6a-44e7-8589-652854d2fd3f_en?filename=Weekly_Oil_Bulletin_Prices_History_maticni_4web.xlsx
2026-04-06,DIESEL_WITH_TAX,Diesel incl. taxes,DIESEL,WITH_TAX,2.434,145.3134328358209,EUR/litre,European Commission Weekly Oil Bulletin,https://energy.ec.europa.eu/document/download/906e60ca-8b6a-44e7-8589-652854d2fd3f_en?filename=Weekly_Oil_Bulletin_Prices_History_maticni_4web.xlsx
2026-04-13,DIESEL_WITH_TAX,Diesel incl. taxes,DIESEL,WITH_TAX,2.275,135.82089552238804,EUR/litre,European Commission Weekly Oil Bulletin,https://energy.ec.europa.eu/document/download/906e60ca-8b6a-44e7-8589-652854d2fd3f_en?filename=Weekly_Oil_Bulletin_Prices_History_maticni_4web.xlsx
2026-04-20,DIESEL_WITH_TAX,Diesel incl. taxes,DIESEL,WITH_TAX,2.133,127.34328358208955,EUR/litre,European Commission Weekly Oil Bulletin,https://energy.ec.europa.eu/document/download/906e60ca-8b6a-44e7-8589-652854d2fd3f_en?filename=Weekly_Oil_Bulletin_Prices_History_maticni_4web.xlsx
2026-04-27,DIESEL_WITH_TAX,Diesel incl. taxes,DIESEL,WITH_TAX,2.181,130.2089552238806,EUR/litre,European Commission Weekly Oil Bulletin,https://energy.ec.europa.eu/document/download/906e60ca-8b6a-44e7-8589-652854d2fd3f_en?filename=Weekly_Oil_Bulletin_Prices_History_maticni_4web.xlsx
2026-05-04,DIESEL_WITH_TAX,Diesel incl. taxes,DIESEL,WITH_TAX,2.088,124.65671641791045,EUR/litre,European Commission Weekly Oil Bulletin,https://energy.ec.europa.eu/document/download/906e60ca-8b6a-44e7-8589-652854d2fd3f_en?filename=Weekly_Oil_Bulletin_Prices_History_maticni_4web.xlsx
2026-05-11,DIESEL_WITH_TAX,Diesel incl. taxes,DIESEL,WITH_TAX,1.97,117.61194029850745,EUR/litre,European Commission Weekly Oil Bulletin,https://energy.ec.europa.eu/document/download/906e60ca-8b6a-44e7-8589-652854d2fd3f_en?filename=Weekly_Oil_Bulletin_Prices_History_maticni_4web.xlsx
2026-05-18,DIESEL_WITH_TAX,Diesel incl. taxes,DIESEL,WITH_TAX,1.972,117.73134328358208,EUR/litre,European Commission Weekly Oil Bulletin,https://energy.ec.europa.eu/document/download/906e60ca-8b6a-44e7-8589-652854d2fd3f_en?filename=Weekly_Oil_Bulletin_Prices_History_maticni_4web.xlsx
2026-05-25,DIESEL_WITH_TAX,Diesel incl. taxes,DIESEL,WITH_TAX,1.936,115.58208955223881,EUR/litre,European Commission Weekly Oil Bulletin,https://energy.ec.europa.eu/document/download/906e60ca-8b6a-44e7-8589-652854d2fd3f_en?filename=Weekly_Oil_Bulletin_Prices_History_maticni_4web.xlsx
2026-06-01,DIESEL_WITH_TAX,Diesel incl. taxes,DIESEL,WITH_TAX,1.86,111.04477611940298,EUR/litre,European Commission Weekly Oil Bulletin,https://energy.ec.europa.eu/document/download/906e60ca-8b6a-44e7-8589-652854d2fd3f_en?filename=Weekly_Oil_Bulletin_Prices_History_maticni_4web.xlsx
2026-06-08,DIESEL_WITH_TAX,Diesel incl. taxes,DIESEL,WITH_TAX,1.87,111.64179104477611,EUR/litre,European Commission Weekly Oil Bulletin,https://energy.ec.europa.eu/document/download/906e60ca-8b6a-44e7-8589-652854d2fd3f_en?filename=Weekly_Oil_Bulletin_Prices_History_maticni_4web.xlsx
2026-06-15,DIESEL_WITH_TAX,Diesel incl. taxes,DIESEL,WITH_TAX,1.795,107.1641791044776,EUR/litre,European Commission Weekly Oil Bulletin,https://energy.ec.europa.eu/document/download/906e60ca-8b6a-44e7-8589-652854d2fd3f_en?filename=Weekly_Oil_Bulletin_Prices_History_maticni_4web.xlsx
2026-06-22,DIESEL_WITH_TAX,Diesel incl. taxes,DIESEL,WITH_TAX,1.729,103.22388059701493,EUR/litre,European Commission Weekly Oil Bulletin,https://energy.ec.europa.eu/document/download/906e60ca-8b6a-44e7-8589-652854d2fd3f_en?filename=Weekly_Oil_Bulletin_Prices_History_maticni_4web.xlsx
2026-06-29,DIESEL_WITH_TAX,Diesel incl. taxes,DIESEL,WITH_TAX,1.763,105.25373134328358,EUR/litre,European Commission Weekly Oil Bulletin,https://energy.ec.europa.eu/document/download/906e60ca-8b6a-44e7-8589-652854d2fd3f_en?filename=Weekly_Oil_Bulletin_Prices_History_maticni_4web.xlsx
2026-07-06,DIESEL_WITH_TAX,Diesel incl. taxes,DIESEL,WITH_TAX,1.928,115.1044776119403,EUR/litre,European Commission Weekly Oil Bulletin,https://energy.ec.europa.eu/document/download/906e60ca-8b6a-44e7-8589-652854d2fd3f_en?filename=Weekly_Oil_Bulletin_Prices_History_maticni_4web.xlsx
2026-07-13,DIESEL_WITH_TAX,Diesel incl. taxes,DIESEL,WITH_TAX,2.015,120.29850746268657,EUR/litre,European Commission Weekly Oil Bulletin,https://energy.ec.europa.eu/document/download/906e60ca-8b6a-44e7-8589-652854d2fd3f_en?filename=Weekly_Oil_Bulletin_Prices_History_maticni_4web.xlsx
2026-07-20,DIESEL_WITH_TAX,Diesel incl. taxes,DIESEL,WITH_TAX,2.158,128.8358208955224,EUR/litre,European Commission Weekly Oil Bulletin,https://energy.ec.europa.eu/document/download/906e60ca-8b6a-44e7-8589-652854d2fd3f_en?filename=Weekly_Oil_Bulletin_Prices_History_maticni_4web.xlsx
2026-07-27,DIESEL_WITH_TAX,Diesel incl. taxes,DIESEL,WITH_TAX,2.186,130.50746268656718,EUR/litre,European Commission Weekly Oil Bulletin,https://energy.ec.europa.eu/document/download/906e60ca-8b6a-44e7-8589-652854d2fd3f_en?filename=Weekly_Oil_Bulletin_Prices_History_maticni_4web.xlsx
2026-08-03,DIESEL_WITH_TAX,Diesel incl. taxes,DIESEL,WITH_TAX,2.208,131.82089552238807,EUR/litre,European Commission Weekly Oil Bulletin,https://energy.ec.europa.eu/document/download/906e60ca-8b6a-44e7-8589-652854d2fd3f_en?filename=Weekly_Oil_Bulletin_Prices_History_maticni_4web.xlsx
2026-08-10,DIESEL_WITH_TAX,Diesel incl. taxes,DIESEL,WITH_TAX,2.149,128.29850746268656,EUR/litre,European Commission Weekly Oil Bulletin,https://energy.ec.europa.eu/document/download/906e60ca-8b6a-44e7-8589-652854d2fd3f_en?filename=Weekly_Oil_Bulletin_Prices_History_maticni_4web.xlsx
2026-08-17,DIESEL_WITH_TAX,Diesel incl. taxes,DIESEL,WITH_TAX,2.266,135.28358208955225,EUR/litre,European Commission Weekly Oil Bulletin,https://energy.ec.europa.eu/document/download/906e60ca-8b6a-44e7-8589-652854d2fd3f_en?filename=Weekly_Oil_Bulletin_Prices_History_maticni_4web.xlsx
2026-01-05,PETROL_WITHOUT_TAX,Petrol Euro 95 excl. taxes,PETROL,WITHOUT_TAX,0.6930983193277311,100.0,EUR/litre,European Commission Weekly Oil Bulletin,https://energy.ec.europa.eu/document/download/906e60ca-8b6a-44e7-8589-652854d2fd3f_en?filename=Weekly_Oil_Bulletin_Prices_History_maticni_4web.xlsx
2026-01-12,PETROL_WITHOUT_TAX,Petrol Euro 95 excl. taxes,PETROL,WITHOUT_TAX,0.700661344537815,101.09119081653807,EUR/litre,European Commission Weekly Oil Bulletin,https://energy.ec.europa.eu/document/download/906e60ca-8b6a-44e7-8589-652854d2fd3f_en?filename=Weekly_Oil_Bulletin_Prices_History_maticni_4web.xlsx
2026-01-19,PETROL_WITHOUT_TAX,Petrol Euro 95 excl. taxes,PETROL,WITHOUT_TAX,0.7040226890756303,101.57616451277723,EUR/litre,European Commission Weekly Oil Bulletin,https://energy.ec.europa.eu/document/download/906e60ca-8b6a-44e7-8589-652854d2fd3f_en?filename=Weekly_Oil_Bulletin_Prices_History_maticni_4web.xlsx
2026-01-26,PETROL_WITHOUT_TAX,Petrol Euro 95 excl. taxes,PETROL,WITHOUT_TAX,0.70402,101.57577653382023,EUR/litre,European Commission Weekly Oil Bulletin,https://energy.ec.europa.eu/document/download/906e60ca-8b6a-44e7-8589-652854d2fd3f_en?filename=Weekly_Oil_Bulletin_Prices_History_maticni_4web.xlsx
2026-02-02,PETROL_WITHOUT_TAX,Petrol Euro 95 excl. taxes,PETROL,WITHOUT_TAX,0.7099099999999999,102.42558381739768,EUR/litre,European Commission Weekly Oil Bulletin,https://energy.ec.europa.eu/document/download/906e60ca-8b6a-44e7-8589-652854d2fd3f_en?filename=Weekly_Oil_Bulletin_Prices_History_maticni_4web.xlsx
2026-02-09,PETROL_WITHOUT_TAX,Petrol Euro 95 excl. taxes,PETROL,WITHOUT_TAX,0.71327,102.91036352415834,EUR/litre,European Commission Weekly Oil Bulletin,https://energy.ec.europa.eu/document/download/906e60ca-8b6a-44e7-8589-652854d2fd3f_en?filename=Weekly_Oil_Bulletin_Prices_History_maticni_4web.xlsx
2026-02-16,PETROL_WITHOUT_TAX,Petrol Euro 95 excl. taxes,PETROL,WITHOUT_TAX,0.71747,103.51633815760917,EUR/litre,European Commission Weekly Oil Bulletin,https://energy.ec.europa.eu/document/download/906e60ca-8b6a-44e7-8589-652854d2fd3f_en?filename=Weekly_Oil_Bulletin_Prices_History_maticni_4web.xlsx
2026-02-23,PETROL_WITHOUT_TAX,Petrol Euro 95 excl. taxes,PETROL,WITHOUT_TAX,0.7300731092436974,105.33471065863063,EUR/litre,European Commission Weekly Oil Bulletin,https://energy.ec.europa.eu/document/download/906e60ca-8b6a-44e7-8589-652854d2fd3f_en?filename=Weekly_Oil_Bulletin_Prices_History_maticni_4web.xlsx
2026-03-02,PETROL_WITHOUT_TAX,Petrol Euro 95 excl. taxes,PETROL,WITHOUT_TAX,0.7838546218487396,113.09428979845705,EUR/litre,European Commission Weekly Oil Bulletin,https://energy.ec.europa.eu/document/download/906e60ca-8b6a-44e7-8589-652854d2fd3f_en?filename=Weekly_Oil_Bulletin_Prices_History_maticni_4web.xlsx
2026-03-09,PETROL_WITHOUT_TAX,Petrol Euro 95 excl. taxes,PETROL,WITHOUT_TAX,0.9409974789915966,135.76681009763732,EUR/litre,European Commission Weekly Oil Bulletin,https://energy.ec.europa.eu/document/download/906e60ca-8b6a-44e7-8589-652854d2fd3f_en?filename=Weekly_Oil_Bulletin_Prices_History_maticni_4web.xlsx
2026-03-16,PETROL_WITHOUT_TAX,Petrol Euro 95 excl. taxes,PETROL,WITHOUT_TAX,0.9494008403361345,136.97924433823522,EUR/litre,European Commission Weekly Oil Bulletin,https://energy.ec.europa.eu/document/download/906e60ca-8b6a-44e7-8589-652854d2fd3f_en?filename=Weekly_Oil_Bulletin_Prices_History_maticni_4web.xlsx
2026-03-23,PETROL_WITHOUT_TAX,Petrol Euro 95 excl. taxes,PETROL,WITHOUT_TAX,0.9872159663865545,142.43519842092562,EUR/litre,European Commission Weekly Oil Bulletin,https://energy.ec.europa.eu/document/download/906e60ca-8b6a-44e7-8589-652854d2fd3f_en?filename=Weekly_Oil_Bulletin_Prices_History_maticni_4web.xlsx
2026-03-30,PETROL_WITHOUT_TAX,Petrol Euro 95 excl. taxes,PETROL,WITHOUT_TAX,0.9905773109243696,142.92017211716478,EUR/litre,European Commission Weekly Oil Bulletin,https://energy.ec.europa.eu/document/download/906e60ca-8b6a-44e7-8589-652854d2fd3f_en?filename=Weekly_Oil_Bulletin_Prices_History_maticni_4web.xlsx
2026-04-06,PETROL_WITHOUT_TAX,Petrol Euro 95 excl. taxes,PETROL,WITHOUT_TAX,1.0804932773109244,155.89321849156207,EUR/litre,European Commission Weekly Oil Bulletin,https://energy.ec.europa.eu/document/download/906e60ca-8b6a-44e7-8589-652854d2fd3f_en?filename=Weekly_Oil_Bulletin_Prices_History_maticni_4web.xlsx
2026-04-13,PETROL_WITHOUT_TAX,Petrol Euro 95 excl. taxes,PETROL,WITHOUT_TAX,0.9964596638655462,143.7688760855833,EUR/litre,European Commission Weekly Oil Bulletin,https://energy.ec.europa.eu/document/download/906e60ca-8b6a-44e7-8589-652854d2fd3f_en?filename=Weekly_Oil_Bulletin_Prices_History_maticni_4web.xlsx
2026-04-20,PETROL_WITHOUT_TAX,Petrol Euro 95 excl. taxes,PETROL,WITHOUT_TAX,0.9670478991596637,139.5253562434907,EUR/litre,European Commission Weekly Oil Bulletin,https://energy.ec.europa.eu/document/download/906e60ca-8b6a-44e7-8589-652854d2fd3f_en?filename=Weekly_Oil_Bulletin_Prices_History_maticni_4web.xlsx
2026-04-27,PETROL_WITHOUT_TAX,Petrol Euro 95 excl. taxes,PETROL,WITHOUT_TAX,0.9989806722689075,144.13260635776265,EUR/litre,European Commission Weekly Oil Bulletin,https://energy.ec.europa.eu/document/download/906e60ca-8b6a-44e7-8589-652854d2fd3f_en?filename=Weekly_Oil_Bulletin_Prices_History_maticni_4web.xlsx
2026-05-04,PETROL_WITHOUT_TAX,Petrol Euro 95 excl. taxes,PETROL,WITHOUT_TAX,1.0713134453781512,154.56875532713292,EUR/litre,European Commission Weekly Oil Bulletin,https://energy.ec.europa.eu/document/download/906e60ca-8b6a-44e7-8589-652854d2fd3f_en?filename=Weekly_Oil_Bulletin_Prices_History_maticni_4web.xlsx
2026-05-11,PETROL_WITHOUT_TAX,Petrol Euro 95 excl. taxes,PETROL,WITHOUT_TAX,1.0318176470588236,148.87031439632293,EUR/litre,European Commission Weekly Oil Bulletin,https://energy.ec.europa.eu/document/download/906e60ca-8b6a-44e7-8589-652854d2fd3f_en?filename=Weekly_Oil_Bulletin_Prices_History_maticni_4web.xlsx
2026-05-18,PETROL_WITHOUT_TAX,Petrol Euro 95 excl. taxes,PETROL,WITHOUT_TAX,1.0545067226890756,152.14388684593717,EUR/litre,European Commission Weekly Oil Bulletin,https://energy.ec.europa.eu/document/download/906e60ca-8b6a-44e7-8589-652854d2fd3f_en?filename=Weekly_Oil_Bulletin_Prices_History_maticni_4web.xlsx
2026-05-25,PETROL_WITHOUT_TAX,Petrol Euro 95 excl. taxes,PETROL,WITHOUT_TAX,1.0393806722689076,149.96150521286103,EUR/litre,European Commission Weekly Oil Bulletin,https://energy.ec.europa.eu/document/download/906e60ca-8b6a-44e7-8589-652854d2fd3f_en?filename=Weekly_Oil_Bulletin_Prices_History_maticni_4web.xlsx
2026-06-01,PETROL_WITHOUT_TAX,Petrol Euro 95 excl. taxes,PETROL,WITHOUT_TAX,0.9855991596638657,142.20192607303463,EUR/litre,European Commission Weekly Oil Bulletin,https://energy.ec.europa.eu/document/download/906e60ca-8b6a-44e7-8589-652854d2fd3f_en?filename=Weekly_Oil_Bulletin_Prices_History_maticni_4web.xlsx
2026-06-08,PETROL_WITHOUT_TAX,Petrol Euro 95 excl. taxes,PETROL,WITHOUT_TAX,0.9713134453781513,140.14078786401822,EUR/litre,European Commission Weekly Oil Bulletin,https://energy.ec.europa.eu/document/download/906e60ca-8b6a-44e7-8589-652854d2fd3f_en?filename=Weekly_Oil_Bulletin_Prices_History_maticni_4web.xlsx
2026-06-15,PETROL_WITHOUT_TAX,Petrol Euro 95 excl. taxes,PETROL,WITHOUT_TAX,0.9402210084033613,135.65478117380607,EUR/litre,European Commission Weekly Oil Bulletin,https://energy.ec.europa.eu/document/download/906e60ca-8b6a-44e7-8589-652854d2fd3f_en?filename=Weekly_Oil_Bulletin_Prices_History_maticni_4web.xlsx
2026-06-22,PETROL_WITHOUT_TAX,Petrol Euro 95 excl. taxes,PETROL,WITHOUT_TAX,0.9091285714285715,131.16877448359395,EUR/litre,European Commission Weekly Oil Bulletin,https://energy.ec.europa.eu/document/download/906e60ca-8b6a-44e7-8589-652854d2fd3f_en?filename=Weekly_Oil_Bulletin_Prices_History_maticni_4web.xlsx
2026-06-29,PETROL_WITHOUT_TAX,Petrol Euro 95 excl. taxes,PETROL,WITHOUT_TAX,0.934338655462185,134.80607720538757,EUR/litre,European Commission Weekly Oil Bulletin,https://energy.ec.europa.eu/document/download/906e60ca-8b6a-44e7-8589-652854d2fd3f_en?filename=Weekly_Oil_Bulletin_Prices_History_maticni_4web.xlsx
2026-07-06,PETROL_WITHOUT_TAX,Petrol Euro 95 excl. taxes,PETROL,WITHOUT_TAX,0.92671,133.70541727743043,EUR/litre,European Commission Weekly Oil Bulletin,https://energy.ec.europa.eu/document/download/906e60ca-8b6a-44e7-8589-652854d2fd3f_en?filename=Weekly_Oil_Bulletin_Prices_History_maticni_4web.xlsx
2026-07-13,PETROL_WITHOUT_TAX,Petrol Euro 95 excl. taxes,PETROL,WITHOUT_TAX,0.96285,138.91968471860005,EUR/litre,European Commission Weekly Oil Bulletin,https://energy.ec.europa.eu/document/download/906e60ca-8b6a-44e7-8589-652854d2fd3f_en?filename=Weekly_Oil_Bulletin_Prices_History_maticni_4web.xlsx
2026-07-20,PETROL_WITHOUT_TAX,Petrol Euro 95 excl. taxes,PETROL,WITHOUT_TAX,1.039316806722689,149.95229071263245,EUR/litre,European Commission Weekly Oil Bulletin,https://energy.ec.europa.eu/document/download/906e60ca-8b6a-44e7-8589-652854d2fd3f_en?filename=Weekly_Oil_Bulletin_Prices_History_maticni_4web.xlsx
2026-07-27,PETROL_WITHOUT_TAX,Petrol Euro 95 excl. taxes,PETROL,WITHOUT_TAX,1.0384764705882352,149.83104728857265,EUR/litre,European Commission Weekly Oil Bulletin,https://energy.ec.europa.eu/document/download/906e60ca-8b6a-44e7-8589-652854d2fd3f_en?filename=Weekly_Oil_Bulletin_Prices_History_maticni_4web.xlsx
2026-08-03,PETROL_WITHOUT_TAX,Petrol Euro 95 excl. taxes,PETROL,WITHOUT_TAX,1.0325941176470588,148.98234332015417,EUR/litre,European Commission Weekly Oil Bulletin,https://energy.ec.europa.eu/document/download/906e60ca-8b6a-44e7-8589-652854d2fd3f_en?filename=Weekly_Oil_Bulletin_Prices_History_maticni_4web.xlsx
2026-08-10,PETROL_WITHOUT_TAX,Petrol Euro 95 excl. taxes,PETROL,WITHOUT_TAX,0.9981403361344537,144.01136293370286,EUR/litre,European Commission Weekly Oil Bulletin,https://energy.ec.europa.eu/document/download/906e60ca-8b6a-44e7-8589-652854d2fd3f_en?filename=Weekly_Oil_Bulletin_Prices_History_maticni_4web.xlsx
2026-08-17,PETROL_WITHOUT_TAX,Petrol Euro 95 excl. taxes,PETROL,WITHOUT_TAX,1.0788126050420166,155.65073164344244,EUR/litre,European Commission Weekly Oil Bulletin,https://energy.ec.europa.eu/document/download/906e60ca-8b6a-44e7-8589-652854d2fd3f_en?filename=Weekly_Oil_Bulletin_Prices_History_maticni_4web.xlsx
2026-01-05,PETROL_WITH_TAX,Petrol Euro 95 incl. taxes,PETROL,WITH_TAX,1.78,100.0,EUR/litre,European Commission Weekly Oil Bulletin,https://energy.ec.europa.eu/document/download/906e60ca-8b6a-44e7-8589-652854d2fd3f_en?filename=Weekly_Oil_Bulletin_Prices_History_maticni_4web.xlsx
2026-01-12,PETROL_WITH_TAX,Petrol Euro 95 incl. taxes,PETROL,WITH_TAX,1.789,100.50561797752809,EUR/litre,European Commission Weekly Oil Bulletin,https://energy.ec.europa.eu/document/download/906e60ca-8b6a-44e7-8589-652854d2fd3f_en?filename=Weekly_Oil_Bulletin_Prices_History_maticni_4web.xlsx
2026-01-19,PETROL_WITH_TAX,Petrol Euro 95 incl. taxes,PETROL,WITH_TAX,1.793,100.73033707865169,EUR/litre,European Commission Weekly Oil Bulletin,https://energy.ec.europa.eu/document/download/906e60ca-8b6a-44e7-8589-652854d2fd3f_en?filename=Weekly_Oil_Bulletin_Prices_History_maticni_4web.xlsx
2026-01-26,PETROL_WITH_TAX,Petrol Euro 95 incl. taxes,PETROL,WITH_TAX,1.793,100.73033707865169,EUR/litre,European Commission Weekly Oil Bulletin,https://energy.ec.europa.eu/document/download/906e60ca-8b6a-44e7-8589-652854d2fd3f_en?filename=Weekly_Oil_Bulletin_Prices_History_maticni_4web.xlsx
2026-02-02,PETROL_WITH_TAX,Petrol Euro 95 incl. taxes,PETROL,WITH_TAX,1.8,101.12359550561798,EUR/litre,European Commission Weekly Oil Bulletin,https://energy.ec.europa.eu/document/download/906e60ca-8b6a-44e7-8589-652854d2fd3f_en?filename=Weekly_Oil_Bulletin_Prices_History_maticni_4web.xlsx
2026-02-09,PETROL_WITH_TAX,Petrol Euro 95 incl. taxes,PETROL,WITH_TAX,1.804,101.34831460674158,EUR/litre,European Commission Weekly Oil Bulletin,https://energy.ec.europa.eu/document/download/906e60ca-8b6a-44e7-8589-652854d2fd3f_en?filename=Weekly_Oil_Bulletin_Prices_History_maticni_4web.xlsx
2026-02-16,PETROL_WITH_TAX,Petrol Euro 95 incl. taxes,PETROL,WITH_TAX,1.809,101.62921348314606,EUR/litre,European Commission Weekly Oil Bulletin,https://energy.ec.europa.eu/document/download/906e60ca-8b6a-44e7-8589-652854d2fd3f_en?filename=Weekly_Oil_Bulletin_Prices_History_maticni_4web.xlsx
2026-02-23,PETROL_WITH_TAX,Petrol Euro 95 incl. taxes,PETROL,WITH_TAX,1.824,102.47191011235954,EUR/litre,European Commission Weekly Oil Bulletin,https://energy.ec.europa.eu/document/download/906e60ca-8b6a-44e7-8589-652854d2fd3f_en?filename=Weekly_Oil_Bulletin_Prices_History_maticni_4web.xlsx
2026-03-02,PETROL_WITH_TAX,Petrol Euro 95 incl. taxes,PETROL,WITH_TAX,1.888,106.06741573033706,EUR/litre,European Commission Weekly Oil Bulletin,https://energy.ec.europa.eu/document/download/906e60ca-8b6a-44e7-8589-652854d2fd3f_en?filename=Weekly_Oil_Bulletin_Prices_History_maticni_4web.xlsx
2026-03-09,PETROL_WITH_TAX,Petrol Euro 95 incl. taxes,PETROL,WITH_TAX,2.075,116.57303370786518,EUR/litre,European Commission Weekly Oil Bulletin,https://energy.ec.europa.eu/document/download/906e60ca-8b6a-44e7-8589-652854d2fd3f_en?filename=Weekly_Oil_Bulletin_Prices_History_maticni_4web.xlsx
2026-03-16,PETROL_WITH_TAX,Petrol Euro 95 incl. taxes,PETROL,WITH_TAX,2.085,117.13483146067416,EUR/litre,European Commission Weekly Oil Bulletin,https://energy.ec.europa.eu/document/download/906e60ca-8b6a-44e7-8589-652854d2fd3f_en?filename=Weekly_Oil_Bulletin_Prices_History_maticni_4web.xlsx
2026-03-23,PETROL_WITH_TAX,Petrol Euro 95 incl. taxes,PETROL,WITH_TAX,2.13,119.6629213483146,EUR/litre,European Commission Weekly Oil Bulletin,https://energy.ec.europa.eu/document/download/906e60ca-8b6a-44e7-8589-652854d2fd3f_en?filename=Weekly_Oil_Bulletin_Prices_History_maticni_4web.xlsx
2026-03-30,PETROL_WITH_TAX,Petrol Euro 95 incl. taxes,PETROL,WITH_TAX,2.134,119.88764044943821,EUR/litre,European Commission Weekly Oil Bulletin,https://energy.ec.europa.eu/document/download/906e60ca-8b6a-44e7-8589-652854d2fd3f_en?filename=Weekly_Oil_Bulletin_Prices_History_maticni_4web.xlsx
2026-04-06,PETROL_WITH_TAX,Petrol Euro 95 incl. taxes,PETROL,WITH_TAX,2.241,125.89887640449437,EUR/litre,European Commission Weekly Oil Bulletin,https://energy.ec.europa.eu/document/download/906e60ca-8b6a-44e7-8589-652854d2fd3f_en?filename=Weekly_Oil_Bulletin_Prices_History_maticni_4web.xlsx
2026-04-13,PETROL_WITH_TAX,Petrol Euro 95 incl. taxes,PETROL,WITH_TAX,2.141,120.28089887640449,EUR/litre,European Commission Weekly Oil Bulletin,https://energy.ec.europa.eu/document/download/906e60ca-8b6a-44e7-8589-652854d2fd3f_en?filename=Weekly_Oil_Bulletin_Prices_History_maticni_4web.xlsx
2026-04-20,PETROL_WITH_TAX,Petrol Euro 95 incl. taxes,PETROL,WITH_TAX,2.106,118.31460674157302,EUR/litre,European Commission Weekly Oil Bulletin,https://energy.ec.europa.eu/document/download/906e60ca-8b6a-44e7-8589-652854d2fd3f_en?filename=Weekly_Oil_Bulletin_Prices_History_maticni_4web.xlsx
2026-04-27,PETROL_WITH_TAX,Petrol Euro 95 incl. taxes,PETROL,WITH_TAX,2.144,120.44943820224721,EUR/litre,European Commission Weekly Oil Bulletin,https://energy.ec.europa.eu/document/download/906e60ca-8b6a-44e7-8589-652854d2fd3f_en?filename=Weekly_Oil_Bulletin_Prices_History_maticni_4web.xlsx
2026-05-04,PETROL_WITH_TAX,Petrol Euro 95 incl. taxes,PETROL,WITH_TAX,2.063,115.89887640449439,EUR/litre,European Commission Weekly Oil Bulletin,https://energy.ec.europa.eu/document/download/906e60ca-8b6a-44e7-8589-652854d2fd3f_en?filename=Weekly_Oil_Bulletin_Prices_History_maticni_4web.xlsx
2026-05-11,PETROL_WITH_TAX,Petrol Euro 95 incl. taxes,PETROL,WITH_TAX,2.016,113.25842696629213,EUR/litre,European Commission Weekly Oil Bulletin,https://energy.ec.europa.eu/document/download/906e60ca-8b6a-44e7-8589-652854d2fd3f_en?filename=Weekly_Oil_Bulletin_Prices_History_maticni_4web.xlsx
2026-05-18,PETROL_WITH_TAX,Petrol Euro 95 incl. taxes,PETROL,WITH_TAX,2.043,114.7752808988764,EUR/litre,European Commission Weekly Oil Bulletin,https://energy.ec.europa.eu/document/download/906e60ca-8b6a-44e7-8589-652854d2fd3f_en?filename=Weekly_Oil_Bulletin_Prices_History_maticni_4web.xlsx
2026-05-25,PETROL_WITH_TAX,Petrol Euro 95 incl. taxes,PETROL,WITH_TAX,2.025,113.76404494382022,EUR/litre,European Commission Weekly Oil Bulletin,https://energy.ec.europa.eu/document/download/906e60ca-8b6a-44e7-8589-652854d2fd3f_en?filename=Weekly_Oil_Bulletin_Prices_History_maticni_4web.xlsx
2026-06-01,PETROL_WITH_TAX,Petrol Euro 95 incl. taxes,PETROL,WITH_TAX,1.961,110.1685393258427,EUR/litre,European Commission Weekly Oil Bulletin,https://energy.ec.europa.eu/document/download/906e60ca-8b6a-44e7-8589-652854d2fd3f_en?filename=Weekly_Oil_Bulletin_Prices_History_maticni_4web.xlsx
2026-06-08,PETROL_WITH_TAX,Petrol Euro 95 incl. taxes,PETROL,WITH_TAX,1.944,109.2134831460674,EUR/litre,European Commission Weekly Oil Bulletin,https://energy.ec.europa.eu/document/download/906e60ca-8b6a-44e7-8589-652854d2fd3f_en?filename=Weekly_Oil_Bulletin_Prices_History_maticni_4web.xlsx
2026-06-15,PETROL_WITH_TAX,Petrol Euro 95 incl. taxes,PETROL,WITH_TAX,1.907,107.13483146067415,EUR/litre,European Commission Weekly Oil Bulletin,https://energy.ec.europa.eu/document/download/906e60ca-8b6a-44e7-8589-652854d2fd3f_en?filename=Weekly_Oil_Bulletin_Prices_History_maticni_4web.xlsx
2026-06-22,PETROL_WITH_TAX,Petrol Euro 95 incl. taxes,PETROL,WITH_TAX,1.87,105.0561797752809,EUR/litre,European Commission Weekly Oil Bulletin,https://energy.ec.europa.eu/document/download/906e60ca-8b6a-44e7-8589-652854d2fd3f_en?filename=Weekly_Oil_Bulletin_Prices_History_maticni_4web.xlsx
2026-06-29,PETROL_WITH_TAX,Petrol Euro 95 incl. taxes,PETROL,WITH_TAX,1.9,106.74157303370787,EUR/litre,European Commission Weekly Oil Bulletin,https://energy.ec.europa.eu/document/download/906e60ca-8b6a-44e7-8589-652854d2fd3f_en?filename=Weekly_Oil_Bulletin_Prices_History_maticni_4web.xlsx
2026-07-06,PETROL_WITH_TAX,Petrol Euro 95 incl. taxes,PETROL,WITH_TAX,2.058,115.61797752808987,EUR/litre,European Commission Weekly Oil Bulletin,https://energy.ec.europa.eu/document/download/906e60ca-8b6a-44e7-8589-652854d2fd3f_en?filename=Weekly_Oil_Bulletin_Prices_History_maticni_4web.xlsx
2026-07-13,PETROL_WITH_TAX,Petrol Euro 95 incl. taxes,PETROL,WITH_TAX,2.101,118.03370786516854,EUR/litre,European Commission Weekly Oil Bulletin,https://energy.ec.europa.eu/document/download/906e60ca-8b6a-44e7-8589-652854d2fd3f_en?filename=Weekly_Oil_Bulletin_Prices_History_maticni_4web.xlsx
2026-07-20,PETROL_WITH_TAX,Petrol Euro 95 incl. taxes,PETROL,WITH_TAX,2.192,123.14606741573036,EUR/litre,European Commission Weekly Oil Bulletin,https://energy.ec.europa.eu/document/download/906e60ca-8b6a-44e7-8589-652854d2fd3f_en?filename=Weekly_Oil_Bulletin_Prices_History_maticni_4web.xlsx
2026-07-27,PETROL_WITH_TAX,Petrol Euro 95 incl. taxes,PETROL,WITH_TAX,2.191,123.08988764044943,EUR/litre,European Commission Weekly Oil Bulletin,https://energy.ec.europa.eu/document/download/906e60ca-8b6a-44e7-8589-652854d2fd3f_en?filename=Weekly_Oil_Bulletin_Prices_History_maticni_4web.xlsx
2026-08-03,PETROL_WITH_TAX,Petrol Euro 95 incl. taxes,PETROL,WITH_TAX,2.184,122.69662921348315,EUR/litre,European Commission Weekly Oil Bulletin,https://energy.ec.europa.eu/document/download/906e60ca-8b6a-44e7-8589-652854d2fd3f_en?filename=Weekly_Oil_Bulletin_Prices_History_maticni_4web.xlsx
2026-08-10,PETROL_WITH_TAX,Petrol Euro 95 incl. taxes,PETROL,WITH_TAX,2.143,120.39325842696628,EUR/litre,European Commission Weekly Oil Bulletin,https://energy.ec.europa.eu/document/download/906e60ca-8b6a-44e7-8589-652854d2fd3f_en?filename=Weekly_Oil_Bulletin_Prices_History_maticni_4web.xlsx
2026-08-17,PETROL_WITH_TAX,Petrol Euro 95 incl. taxes,PETROL,WITH_TAX,2.239,125.78651685393258,EUR/litre,European Commission Weekly Oil Bulletin,https://energy.ec.europa.eu/document/download/906e60ca-8b6a-44e7-8589-652854d2fd3f_en?filename=Weekly_Oil_Bulletin_Prices_History_maticni_4web.xlsx
